###
#
# Wavefront obj file generated by Volumental
#
###
# Vertices: 2429
#
###

# Vertices: 
v -0.005515 0.015408 0.000020
v 0.011104 0.015521 0.000001
v 0.013167 0.017608 0.000000
v 0.015245 0.017622 0.000084
v -0.013853 0.019498 0.000072
v 0.016558 0.019705 0.000092
v -0.015944 0.021558 0.000074
v 0.019357 0.023871 0.000077
v -0.020142 0.027750 0.000000
v 0.020119 0.028024 0.000092
v -0.022233 0.029810 0.000000
v 0.021392 0.030106 0.000040
v 0.021378 0.032179 0.000000
v -0.024339 0.033943 0.000000
v -0.026473 0.042223 0.000024
v 0.021294 0.044621 0.000000
v -0.026501 0.046370 0.000037
v 0.019202 0.046680 0.000000
v 0.019188 0.048754 0.000000
v 0.017096 0.050813 0.000000
v -0.024494 0.056752 0.000000
v 0.012899 0.057006 0.000000
v 0.002837 0.009244 0.002182
v -0.007564 0.011247 0.001974
v -0.003409 0.011275 0.001328
v 0.000745 0.011303 0.001068
v 0.004900 0.011331 0.001118
v 0.011134 0.011088 0.002198
v -0.011733 0.013292 0.001811
v -0.009656 0.013306 0.001240
v -0.005501 0.013334 0.000610
v -0.001346 0.013362 0.000334
v 0.002809 0.013391 0.000237
v 0.009041 0.013433 0.000522
v 0.013196 0.013461 0.001260
v 0.015275 0.013219 0.002198
v -0.013825 0.015351 0.001324
v -0.009670 0.015380 0.000421
v 0.013182 0.015535 0.000290
v 0.015259 0.015549 0.000827
v 0.017342 0.014807 0.002198
v -0.017994 0.017397 0.002161
v -0.015916 0.017411 0.001126
v -0.013839 0.017425 0.000532
v 0.017322 0.017636 0.000751
v 0.019404 0.016948 0.002198
v -0.018008 0.019470 0.001199
v -0.015930 0.019484 0.000481
v 0.017308 0.019710 0.000153
v 0.019386 0.019724 0.001001
v 0.021298 0.019737 0.002198
v -0.020099 0.021530 0.001446
v -0.018022 0.021544 0.000583
v -0.022191 0.023589 0.001784
v -0.018036 0.023617 0.000146
v 0.021435 0.023885 0.000991
v -0.022205 0.025663 0.000968
v -0.020127 0.025677 0.000242
v 0.021421 0.025959 0.000581
v 0.023498 0.025973 0.001860
v -0.024296 0.027722 0.001297
v -0.022219 0.027736 0.000368
v 0.024441 0.028053 0.002198
v -0.026388 0.029782 0.001966
v -0.024311 0.029796 0.000625
v -0.024325 0.031869 0.000154
v 0.023456 0.032193 0.000781
v 0.025288 0.032206 0.002198
v -0.026416 0.033929 0.000711
v -0.028171 0.033917 0.002198
v -0.028508 0.035988 0.002012
v -0.026430 0.036002 0.000378
v 0.025505 0.036355 0.001943
v -0.028964 0.038059 0.002198
v 0.023413 0.038414 0.000391
v -0.028536 0.040135 0.001520
v 0.025477 0.040502 0.001944
v -0.029227 0.042204 0.002198
v 0.023371 0.044635 0.000876
v 0.025142 0.044647 0.002198
v 0.021279 0.046694 0.000243
v 0.021265 0.048768 0.000624
v 0.023343 0.048782 0.001751
v 0.019174 0.050827 0.000284
v -0.028621 0.052577 0.001419
v -0.029450 0.052571 0.002198
v 0.017082 0.052887 0.000095
v 0.021237 0.052915 0.001653
v -0.028649 0.056724 0.001381
v 0.000774 0.007156 0.003787
v 0.004931 0.006792 0.004305
v -0.007550 0.009173 0.003680
v -0.005473 0.009187 0.003032
v -0.001318 0.009215 0.002355
v 0.007006 0.007210 0.004305
v 0.006992 0.009272 0.002564
v 0.011151 0.008680 0.004305
v -0.011719 0.011218 0.003583
v -0.009642 0.011232 0.002606
v 0.013210 0.011388 0.002709
v 0.013221 0.009699 0.004305
v -0.015888 0.013264 0.004212
v -0.013811 0.013278 0.002727
v 0.017357 0.012499 0.004305
v -0.017979 0.015323 0.003921
v -0.015902 0.015337 0.002222
v 0.019422 0.014314 0.004305
v -0.020071 0.017383 0.004209
v 0.021484 0.016663 0.004305
v -0.020085 0.019456 0.002474
v 0.023396 0.019751 0.004305
v -0.024268 0.023575 0.003834
v 0.023512 0.023899 0.002475
v 0.025074 0.023910 0.004305
v -0.024282 0.025649 0.002256
v 0.025575 0.025987 0.004138
v -0.027064 0.027703 0.004305
v -0.026374 0.027708 0.003188
v -0.028878 0.031838 0.004305
v 0.026872 0.032217 0.004305
v -0.029943 0.035978 0.004305
v 0.027295 0.038440 0.004305
v -0.030407 0.040123 0.004305
v 0.027085 0.042586 0.004305
v 0.026450 0.046729 0.004305
v -0.030742 0.050489 0.004305
v 0.025406 0.050880 0.004305
v 0.023288 0.056858 0.004305
v -0.001290 0.005068 0.006296
v 0.002867 0.004792 0.006411
v -0.007536 0.007099 0.006054
v -0.003381 0.007128 0.004384
v -0.003369 0.005399 0.006411
v 0.007018 0.005475 0.006411
v 0.011162 0.006987 0.006411
v -0.011705 0.009145 0.006206
v 0.013232 0.008063 0.006411
v 0.015301 0.009378 0.006411
v 0.020250 0.013509 0.006411
v -0.019673 0.015312 0.006411
v 0.022150 0.015595 0.006411
v 0.023555 0.017587 0.006411
v -0.022163 0.019442 0.005040
v 0.025559 0.021840 0.006411
v 0.026780 0.025995 0.006411
v -0.028458 0.028654 0.006411
v 0.027612 0.030148 0.006411
v -0.030321 0.033902 0.006411
v 0.028229 0.036373 0.006411
v -0.031037 0.038045 0.006411
v 0.028226 0.040520 0.006411
v 0.027909 0.044666 0.006411
v 0.027312 0.048809 0.006411
v -0.005442 0.004696 0.008517
v -0.003361 0.004095 0.008517
v 0.000798 0.003521 0.008517
v 0.004952 0.003785 0.008517
v 0.009099 0.004934 0.008517
v -0.009610 0.006589 0.008517
v 0.013240 0.006903 0.008517
v 0.015309 0.008268 0.008517
v -0.015874 0.011190 0.007341
v 0.017375 0.009876 0.008517
v -0.017965 0.013250 0.006839
v 0.021504 0.013679 0.008517
v 0.023118 0.015602 0.008517
v -0.022337 0.017367 0.008517
v 0.024477 0.017685 0.008517
v 0.025541 0.019766 0.008517
v 0.026330 0.021845 0.008517
v -0.026345 0.023407 0.008517
v 0.027510 0.026000 0.008517
v -0.028448 0.027229 0.008517
v -0.030283 0.031829 0.008517
v -0.030855 0.033899 0.008517
v 0.028741 0.034303 0.008517
v -0.031517 0.038041 0.008517
v 0.028934 0.038452 0.008517
v 0.028668 0.044671 0.008517
v -0.031809 0.046334 0.008517
v -0.032853 0.056695 0.008517
v 0.000804 0.002636 0.010623
v 0.004958 0.002904 0.010623
v -0.007519 0.004572 0.010623
v -0.003354 0.003166 0.010623
v 0.007032 0.003386 0.010623
v 0.011176 0.005002 0.010623
v -0.013775 0.008129 0.010623
v 0.015314 0.007494 0.010623
v 0.017625 0.009344 0.010623
v -0.017700 0.011178 0.010623
v 0.019921 0.011433 0.010623
v -0.019731 0.013238 0.010623
v 0.023570 0.015460 0.010623
v 0.024997 0.017688 0.010623
v 0.026020 0.019769 0.010623
v 0.027412 0.023926 0.010623
v 0.028613 0.030155 0.010623
v -0.030565 0.031827 0.010623
v -0.031466 0.035968 0.010623
v -0.032158 0.048405 0.010623
v 0.028545 0.052964 0.010623
v 0.028059 0.057108 0.010623
v -0.001270 0.002181 0.012729
v 0.002886 0.002053 0.012729
v 0.007036 0.002778 0.012729
v -0.009599 0.004904 0.012729
v -0.005431 0.003084 0.012729
v 0.009108 0.003510 0.012729
v 0.013249 0.005615 0.012729
v 0.015317 0.007020 0.012729
v -0.015858 0.008924 0.012729
v -0.017948 0.010764 0.012729
v 0.020280 0.011435 0.012729
v -0.020282 0.013234 0.012729
v 0.022228 0.013522 0.012729
v 0.025179 0.017690 0.012729
v -0.024233 0.018413 0.012729
v 0.026185 0.019770 0.012729
v 0.026942 0.021849 0.012729
v -0.028344 0.025621 0.012729
v 0.028025 0.026004 0.012729
v -0.029173 0.027689 0.012729
v -0.030536 0.031827 0.012729
v 0.029267 0.034307 0.012729
v -0.031386 0.035969 0.012729
v -0.003347 0.002085 0.014835
v 0.000812 0.001555 0.014835
v 0.004965 0.001845 0.014835
v -0.007511 0.003409 0.014835
v -0.013768 0.006986 0.014835
v -0.016558 0.009112 0.014835
v 0.017384 0.008518 0.014835
v -0.018691 0.011171 0.014835
v 0.022186 0.013522 0.014835
v 0.023777 0.015607 0.014835
v -0.023666 0.017358 0.014835
v 0.025063 0.017689 0.014835
v -0.026333 0.021739 0.014835
v 0.027441 0.023926 0.014835
v -0.028242 0.025622 0.014835
v 0.028329 0.028079 0.014835
v -0.030699 0.033900 0.014835
v -0.031767 0.046334 0.014835
v 0.029829 0.048826 0.014835
v -0.005426 0.002331 0.016941
v 0.002892 0.001225 0.016941
v 0.007041 0.002034 0.016941
v 0.009113 0.002826 0.016941
v -0.009593 0.004150 0.016941
v 0.013253 0.005121 0.016941
v -0.016624 0.009111 0.016941
v -0.018693 0.011171 0.016941
v -0.022034 0.015296 0.016941
v -0.024759 0.019424 0.016941
v 0.025759 0.019767 0.016941
v -0.026949 0.023557 0.016941
v 0.027671 0.026001 0.016941
v -0.028603 0.027693 0.016941
v -0.030527 0.035974 0.016941
v 0.030056 0.046754 0.016941
v 0.000816 0.000927 0.019047
v 0.004969 0.001239 0.019047
v 0.007044 0.001634 0.021153
v 0.021312 0.013516 0.021153
v -0.028823 0.033912 0.021153
v 0.029445 0.040529 0.021153
v -0.030442 0.046343 0.021153
v 0.030360 0.046756 0.021153
v 0.017383 0.008748 0.023259
v -0.015860 0.009210 0.023259
v 0.025604 0.021840 0.021184
v -0.026566 0.027707 0.023259
v 0.027436 0.032220 0.023259
v 0.028735 0.038450 0.023259
v -0.011680 0.005555 0.025365
v -0.017329 0.011180 0.025365
v 0.020793 0.013513 0.025365
v 0.022991 0.017675 0.025365
v -0.024301 0.023575 0.025365
v 0.000821 0.000238 0.027471
v 0.027729 0.038443 0.027471
v 0.031397 0.052984 0.027471
v 0.004975 0.000353 0.029577
v -0.027935 0.050508 0.029577
v 0.002900 -0.000050 0.031683
v 0.007049 0.000824 0.031683
v 0.011190 0.002978 0.031683
v -0.003337 0.000702 0.033789
v 0.000823 -0.000096 0.033789
v -0.007505 0.002546 0.033789
v 0.013256 0.004602 0.033789
v 0.015320 0.006652 0.033789
v 0.017463 0.009343 0.033789
v -0.016574 0.013259 0.033789
v 0.019866 0.013506 0.033789
v 0.021358 0.017664 0.033789
v 0.002901 -0.000103 0.035895
v 0.004976 0.000181 0.035895
v 0.007049 0.000807 0.035895
v -0.009593 0.004149 0.035895
v 0.011189 0.003105 0.035895
v 0.018445 0.011423 0.035895
v -0.020519 0.025674 0.035895
v -0.023795 0.038094 0.035895
v 0.026794 0.042584 0.035895
v 0.029394 0.050897 0.035895
v -0.001257 0.000262 0.038001
v 0.000822 -0.000015 0.038001
v -0.007506 0.002760 0.038001
v -0.005421 0.001600 0.038001
v -0.010195 0.005008 0.038001
v 0.013253 0.005082 0.038001
v -0.011886 0.007070 0.038001
v 0.015226 0.007254 0.038001
v -0.022247 0.031883 0.036078
v 0.023282 0.034266 0.038001
v -0.025317 0.048452 0.038001
v 0.004974 0.000460 0.040107
v -0.003339 0.000989 0.040107
v 0.007047 0.001136 0.040107
v -0.014100 0.013276 0.040107
v -0.019930 0.029825 0.040107
v 0.021818 0.030109 0.040107
v -0.021984 0.036032 0.040107
v -0.023711 0.042242 0.040107
v 0.025986 0.042579 0.040107
v 0.027488 0.046736 0.040107
v 0.029284 0.052969 0.040107
v -0.026136 0.054667 0.040107
v -0.001260 0.000674 0.042213
v 0.002897 0.000371 0.042213
v -0.005425 0.002204 0.042213
v -0.011742 0.009145 0.042213
v 0.022474 0.034260 0.042213
v -0.022854 0.040174 0.042213
v -0.024997 0.048454 0.042213
v -0.025758 0.052596 0.042213
v 0.000818 0.000654 0.044319
v -0.003344 0.001640 0.044319
v -0.011786 0.011218 0.044319
v -0.015512 0.023635 0.044319
v -0.019299 0.031903 0.044319
v -0.021098 0.036038 0.044319
v -0.024011 0.044313 0.044319
v 0.026440 0.044656 0.044319
v -0.005432 0.003148 0.046425
v 0.017351 0.013489 0.045733
v -0.013240 0.019503 0.046425
v -0.015538 0.025708 0.046425
v -0.018083 0.030481 0.046425
v -0.020935 0.036040 0.046425
v 0.022786 0.036336 0.046425
v -0.022719 0.040175 0.046425
v -0.026106 0.056741 0.046425
v -0.007522 0.005026 0.046993
v 0.021240 0.032178 0.048531
v -0.019808 0.033974 0.048531
v -0.024489 0.044310 0.048531
v 0.027196 0.046734 0.048531
v -0.025503 0.048450 0.048531
v 0.029095 0.052968 0.048531
v 0.000811 0.001688 0.050637
v 0.002889 0.001590 0.050637
v 0.018290 0.019717 0.050637
v -0.016962 0.029846 0.050637
v -0.021107 0.036038 0.050637
v -0.023281 0.040171 0.050637
v -0.026060 0.052594 0.050637
v -0.026013 0.056742 0.050637
v -0.005444 0.005040 0.052528
v -0.003357 0.003604 0.052743
v -0.007536 0.007099 0.051671
v 0.013226 0.009017 0.052743
v 0.015631 0.013478 0.052743
v 0.017285 0.017636 0.052743
v -0.011807 0.021586 0.052743
v -0.013846 0.025719 0.052743
v -0.019910 0.033973 0.052743
v 0.002885 0.002245 0.054850
v 0.007034 0.003051 0.053561
v -0.001276 0.003095 0.054850
v -0.007550 0.009173 0.054657
v -0.008942 0.013311 0.054850
v 0.018723 0.023867 0.054850
v -0.018091 0.031769 0.054850
v -0.021711 0.036034 0.054850
v -0.023118 0.038098 0.054850
v -0.026117 0.046373 0.054850
v -0.026305 0.050519 0.054850
v -0.026130 0.054667 0.054850
v -0.005459 0.007114 0.056714
v -0.012881 0.025726 0.056956
v -0.020183 0.033851 0.056956
v -0.024845 0.040160 0.056956
v -0.026285 0.044298 0.056956
v -0.026696 0.048442 0.056956
v 0.000802 0.003009 0.057574
v 0.004957 0.003037 0.058475
v -0.001285 0.004357 0.059062
v 0.009097 0.005139 0.058090
v -0.003373 0.005989 0.059062
v 0.015259 0.015491 0.059062
v -0.009846 0.021599 0.059062
v 0.017301 0.020706 0.059062
v -0.022272 0.035470 0.059062
v -0.024396 0.038090 0.059062
v -0.027201 0.046365 0.059062
v -0.026859 0.052588 0.059062
v 0.002876 0.003442 0.061168
v 0.007026 0.004299 0.061168
v -0.004875 0.009191 0.061168
v -0.007452 0.017468 0.061168
v -0.014040 0.027792 0.061168
v -0.018088 0.031295 0.061168
v 0.020997 0.032177 0.061168
v 0.022844 0.036337 0.061168
v -0.001290 0.005068 0.061403
v 0.004950 0.004029 0.063274
v -0.003381 0.007128 0.061736
v -0.005487 0.011261 0.062102
v -0.010085 0.023671 0.063274
v -0.024352 0.035850 0.063274
v -0.028375 0.044284 0.063274
v 0.011147 0.009300 0.064743
v -0.011576 0.025735 0.065380
v -0.015997 0.029284 0.065380
v -0.026444 0.038076 0.064116
v -0.027878 0.040140 0.065380
v -0.028560 0.042209 0.065380
v -0.029060 0.046353 0.065380
v 0.029065 0.048821 0.065380
v 0.000788 0.005082 0.065437
v 0.002866 0.005017 0.067486
v -0.001304 0.007142 0.067400
v 0.009083 0.007212 0.067072
v -0.003395 0.009201 0.065829
v -0.005357 0.017482 0.067486
v -0.006215 0.019550 0.067486
v 0.020709 0.032175 0.067486
v -0.024344 0.034642 0.067486
v -0.025834 0.036006 0.067486
v -0.027351 0.038070 0.067486
v -0.028349 0.040137 0.067486
v -0.029318 0.044277 0.067486
v -0.029303 0.048425 0.067486
v 0.004943 0.005111 0.068066
v 0.000779 0.006406 0.069592
v 0.009078 0.007991 0.069592
v -0.003409 0.011275 0.068914
v -0.008766 0.023680 0.069592
v -0.024342 0.034432 0.069592
v -0.029166 0.042205 0.069592
v -0.029611 0.046349 0.069592
v -0.029477 0.048423 0.069592
v -0.028537 0.052577 0.069592
v 0.002858 0.006078 0.071698
v -0.001315 0.008835 0.071698
v -0.003422 0.013140 0.071698
v 0.011128 0.011961 0.071698
v -0.004589 0.017488 0.071698
v -0.005438 0.019556 0.071698
v -0.006733 0.021620 0.071698
v -0.010784 0.025740 0.071698
v -0.026010 0.036005 0.071698
v 0.022298 0.036333 0.071698
v -0.027526 0.038068 0.071698
v -0.028543 0.040135 0.071698
v -0.029516 0.044276 0.071698
v -0.029092 0.050500 0.071698
v 0.004934 0.006385 0.073804
v 0.000772 0.007377 0.073804
v -0.002370 0.011282 0.073804
v -0.005365 0.019556 0.073804
v -0.008510 0.023682 0.073804
v 0.019008 0.030090 0.073804
v -0.029018 0.042206 0.073804
v -0.029303 0.048425 0.073804
v 0.002854 0.006800 0.075910
v 0.007006 0.007198 0.074108
v -0.001322 0.009821 0.075910
v -0.003116 0.013350 0.075910
v -0.006874 0.021619 0.075910
v -0.011066 0.025738 0.075910
v -0.028104 0.040138 0.075910
v 0.027512 0.044663 0.075910
v -0.029189 0.046352 0.075910
v 0.029690 0.048825 0.075910
v -0.028676 0.050503 0.075910
v 0.007001 0.007950 0.078016
v -0.002085 0.011284 0.078016
v 0.009063 0.010233 0.078016
v 0.011114 0.014035 0.078016
v -0.020167 0.031507 0.078016
v -0.024346 0.034976 0.078016
v 0.021761 0.036329 0.078016
v -0.028444 0.042210 0.078016
v 0.031435 0.052984 0.078016
v 0.032542 0.057139 0.078016
v 0.004928 0.007184 0.079653
v -0.003427 0.013827 0.080122
v -0.006078 0.019551 0.080122
v -0.007643 0.021614 0.080122
v 0.014169 0.021762 0.080122
v -0.011971 0.025732 0.080122
v 0.019249 0.032165 0.080122
v 0.000765 0.008409 0.082228
v 0.004927 0.007428 0.082228
v 0.006998 0.008373 0.082228
v -0.001325 0.010210 0.082228
v 0.009060 0.010697 0.082228
v 0.011111 0.014561 0.082228
v 0.002848 0.007612 0.084334
v -0.002234 0.011283 0.084334
v 0.015951 0.025922 0.084334
v -0.018638 0.029834 0.084334
v -0.022890 0.033953 0.084334
v 0.020425 0.034247 0.084334
v -0.024572 0.036015 0.084334
v -0.026698 0.040148 0.084334
v 0.000765 0.008445 0.086440
v 0.004926 0.007541 0.086440
v -0.001323 0.009953 0.086440
v 0.009060 0.010605 0.086440
v 0.011113 0.014244 0.086440
v -0.025559 0.038082 0.086440
v -0.027149 0.044292 0.086440
v 0.030628 0.048831 0.086440
v 0.032771 0.055067 0.086440
v 0.002848 0.007613 0.088546
v -0.004325 0.013342 0.088546
v -0.024382 0.036016 0.088546
v -0.026140 0.040152 0.088546
v 0.028317 0.044668 0.088546
v 0.031616 0.050912 0.088546
v 0.033183 0.057143 0.088546
v 0.006998 0.008360 0.090652
v -0.001320 0.009526 0.090652
v -0.003411 0.011478 0.090652
v -0.009004 0.019531 0.090652
v 0.032265 0.052990 0.090652
v 0.032778 0.055067 0.090652
v 0.000766 0.008226 0.092758
v -0.005503 0.013672 0.092758
v -0.018064 0.027764 0.092752
v 0.030541 0.048831 0.092758
v 0.031408 0.050910 0.092758
v 0.032574 0.055065 0.092758
v 0.032895 0.057141 0.092758
v -0.003407 0.010993 0.094864
v 0.009063 0.010166 0.094864
v 0.011122 0.012895 0.094864
v -0.013696 0.023647 0.094864
v -0.021907 0.031886 0.094864
v -0.024381 0.036016 0.094864
v 0.022358 0.036333 0.094864
v 0.031086 0.050908 0.094864
v 0.031753 0.052986 0.094864
v -0.001319 0.009323 0.096970
v 0.018258 0.028011 0.096970
v -0.025423 0.040156 0.096970
v -0.025233 0.048452 0.096970
v 0.031282 0.052983 0.096970
v 0.032068 0.057136 0.096970
v 0.002847 0.007748 0.099076
v -0.003406 0.010825 0.099076
v 0.009064 0.010098 0.099076
v 0.011125 0.012507 0.099076
v 0.015229 0.019948 0.099076
v -0.024820 0.038087 0.099076
v -0.001318 0.009232 0.101182
v -0.005496 0.012587 0.101182
v -0.007909 0.015392 0.101182
v -0.018059 0.026932 0.101182
v -0.021934 0.031885 0.101182
v -0.024045 0.036018 0.101182
v 0.022446 0.036334 0.101182
v 0.024782 0.040497 0.101182
v 0.030755 0.057127 0.101182
v 0.000767 0.008186 0.103289
v -0.003404 0.010440 0.103289
v 0.013184 0.015142 0.103289
v -0.013110 0.021577 0.103289
v -0.023104 0.033951 0.103289
v -0.024974 0.040159 0.103289
v -0.025089 0.044306 0.103289
v 0.004925 0.007738 0.105395
v -0.005490 0.011743 0.105395
v 0.011127 0.012148 0.105395
v 0.015237 0.018813 0.105395
v -0.020787 0.029820 0.105395
v 0.020550 0.032174 0.105395
v 0.022435 0.036334 0.105395
v -0.025074 0.042232 0.105395
v 0.025304 0.042574 0.105395
v -0.001314 0.008688 0.107501
v 0.002848 0.007557 0.107501
v 0.006997 0.008476 0.107501
v -0.024597 0.038088 0.107501
v -0.024819 0.046381 0.107501
v -0.005485 0.010942 0.109607
v -0.007575 0.012764 0.109607
v 0.011127 0.012185 0.109607
v 0.013185 0.015020 0.109607
v 0.015237 0.018828 0.109607
v -0.014759 0.021566 0.109607
v 0.022221 0.036332 0.109607
v 0.025718 0.046724 0.109607
v 0.000770 0.007746 0.111713
v 0.004925 0.007707 0.111713
v 0.009063 0.010145 0.111713
v 0.018120 0.025936 0.111713
v -0.024191 0.036017 0.111713
v 0.023441 0.040488 0.111713
v 0.026613 0.057099 0.111713
v 0.002849 0.007497 0.113819
v 0.006995 0.008730 0.113819
v -0.025256 0.042231 0.113819
v 0.025172 0.050868 0.113819
v 0.000770 0.007717 0.115925
v 0.004923 0.007965 0.115925
v -0.019283 0.025683 0.115925
v -0.021775 0.029813 0.115925
v 0.021377 0.036327 0.115925
v -0.001311 0.008182 0.118031
v 0.002847 0.007727 0.118031
v 0.006992 0.009272 0.117757
v 0.023344 0.046708 0.118031
v 0.024297 0.057083 0.118031
v 0.002846 0.007911 0.120137
v -0.007563 0.010998 0.120137
v 0.015221 0.021157 0.120137
v 0.021818 0.040477 0.120137
v -0.025559 0.046376 0.120137
v 0.000768 0.007926 0.122243
v 0.004918 0.008777 0.122243
v 0.009051 0.011925 0.122243
v -0.011740 0.014231 0.122243
v 0.011112 0.014360 0.122243
v 0.013169 0.017455 0.122243
v -0.015928 0.019212 0.122243
v -0.020408 0.025675 0.122243
v 0.017266 0.025891 0.122243
v 0.018852 0.030089 0.122243
v 0.020639 0.036322 0.122243
v 0.022968 0.052927 0.122243
v -0.001311 0.008154 0.124349
v -0.005474 0.009434 0.124349
v 0.006984 0.010347 0.124349
v 0.015219 0.021423 0.124349
v 0.021328 0.040474 0.124349
v 0.021894 0.044625 0.124349
v -0.024551 0.065046 0.000000
v 0.004533 0.065243 0.000000
v -0.008058 0.083821 0.000013
v -0.028875 0.089900 0.000000
v -0.010192 0.092101 0.000035
v -0.033058 0.094019 0.000022
v -0.033072 0.096093 0.000000
v -0.035164 0.098152 0.000070
v -0.035178 0.100226 0.000000
v -0.033100 0.100240 0.000000
v -0.035206 0.104373 0.000000
v -0.010376 0.119057 0.000052
v -0.026586 0.058811 0.000325
v -0.029778 0.065011 0.002198
v -0.026628 0.065032 0.000479
v 0.010737 0.069433 0.001595
v -0.028748 0.071238 0.001433
v 0.004491 0.071464 0.000514
v -0.026699 0.075400 0.000570
v 0.006540 0.075625 0.001424
v -0.024635 0.077487 0.000117
v -0.028804 0.079533 0.001135
v 0.000279 0.079730 0.000592
v -0.030896 0.081592 0.001982
v -0.031863 0.083659 0.002198
v -0.026755 0.083694 0.000202
v -0.030924 0.085739 0.001110
v -0.028847 0.085753 0.000414
v -0.033016 0.087799 0.001590
v -0.030952 0.089886 0.000220
v -0.003946 0.090069 0.000588
v -0.035108 0.089942 0.002198
v -0.035135 0.094005 0.000802
v -0.037215 0.094312 0.002198
v -0.037227 0.096065 0.001609
v -0.035149 0.096079 0.000366
v -0.038485 0.098130 0.002198
v -0.037255 0.100212 0.000775
v 0.000138 0.100465 0.001625
v -0.039347 0.102271 0.002145
v -0.037283 0.104359 0.000406
v -0.039983 0.106414 0.002198
v -0.039389 0.108492 0.001426
v -0.037326 0.110579 0.000214
v -0.040847 0.112629 0.002198
v -0.004101 0.112878 0.000735
v -0.039445 0.116786 0.000963
v -0.041970 0.120916 0.002198
v -0.037396 0.120947 0.000145
v -0.000003 0.121201 0.001142
v -0.039488 0.123007 0.000651
v -0.031477 0.058778 0.004305
v 0.014906 0.067387 0.002564
v -0.032217 0.075362 0.004305
v -0.030868 0.077445 0.002608
v -0.032790 0.079506 0.004305
v -0.032973 0.081578 0.003942
v -0.033861 0.083646 0.004305
v 0.006483 0.083919 0.002398
v -0.033001 0.085725 0.002354
v -0.035660 0.087781 0.004305
v 0.004364 0.090126 0.002300
v -0.037191 0.090866 0.004305
v -0.039281 0.096051 0.004305
v -0.040377 0.100191 0.004305
v 0.006328 0.106728 0.003365
v -0.042234 0.110546 0.004305
v -0.043042 0.114688 0.004305
v 0.004180 0.117082 0.002266
v 0.010398 0.119198 0.004171
v -0.044540 0.122972 0.004305
v -0.032537 0.058771 0.006411
v -0.032881 0.067063 0.006411
v 0.019033 0.071563 0.005742
v -0.033456 0.075354 0.006411
v 0.014850 0.075682 0.004345
v -0.034448 0.081568 0.006411
v 0.014807 0.081902 0.005413
v -0.035023 0.083638 0.006411
v -0.036558 0.087775 0.006411
v 0.010610 0.088095 0.004359
v -0.039295 0.093977 0.006411
v -0.041129 0.100185 0.006411
v 0.010525 0.100536 0.005006
v -0.041898 0.104327 0.006411
v -0.043373 0.110538 0.006411
v 0.014553 0.119226 0.005995
v -0.045929 0.122963 0.006411
v 0.025335 0.061237 0.007795
v -0.033289 0.062913 0.008517
v 0.023193 0.070728 0.008517
v -0.034185 0.075349 0.008517
v 0.018976 0.079857 0.007448
v -0.035222 0.081563 0.008517
v -0.036337 0.085702 0.008517
v 0.014737 0.092270 0.006689
v -0.039639 0.093975 0.008517
v -0.040925 0.098113 0.008517
v 0.014694 0.098491 0.006948
v -0.041892 0.102254 0.008517
v -0.042878 0.106394 0.008517
v -0.044570 0.112604 0.008517
v 0.014595 0.113005 0.006602
v 0.018694 0.121328 0.008095
v -0.046717 0.122958 0.008517
v 0.027415 0.061251 0.010623
v -0.036116 0.083630 0.010623
v 0.021011 0.086092 0.009934
v -0.038151 0.089837 0.010623
v 0.018905 0.090225 0.009019
v 0.018863 0.096445 0.009557
v -0.042463 0.104324 0.010623
v -0.043700 0.108463 0.010623
v 0.018764 0.110960 0.009313
v -0.045759 0.116743 0.010623
v 0.018722 0.117181 0.008756
v 0.020785 0.119268 0.009974
v -0.047084 0.122955 0.010623
v -0.034154 0.071202 0.012729
v 0.025251 0.073678 0.011330
v -0.036303 0.083629 0.012729
v -0.037453 0.087769 0.012729
v -0.039516 0.093975 0.012729
v -0.042256 0.104325 0.012729
v -0.044039 0.110534 0.012729
v 0.022905 0.113062 0.012355
v -0.046051 0.118815 0.012729
v 0.024991 0.123444 0.012729
v 0.027618 0.075768 0.014835
v -0.035822 0.081559 0.014835
v 0.025194 0.081973 0.013009
v -0.036721 0.085700 0.014835
v 0.025166 0.086120 0.013559
v 0.025053 0.102708 0.014513
v -0.042286 0.106398 0.014835
v 0.024968 0.115149 0.014110
v 0.024940 0.119296 0.013641
v 0.026377 0.121380 0.014835
v 0.030586 0.059199 0.016941
v 0.027243 0.086134 0.015864
v -0.037319 0.089843 0.016941
v -0.040117 0.100192 0.016941
v 0.027315 0.106871 0.016941
v 0.027403 0.113092 0.016941
v -0.043786 0.114683 0.016941
v -0.045530 0.120892 0.016941
v 0.028242 0.123466 0.016941
v 0.031182 0.065424 0.019047
v -0.033283 0.069134 0.019047
v 0.030163 0.075785 0.019047
v 0.029664 0.082003 0.019047
v -0.035764 0.085706 0.019047
v 0.029560 0.090297 0.019047
v -0.040188 0.104339 0.019047
v 0.028899 0.104808 0.019047
v -0.041082 0.108480 0.019047
v 0.028787 0.111028 0.019047
v -0.044507 0.120899 0.019047
v 0.029179 0.121399 0.019047
v 0.031838 0.059208 0.021153
v 0.030737 0.084084 0.021153
v -0.039535 0.106417 0.021153
v 0.029953 0.106889 0.021153
v -0.040767 0.112630 0.021153
v 0.029859 0.115183 0.021153
v 0.029946 0.119330 0.021153
v -0.043579 0.122979 0.021153
v 0.031898 0.094460 0.023259
v -0.036905 0.098140 0.023259
v -0.038844 0.110569 0.023259
v 0.030722 0.123483 0.023259
v 0.032408 0.059212 0.025365
v 0.032558 0.079949 0.025365
v -0.034850 0.091933 0.025365
v 0.032624 0.096539 0.025365
v -0.036771 0.104362 0.025365
v 0.031677 0.104827 0.025365
v 0.031158 0.111044 0.025365
v -0.037867 0.116797 0.025365
v -0.039488 0.123007 0.024782
v 0.033408 0.088249 0.027471
v 0.033252 0.067512 0.029577
v 0.033773 0.077884 0.029577
v -0.032073 0.081584 0.029577
v 0.033810 0.092399 0.029577
v 0.033482 0.096544 0.029577
v 0.031752 0.108974 0.029577
v -0.034705 0.114744 0.029577
v 0.031206 0.119339 0.029577
v -0.035319 0.120961 0.029053
v 0.033950 0.073737 0.031683
v -0.033346 0.100238 0.031683
v 0.032485 0.063359 0.033789
v -0.028575 0.065019 0.033789
v 0.034471 0.088256 0.033789
v 0.031411 0.108972 0.033789
v -0.032470 0.123054 0.033789
v -0.027340 0.058806 0.035895
v 0.033658 0.069588 0.035895
v 0.033408 0.096039 0.035895
v -0.031833 0.110617 0.035895
v 0.030274 0.117259 0.035895
v -0.029832 0.081599 0.038001
v 0.034087 0.092401 0.038001
v -0.031259 0.100252 0.038001
v -0.027140 0.065028 0.040107
v 0.035713 0.079970 0.040107
v -0.026529 0.060885 0.042213
v 0.035569 0.086190 0.042213
v -0.029999 0.091966 0.042213
v 0.032621 0.096539 0.042213
v 0.030916 0.102748 0.042213
v 0.029740 0.108961 0.042213
v 0.028134 0.119318 0.042213
v 0.036029 0.077899 0.044319
v 0.036187 0.082047 0.044319
v 0.035077 0.088261 0.044319
v -0.027746 0.116865 0.044319
v 0.030588 0.059199 0.046425
v 0.035358 0.073747 0.046425
v 0.036263 0.079974 0.046425
v 0.035942 0.084119 0.046425
v -0.028766 0.096122 0.046425
v 0.031746 0.096533 0.046425
v 0.029949 0.102741 0.046425
v 0.027718 0.113094 0.046425
v -0.026039 0.065036 0.048531
v -0.026502 0.071254 0.048531
v 0.036054 0.082046 0.048531
v 0.035173 0.086188 0.048531
v -0.024902 0.118958 0.048531
v 0.034240 0.069592 0.050637
v 0.035763 0.075823 0.050637
v 0.035939 0.079972 0.050637
v 0.035724 0.082044 0.050637
v 0.034651 0.086184 0.050637
v -0.027046 0.087839 0.050637
v 0.031062 0.094454 0.050637
v -0.026916 0.096135 0.050637
v 0.029056 0.100662 0.050637
v 0.024664 0.119295 0.050637
v -0.022810 0.121046 0.050637
v 0.024097 0.123438 0.050637
v -0.025354 0.067114 0.052743
v -0.025525 0.075408 0.052743
v 0.024983 0.113003 0.052743
v 0.023161 0.121358 0.052743
v 0.034834 0.071670 0.054850
v -0.024716 0.077487 0.054850
v -0.023586 0.104452 0.054850
v -0.022770 0.108684 0.054850
v 0.022514 0.117206 0.054850
v 0.021328 0.123419 0.054850
v -0.025084 0.062969 0.056956
v -0.024565 0.067120 0.056565
v -0.024081 0.071270 0.056956
v 0.027420 0.096503 0.056956
v -0.022831 0.098236 0.056956
v 0.025025 0.106855 0.055580
v -0.025768 0.058817 0.059062
v 0.034722 0.073743 0.059062
v 0.034607 0.075816 0.059062
v 0.033794 0.079957 0.059062
v -0.022434 0.081649 0.059062
v -0.020135 0.104475 0.059062
v -0.019013 0.108630 0.059062
v 0.021746 0.108907 0.059062
v -0.016580 0.114845 0.059062
v 0.020813 0.115121 0.057534
v -0.025274 0.060894 0.061168
v -0.023638 0.067126 0.061168
v -0.022775 0.071279 0.061168
v -0.022043 0.075431 0.061168
v 0.032275 0.082021 0.061168
v 0.028160 0.090287 0.061168
v 0.022841 0.102693 0.061168
v 0.016630 0.119240 0.060261
v 0.014540 0.121062 0.061168
v -0.025921 0.058816 0.063274
v 0.034150 0.073739 0.063274
v 0.033741 0.075810 0.063274
v -0.020218 0.079591 0.063274
v -0.020523 0.083736 0.061764
v 0.024268 0.096482 0.063274
v 0.016659 0.115093 0.061550
v 0.014567 0.117152 0.062356
v -0.004160 0.121502 0.063274
v 0.012447 0.123359 0.061478
v -0.024361 0.062974 0.065380
v 0.033546 0.063367 0.065380
v -0.021476 0.071288 0.065380
v -0.020466 0.075442 0.064794
v 0.032559 0.077875 0.065380
v -0.017968 0.083753 0.065380
v -0.017002 0.089981 0.065380
v 0.021242 0.100609 0.065380
v -0.014418 0.102440 0.065348
v 0.018807 0.104739 0.065297
v 0.016687 0.110946 0.063374
v 0.012518 0.112991 0.065357
v 0.014595 0.113005 0.064024
v 0.012490 0.117138 0.063565
v -0.006221 0.119085 0.063802
v 0.010398 0.119198 0.063707
v 0.034015 0.065443 0.067486
v -0.021609 0.069213 0.067486
v 0.034164 0.069592 0.067486
v 0.033444 0.073734 0.067486
v -0.019194 0.075451 0.067486
v -0.014162 0.096221 0.067486
v 0.016715 0.106799 0.065959
v -0.010305 0.108689 0.066360
v 0.014624 0.108858 0.066319
v 0.006272 0.115022 0.066792
v 0.010426 0.115051 0.065427
v 0.004180 0.117082 0.066131
v -0.020160 0.071297 0.069592
v 0.031453 0.077868 0.069592
v -0.015844 0.081694 0.069592
v 0.029460 0.082002 0.069592
v -0.013377 0.092079 0.069592
v 0.022281 0.094395 0.069592
v -0.012298 0.096258 0.069592
v -0.011528 0.098313 0.069592
v -0.010263 0.102468 0.068975
v 0.016729 0.104725 0.067589
v 0.014638 0.106785 0.067776
v 0.012546 0.108844 0.067760
v -0.004087 0.110805 0.068418
v 0.006300 0.110875 0.069123
v 0.010455 0.110904 0.067604
v 0.000053 0.112907 0.068183
v 0.004208 0.112935 0.068219
v -0.022478 0.065730 0.071698
v 0.033733 0.069589 0.071698
v -0.015604 0.079622 0.071698
v -0.013057 0.087934 0.071698
v 0.025152 0.088193 0.071468
v -0.011923 0.092089 0.071698
v -0.010381 0.096247 0.071698
v -0.008171 0.100409 0.071650
v 0.014666 0.102638 0.071186
v 0.012574 0.104697 0.070839
v -0.006136 0.106644 0.069803
v -0.001979 0.106350 0.071698
v 0.010483 0.106757 0.070382
v 0.002159 0.108774 0.070819
v 0.004237 0.108788 0.070818
v -0.015818 0.077547 0.073804
v 0.030569 0.077862 0.073804
v -0.014108 0.081706 0.073804
v -0.011395 0.090019 0.073804
v 0.022805 0.090251 0.073804
v -0.010199 0.093033 0.073804
v 0.018863 0.096445 0.073188
v -0.008146 0.096730 0.073804
v 0.016772 0.098505 0.073408
v -0.006089 0.099664 0.073804
v -0.006108 0.102497 0.072081
v -0.004027 0.101920 0.073804
v 0.000111 0.104394 0.073804
v 0.008420 0.104669 0.072986
v 0.002185 0.104912 0.073804
v 0.006328 0.106728 0.072034
v -0.025754 0.058817 0.075910
v 0.033522 0.065440 0.075910
v 0.032780 0.071656 0.075910
v -0.016467 0.075469 0.075910
v -0.011277 0.087946 0.075910
v -0.010181 0.090491 0.075910
v -0.008128 0.094036 0.075910
v -0.006069 0.096803 0.075910
v -0.004007 0.099066 0.075910
v 0.012611 0.099278 0.075910
v -0.001942 0.100796 0.075910
v 0.006356 0.102581 0.075541
v 0.004265 0.104641 0.074078
v 0.033357 0.063365 0.078016
v 0.031861 0.073723 0.078016
v -0.016347 0.075470 0.078016
v 0.027272 0.081895 0.078016
v -0.011543 0.085871 0.078016
v 0.024051 0.086112 0.078016
v -0.009420 0.090032 0.078016
v -0.008114 0.092020 0.078016
v -0.006054 0.094592 0.078016
v 0.014710 0.096153 0.078016
v -0.003991 0.096738 0.078016
v -0.001926 0.098449 0.078016
v 0.000144 0.099588 0.078016
v 0.002217 0.100207 0.078016
v 0.004294 0.100328 0.078016
v 0.008456 0.099389 0.078016
v 0.033235 0.067512 0.080122
v 0.029549 0.077855 0.080122
v -0.012214 0.083839 0.080122
v -0.009890 0.087956 0.080122
v -0.008104 0.090508 0.080122
v -0.006043 0.092862 0.080122
v 0.016800 0.094358 0.078243
v -0.003979 0.094872 0.080122
v -0.001912 0.096479 0.080122
v 0.000158 0.097578 0.080122
v 0.002231 0.098199 0.080122
v 0.006387 0.098117 0.080122
v 0.010551 0.096783 0.080122
v -0.022465 0.065060 0.082228
v -0.013330 0.081711 0.082228
v 0.025188 0.082840 0.082228
v -0.010761 0.085876 0.082228
v -0.009238 0.087960 0.082228
v -0.007471 0.090046 0.082228
v 0.018905 0.090225 0.080897
v -0.003968 0.093357 0.082228
v 0.000169 0.095885 0.082228
v 0.008479 0.096019 0.082228
v 0.002243 0.096495 0.082228
v 0.004319 0.096669 0.082228
v -0.012064 0.083793 0.084334
v -0.010152 0.086239 0.084334
v 0.018921 0.088000 0.084334
v -0.008091 0.088551 0.084334
v -0.006026 0.090504 0.084334
v 0.014740 0.091711 0.084334
v -0.001892 0.093500 0.084334
v 0.002253 0.095063 0.084334
v 0.004329 0.095265 0.084334
v 0.006407 0.095104 0.084334
v -0.024510 0.059137 0.086440
v 0.033442 0.063366 0.086440
v -0.022475 0.065060 0.086440
v -0.020779 0.069219 0.086440
v -0.013623 0.081709 0.086440
v -0.003953 0.091117 0.086440
v 0.000187 0.093276 0.086440
v 0.010579 0.092686 0.086440
v 0.029722 0.075782 0.088546
v -0.011953 0.083794 0.088546
v -0.008083 0.087421 0.088546
v -0.006016 0.088999 0.088546
v -0.001877 0.091316 0.088546
v 0.033275 0.059217 0.090652
v 0.033258 0.063365 0.090652
v -0.022386 0.065061 0.090652
v 0.032854 0.067509 0.090652
v -0.021155 0.069216 0.090652
v 0.031706 0.071649 0.090652
v -0.018384 0.075456 0.090652
v 0.027517 0.077841 0.090652
v 0.021025 0.084018 0.088845
v -0.010146 0.085306 0.090652
v -0.008080 0.086944 0.090652
v 0.014766 0.087990 0.090652
v -0.003942 0.089474 0.090652
v 0.012679 0.089272 0.090652
v 0.000201 0.091198 0.090652
v 0.002275 0.091743 0.090652
v 0.006430 0.091707 0.090652
v 0.033083 0.061290 0.092758
v 0.032155 0.069578 0.092758
v 0.030272 0.073713 0.092758
v -0.001865 0.089611 0.092758
v 0.004358 0.090920 0.092758
v 0.032249 0.067505 0.094864
v 0.030926 0.071643 0.094864
v -0.016034 0.079619 0.094864
v -0.006004 0.087197 0.094864
v 0.000213 0.089472 0.094864
v 0.008526 0.089083 0.094864
v 0.032063 0.065430 0.096970
v 0.031212 0.069572 0.096970
v -0.020102 0.073371 0.096970
v 0.029034 0.073704 0.096970
v 0.027316 0.075766 0.096970
v -0.013985 0.081707 0.096970
v -0.012209 0.083201 0.096970
v 0.031164 0.067498 0.099076
v -0.020885 0.071292 0.099076
v -0.019152 0.075451 0.099076
v 0.024273 0.077819 0.099076
v -0.005997 0.086108 0.099076
v -0.022313 0.060914 0.101182
v 0.030988 0.061276 0.101182
v 0.029814 0.069562 0.101182
v 0.029420 0.071633 0.099605
v -0.020234 0.073370 0.101182
v -0.017608 0.077535 0.101182
v -0.015632 0.079622 0.101182
v -0.012205 0.082528 0.101182
v -0.010136 0.083833 0.101182
v -0.001845 0.086594 0.101182
v 0.002306 0.087268 0.101182
v 0.030028 0.065416 0.103289
v 0.029657 0.067487 0.103289
v 0.027328 0.073693 0.101219
v 0.004389 0.086424 0.103289
v 0.006468 0.086111 0.103289
v -0.020809 0.071292 0.105395
v 0.027342 0.071619 0.104549
v -0.020086 0.073371 0.105395
v -0.018896 0.075453 0.105395
v 0.012725 0.082515 0.105395
v 0.002317 0.085636 0.105395
v 0.008556 0.084588 0.105395
v 0.027356 0.069545 0.106884
v 0.023159 0.075738 0.105631
v -0.014262 0.079631 0.106920
v -0.005981 0.083835 0.107250
v 0.004400 0.084829 0.107501
v 0.025265 0.071605 0.108777
v -0.019591 0.073374 0.109607
v 0.023173 0.073664 0.109519
v -0.018224 0.075457 0.109607
v 0.006485 0.083754 0.109607
v -0.020964 0.069218 0.111713
v -0.001823 0.083332 0.111713
v 0.002329 0.083891 0.110728
v 0.025779 0.061240 0.113819
v -0.022108 0.062989 0.113819
v 0.025315 0.065384 0.113819
v 0.023187 0.071591 0.112657
v 0.021096 0.073650 0.112916
v 0.023814 0.067448 0.115925
v 0.022880 0.069515 0.115925
v 0.019290 0.073638 0.115925
v -0.018376 0.073624 0.115925
v 0.024044 0.063302 0.118031
v -0.021471 0.067141 0.118031
v -0.020760 0.069219 0.118031
v 0.021110 0.071577 0.116701
v -0.016309 0.075121 0.118031
v -0.010108 0.079659 0.116975
v 0.010672 0.078944 0.118031
v 0.022968 0.065368 0.120137
v 0.021273 0.069504 0.120137
v -0.019557 0.071301 0.120137
v 0.019721 0.071567 0.120137
v -0.018371 0.072835 0.120137
v 0.017508 0.073626 0.120137
v -0.014240 0.076277 0.120137
v 0.008592 0.079373 0.120137
v -0.005958 0.080442 0.120137
v 0.023019 0.061221 0.122243
v 0.006514 0.079471 0.122243
v -0.003880 0.080345 0.122243
v 0.002352 0.080388 0.122243
v -0.022382 0.065061 0.124349
v -0.020800 0.069219 0.124349
v -0.019476 0.071301 0.124349
v -0.016304 0.074341 0.124349
v 0.010684 0.077227 0.124349
v -0.037425 0.125094 0.000000
v -0.035347 0.125108 0.000000
v -0.039544 0.131301 0.000000
v -0.041636 0.133360 0.000027
v -0.041650 0.135434 0.000000
v -0.043741 0.137493 0.000004
v -0.043756 0.139567 0.000000
v -0.045847 0.141626 0.000010
v -0.045875 0.145773 0.000000
v -0.047967 0.147833 0.000012
v -0.047981 0.149906 0.000009
v 0.012221 0.156536 0.000000
v 0.020446 0.169033 0.000038
v -0.048136 0.172715 0.000013
v -0.048193 0.181009 0.000075
v -0.046130 0.183097 0.000002
v 0.024488 0.185650 0.000001
v -0.041579 0.125066 0.001362
v -0.042872 0.125057 0.002198
v 0.006201 0.125390 0.002198
v -0.039516 0.127154 0.000261
v -0.044329 0.129195 0.002198
v -0.045785 0.132561 0.002198
v 0.006145 0.133684 0.001396
v -0.043727 0.135420 0.000324
v -0.004257 0.135687 0.000135
v -0.045819 0.137479 0.000802
v -0.047896 0.137491 0.002198
v -0.045833 0.139553 0.000347
v 0.004011 0.141964 0.000402
v -0.050016 0.143672 0.001995
v -0.047939 0.143686 0.000528
v -0.050790 0.145740 0.002198
v -0.047953 0.145759 0.000192
v -0.050044 0.147819 0.001113
v -0.050058 0.149892 0.000873
v -0.051544 0.149882 0.002198
v 0.016404 0.152417 0.000963
v 0.022608 0.156606 0.002161
v -0.050115 0.158186 0.000609
v 0.018411 0.162799 0.000200
v 0.022566 0.162827 0.001142
v 0.024650 0.161884 0.002198
v -0.051998 0.164395 0.002198
v -0.050171 0.166481 0.000735
v -0.050228 0.174775 0.001034
v 0.024559 0.175282 0.000336
v 0.026636 0.175296 0.001044
v -0.051419 0.176840 0.002198
v 0.028699 0.177384 0.001903
v 0.028671 0.181531 0.001700
v -0.050284 0.183069 0.001287
v 0.026580 0.183590 0.000642
v -0.051287 0.185136 0.002198
v -0.045696 0.127112 0.004305
v -0.047932 0.133318 0.004305
v 0.010299 0.133713 0.002370
v -0.049980 0.138450 0.004305
v -0.051643 0.143661 0.004305
v -0.052536 0.147802 0.004305
v -0.053079 0.154019 0.004305
v -0.053249 0.166460 0.004305
v 0.028728 0.173237 0.002543
v 0.030777 0.177398 0.003493
v -0.052473 0.178907 0.004305
v 0.031731 0.179478 0.004305
v 0.030749 0.181545 0.003320
v 0.031287 0.187770 0.004305
v 0.016588 0.125461 0.006110
v -0.047623 0.129172 0.006411
v 0.016532 0.133755 0.004517
v -0.049828 0.135378 0.006411
v -0.051851 0.141585 0.006411
v 0.024787 0.141794 0.006411
v -0.053150 0.147798 0.006411
v -0.053386 0.149870 0.006411
v 0.024728 0.150400 0.004416
v 0.028798 0.162869 0.005047
v -0.053814 0.164382 0.006411
v 0.030847 0.167030 0.006073
v 0.032626 0.173263 0.006411
v 0.033244 0.177415 0.006411
v -0.052886 0.178904 0.006411
v 0.033287 0.181562 0.006411
v -0.052763 0.183052 0.006411
v -0.052987 0.187198 0.006411
v -0.049050 0.131236 0.008517
v 0.022764 0.133797 0.007570
v -0.051626 0.139513 0.008517
v 0.026879 0.139647 0.008517
v -0.052578 0.143654 0.008517
v 0.026834 0.146267 0.006630
v -0.053183 0.147797 0.008517
v 0.029632 0.148359 0.008517
v -0.053481 0.151943 0.008517
v -0.053767 0.164383 0.008517
v -0.053344 0.172680 0.008517
v 0.034224 0.175348 0.008517
v 0.034514 0.179497 0.008517
v -0.052646 0.180979 0.008517
v -0.052686 0.183053 0.008517
v 0.034043 0.185715 0.008517
v -0.053136 0.187197 0.008517
v 0.022806 0.127577 0.009525
v -0.049430 0.131234 0.010623
v 0.026913 0.134571 0.010623
v 0.028956 0.139726 0.010623
v -0.051949 0.141585 0.010623
v -0.052572 0.145728 0.010623
v 0.031068 0.146295 0.010623
v -0.052935 0.149873 0.010623
v -0.053337 0.164385 0.010623
v 0.032939 0.164971 0.009292
v -0.052701 0.174758 0.010623
v 0.035313 0.179502 0.010623
v -0.052118 0.180983 0.010623
v -0.048943 0.129163 0.012729
v 0.026796 0.129677 0.012729
v -0.049815 0.133305 0.012729
v -0.051633 0.143661 0.012729
v 0.033044 0.148382 0.012729
v -0.052422 0.164392 0.012729
v 0.034661 0.164982 0.012729
v -0.051412 0.178914 0.012729
v 0.035728 0.181579 0.012729
v -0.051434 0.183061 0.012729
v 0.027231 0.125533 0.014835
v -0.048151 0.127095 0.014835
v -0.049038 0.131236 0.014835
v 0.028948 0.131765 0.014835
v -0.049778 0.137452 0.014835
v 0.032652 0.142159 0.014835
v -0.050681 0.143667 0.014835
v 0.034143 0.148390 0.014835
v -0.051105 0.149885 0.014835
v 0.034589 0.152540 0.014835
v -0.050288 0.174774 0.014835
v -0.050219 0.180996 0.014835
v -0.047521 0.127099 0.016941
v 0.029023 0.127619 0.016941
v -0.047989 0.129170 0.016941
v -0.048505 0.133314 0.016941
v 0.030725 0.133851 0.016941
v -0.049000 0.139531 0.016941
v 0.032861 0.140087 0.016941
v -0.049521 0.145749 0.016941
v 0.034486 0.146319 0.016941
v 0.035078 0.150470 0.016941
v 0.035309 0.154619 0.016941
v -0.049535 0.166485 0.016941
v 0.035960 0.167065 0.016941
v -0.048643 0.172712 0.016941
v 0.036360 0.175362 0.016941
v -0.048375 0.176861 0.016941
v 0.036244 0.179509 0.016941
v 0.035815 0.183653 0.016941
v -0.049249 0.185150 0.016941
v -0.045888 0.125037 0.019047
v 0.029971 0.127625 0.019047
v -0.047034 0.131250 0.019047
v 0.030879 0.131779 0.019047
v 0.032051 0.135934 0.019047
v -0.047575 0.139541 0.019047
v 0.034389 0.144244 0.019047
v 0.035118 0.148396 0.019047
v 0.035470 0.152546 0.019047
v 0.035638 0.158768 0.019047
v -0.048080 0.164421 0.018671
v -0.047440 0.166499 0.019047
v -0.045899 0.176878 0.019047
v -0.048221 0.185157 0.017839
v 0.035257 0.185723 0.019047
v -0.048235 0.187230 0.017843
v -0.046158 0.187244 0.018874
v 0.030369 0.125554 0.021153
v -0.044585 0.127119 0.021153
v 0.030952 0.129705 0.021153
v 0.031816 0.133859 0.021153
v -0.045441 0.135408 0.021153
v -0.045847 0.141626 0.020878
v 0.033951 0.142168 0.021153
v 0.035051 0.148396 0.021153
v 0.035397 0.152546 0.021153
v -0.045974 0.160288 0.020522
v 0.035889 0.164991 0.021153
v -0.043967 0.170670 0.020444
v 0.036323 0.171215 0.021153
v -0.046059 0.172729 0.019132
v -0.043996 0.174817 0.020131
v 0.036385 0.175362 0.021153
v -0.044024 0.178964 0.020053
v -0.041946 0.178978 0.020788
v 0.036048 0.179507 0.021153
v -0.046115 0.181024 0.019126
v -0.044038 0.181038 0.019985
v -0.041975 0.183125 0.020190
v -0.046144 0.185171 0.019119
v -0.039911 0.185213 0.019910
v -0.035757 0.185241 0.020559
v -0.044080 0.187258 0.019297
v 0.034291 0.187790 0.021153
v 0.031019 0.127632 0.023259
v 0.031562 0.131783 0.023259
v 0.032383 0.135936 0.023259
v 0.034436 0.146318 0.023259
v 0.034903 0.150469 0.023259
v -0.041805 0.158243 0.023173
v 0.035214 0.160839 0.023259
v 0.035867 0.169138 0.023259
v 0.036100 0.173287 0.023259
v -0.035700 0.176947 0.022617
v 0.035953 0.177433 0.023259
v 0.035665 0.179505 0.023259
v -0.029496 0.181136 0.022921
v 0.033301 0.187783 0.023259
v 0.031861 0.133859 0.025365
v 0.034358 0.152539 0.025365
v -0.039714 0.156183 0.024667
v 0.034666 0.162909 0.025365
v -0.035658 0.170726 0.023720
v 0.035416 0.171209 0.025365
v -0.029454 0.174916 0.024727
v 0.035485 0.175356 0.025365
v 0.035311 0.177429 0.025365
v 0.034919 0.179500 0.025365
v 0.031723 0.187773 0.025365
v -0.037181 0.127170 0.027471
v 0.031168 0.127633 0.027471
v -0.037745 0.135460 0.027471
v 0.031864 0.135933 0.027471
v 0.032997 0.144235 0.027471
v -0.037093 0.147907 0.027471
v -0.033510 0.160373 0.026936
v -0.031475 0.166607 0.026099
v -0.025271 0.170797 0.027332
v 0.034529 0.171203 0.027471
v 0.034523 0.175350 0.027471
v -0.023236 0.177032 0.025879
v 0.034260 0.177422 0.027471
v -0.014968 0.183309 0.026614
v 0.032015 0.183627 0.027471
v -0.006687 0.187512 0.027242
v -0.035529 0.131328 0.029577
v 0.031205 0.133854 0.029577
v -0.035604 0.139622 0.029577
v -0.037537 0.141683 0.027565
v -0.035474 0.143770 0.029296
v 0.032374 0.146304 0.029577
v -0.033453 0.152078 0.029377
v 0.032437 0.158746 0.029577
v 0.033282 0.173268 0.029577
v -0.016989 0.175000 0.028910
v 0.032617 0.177410 0.029577
v -0.010785 0.179190 0.029111
v 0.030083 0.183614 0.029577
v 0.026669 0.187738 0.029577
v -0.033784 0.127193 0.031683
v 0.030552 0.127629 0.031683
v -0.027263 0.158341 0.031559
v -0.025214 0.162503 0.030822
v 0.031449 0.173255 0.031683
v 0.030777 0.177398 0.031196
v -0.002490 0.181320 0.030358
v 0.028671 0.181531 0.031379
v 0.007855 0.187611 0.029713
v 0.030173 0.135921 0.033789
v 0.022425 0.183562 0.033417
v 0.026580 0.183590 0.031688
v 0.020319 0.187695 0.032160
v -0.030762 0.131360 0.035895
v -0.031263 0.135504 0.034814
v -0.029228 0.141739 0.035729
v 0.029638 0.142138 0.035895
v -0.018982 0.162545 0.033892
v 0.028690 0.164942 0.035895
v 0.028756 0.169090 0.034995
v 0.026664 0.171149 0.035716
v -0.000351 0.172371 0.035895
v 0.028728 0.173237 0.033790
v 0.020390 0.177327 0.035686
v 0.012066 0.179345 0.034939
v 0.016221 0.179373 0.035244
v 0.018298 0.179387 0.035211
v 0.014129 0.181432 0.034236
v 0.016207 0.181446 0.034480
v 0.018270 0.183534 0.033931
v 0.020347 0.183548 0.033852
v 0.028869 0.127618 0.038001
v -0.028394 0.135524 0.038001
v -0.023890 0.147996 0.038001
v 0.028207 0.150423 0.038001
v -0.021287 0.152161 0.038001
v 0.028841 0.156648 0.036031
v 0.026693 0.167002 0.037259
v 0.024601 0.169062 0.037578
v 0.018341 0.173166 0.037712
v 0.024573 0.173209 0.035935
v 0.014172 0.175212 0.037218
v -0.028392 0.127229 0.040107
v -0.027586 0.131382 0.040107
v -0.025144 0.139693 0.040107
v 0.026755 0.152487 0.040107
v -0.016848 0.154265 0.039689
v 0.026763 0.156634 0.039206
v -0.010658 0.160528 0.038705
v -0.000314 0.166819 0.039100
v 0.007968 0.171022 0.038592
v 0.012123 0.171050 0.039134
v 0.027467 0.137976 0.042213
v -0.014757 0.152205 0.042207
v 0.024672 0.158694 0.041160
v 0.024643 0.162841 0.040122
v 0.005933 0.164788 0.042033
v 0.014242 0.164844 0.042102
v 0.026772 0.125530 0.044319
v 0.026078 0.142114 0.044319
v -0.010602 0.152234 0.043967
v -0.004384 0.154336 0.044319
v 0.024700 0.154547 0.042256
v 0.022608 0.156606 0.043390
v 0.020503 0.160739 0.042914
v -0.020876 0.135575 0.046123
v -0.018827 0.139736 0.045673
v 0.024756 0.146253 0.044990
v -0.010574 0.148086 0.046259
v 0.018468 0.154504 0.046123
v 0.020531 0.156592 0.044540
v 0.018439 0.158652 0.044406
v 0.010116 0.160669 0.044607
v 0.012193 0.160683 0.044509
v -0.022897 0.127266 0.047758
v 0.022679 0.146238 0.047040
v 0.020587 0.148298 0.047553
v 0.008081 0.154434 0.047230
v -0.018784 0.133515 0.048943
v -0.014658 0.137691 0.049242
v 0.022336 0.137942 0.050637
v -0.010517 0.139792 0.050117
v -0.006391 0.143968 0.049451
v 0.020616 0.144151 0.049424
v 0.003982 0.146112 0.050630
v 0.018524 0.146210 0.049437
v 0.008130 0.147264 0.050637
v 0.014341 0.150329 0.048814
v -0.018742 0.127295 0.052234
v 0.022792 0.129650 0.052007
v 0.022750 0.135871 0.050831
v -0.006362 0.139820 0.051816
v 0.020644 0.140004 0.051342
v -0.002222 0.141922 0.051770
v 0.018552 0.142063 0.051557
v 0.012306 0.144094 0.052027
v 0.014369 0.146182 0.050703
v -0.016653 0.125547 0.054850
v 0.020702 0.127562 0.054850
v -0.016679 0.129382 0.052997
v -0.012538 0.131484 0.054427
v 0.020672 0.135857 0.052910
v 0.018581 0.137916 0.053465
v 0.006088 0.141979 0.053101
v 0.010243 0.142007 0.053210
v -0.012510 0.127337 0.056794
v 0.018651 0.127548 0.056680
v -0.010446 0.129425 0.056688
v -0.004243 0.133614 0.056588
v 0.018609 0.133769 0.055022
v 0.014426 0.137888 0.054973
v 0.002003 0.131753 0.059062
v 0.010328 0.129565 0.059933
v 0.012405 0.129580 0.059381
v 0.008236 0.131625 0.059331
v 0.002058 0.123687 0.063274
v -0.046200 0.193465 0.000000
v 0.024432 0.193944 0.000001
v -0.046228 0.197612 0.000060
v 0.024389 0.200165 0.000000
v -0.042102 0.201787 0.000000
v 0.026438 0.204326 0.000005
v -0.039476 0.205952 0.000092
v 0.026424 0.206399 0.000003
v -0.037989 0.208036 0.000083
v 0.028488 0.208487 0.000078
v -0.033863 0.212211 0.000000
v -0.032850 0.214292 0.000092
v -0.031814 0.216372 0.000035
v -0.019377 0.220604 0.000000
v -0.025624 0.222635 0.000000
v 0.028389 0.223002 0.000076
v 0.024192 0.229194 0.000001
v -0.021525 0.230958 0.000069
v 0.022100 0.231254 0.000000
v -0.015321 0.235147 0.000035
v -0.002857 0.235232 0.000000
v 0.017917 0.235373 0.000000
v 0.028615 0.189825 0.001869
v -0.051309 0.191357 0.002198
v -0.048263 0.191377 0.000157
v 0.026523 0.191885 0.000685
v 0.029026 0.191902 0.002198
v -0.050355 0.193437 0.001440
v 0.028586 0.193972 0.001810
v -0.050369 0.195510 0.001738
v -0.050852 0.195507 0.002198
v -0.048292 0.195524 0.000460
v 0.026495 0.196032 0.000545
v 0.029267 0.196050 0.002198
v -0.050308 0.197584 0.002198
v -0.048306 0.197598 0.000815
v 0.028558 0.198119 0.001469
v -0.048320 0.199671 0.001403
v -0.049410 0.199664 0.002198
v -0.046242 0.199685 0.000438
v 0.026467 0.200179 0.000239
v 0.029982 0.200203 0.002198
v -0.048332 0.201465 0.002198
v -0.046257 0.201759 0.001081
v -0.044179 0.201773 0.000276
v 0.028530 0.202266 0.000901
v 0.028516 0.204340 0.000600
v -0.044489 0.205918 0.002198
v -0.040053 0.205948 0.000137
v -0.040067 0.208022 0.000846
v -0.040398 0.210093 0.002198
v 0.030551 0.210575 0.000696
v 0.032891 0.210591 0.002198
v -0.038772 0.212178 0.002198
v -0.035940 0.212197 0.000470
v -0.033877 0.214285 0.000211
v 0.032600 0.214736 0.001545
v 0.033455 0.214742 0.002198
v -0.033891 0.216358 0.000729
v 0.030509 0.216795 0.000347
v 0.033477 0.216815 0.002198
v -0.035972 0.216870 0.002198
v 0.032572 0.218883 0.001617
v -0.033918 0.220253 0.002198
v 0.030480 0.220942 0.000611
v 0.032991 0.220959 0.002198
v -0.032049 0.222592 0.002198
v -0.029779 0.222607 0.001021
v -0.027701 0.222621 0.000321
v 0.030466 0.223016 0.000936
v 0.032455 0.223029 0.002198
v -0.030225 0.224678 0.002198
v -0.027715 0.224695 0.000825
v 0.028375 0.225075 0.000435
v -0.028882 0.226761 0.002198
v -0.027729 0.226768 0.001389
v -0.025652 0.226783 0.000525
v 0.030515 0.227164 0.002198
v -0.028024 0.228840 0.002198
v 0.026269 0.229208 0.000690
v -0.025680 0.230930 0.001307
v 0.024177 0.231268 0.000466
v 0.027459 0.231290 0.002198
v -0.023617 0.233017 0.000909
v -0.021540 0.233031 0.000319
v 0.022086 0.233327 0.000322
v 0.024163 0.233341 0.001153
v -0.025701 0.233947 0.002198
v -0.023631 0.235091 0.001542
v -0.021554 0.235105 0.000793
v -0.019476 0.235119 0.000346
v 0.019994 0.235387 0.000333
v 0.022072 0.235401 0.001008
v 0.024149 0.235415 0.002185
v -0.023640 0.236383 0.002198
v -0.021568 0.237178 0.001666
v -0.019490 0.237192 0.001061
v -0.017413 0.237207 0.000733
v -0.009103 0.237263 0.000124
v -0.004949 0.237291 0.000108
v -0.002871 0.237305 0.000164
v 0.011671 0.237404 0.000266
v 0.017903 0.237446 0.000578
v 0.019980 0.237460 0.001069
v -0.021573 0.237950 0.002198
v -0.019502 0.238968 0.002198
v -0.011195 0.239322 0.000823
v -0.007040 0.239351 0.000660
v -0.002885 0.239379 0.001036
v -0.000808 0.239393 0.001323
v 0.005424 0.239435 0.001493
v 0.011657 0.239477 0.001321
v 0.015811 0.239506 0.001280
v 0.022055 0.237845 0.002198
v -0.015356 0.240221 0.002198
v -0.009132 0.241410 0.001557
v -0.002897 0.241048 0.002198
v -0.000815 0.240405 0.002198
v 0.001265 0.240110 0.002198
v 0.005419 0.240259 0.002198
v 0.009573 0.240373 0.002198
v 0.013724 0.240955 0.002198
v 0.015801 0.240967 0.002198
v 0.017881 0.240603 0.002198
v 0.019965 0.239710 0.002198
v -0.011213 0.241916 0.002198
v -0.009139 0.242423 0.002198
v -0.007061 0.242395 0.002198
v -0.052562 0.189274 0.004305
v 0.031140 0.191916 0.004305
v -0.052438 0.193423 0.004305
v 0.031357 0.196065 0.004305
v -0.051582 0.197576 0.004305
v -0.050748 0.199655 0.004305
v 0.032052 0.200217 0.004305
v -0.049512 0.201737 0.004305
v -0.043956 0.207996 0.004305
v 0.034320 0.208527 0.004305
v -0.041769 0.210084 0.004305
v -0.040013 0.212170 0.004305
v 0.035041 0.212679 0.004305
v -0.037374 0.216335 0.004305
v 0.035179 0.216827 0.004305
v -0.036293 0.218416 0.004305
v -0.035114 0.220497 0.004305
v 0.034681 0.220971 0.004305
v -0.033931 0.222216 0.004305
v 0.034169 0.223041 0.004305
v -0.031568 0.224669 0.004305
v -0.029900 0.226754 0.004305
v 0.032532 0.227177 0.004305
v 0.031283 0.229242 0.004305
v -0.027775 0.233490 0.004305
v -0.026974 0.235068 0.004305
v -0.025708 0.235077 0.002847
v 0.025935 0.235427 0.004305
v -0.025119 0.237154 0.004305
v -0.023651 0.237981 0.004305
v -0.021579 0.238848 0.004305
v 0.024132 0.237983 0.004305
v -0.017435 0.240365 0.004305
v -0.015978 0.241364 0.004305
v 0.001257 0.241232 0.004305
v 0.003336 0.240997 0.004305
v 0.007488 0.241499 0.004305
v 0.020277 0.241610 0.004305
v 0.022038 0.240426 0.004305
v -0.013297 0.242919 0.004305
v -0.009146 0.243484 0.003474
v -0.007068 0.243498 0.003506
v -0.005352 0.243509 0.004305
v -0.000824 0.241792 0.004305
v 0.009562 0.241934 0.004305
v 0.013711 0.242824 0.004305
v 0.015788 0.242895 0.004305
v 0.017868 0.242511 0.004305
v -0.011224 0.243606 0.004305
v -0.009149 0.243912 0.004305
v -0.007071 0.243918 0.004305
v 0.032637 0.189852 0.006411
v -0.053174 0.191344 0.006411
v 0.032631 0.194000 0.006411
v -0.052739 0.195494 0.006411
v -0.052184 0.197572 0.006411
v 0.033108 0.198150 0.006411
v -0.051260 0.199651 0.006411
v -0.049858 0.201735 0.006411
v 0.034008 0.202304 0.006411
v -0.047896 0.203822 0.006411
v -0.044258 0.207993 0.006411
v 0.035542 0.208535 0.006411
v -0.042156 0.209817 0.006411
v 0.036243 0.214761 0.006411
v -0.038038 0.215187 0.006411
v -0.037157 0.216336 0.006411
v -0.035810 0.218419 0.006411
v 0.035880 0.218905 0.006411
v -0.033930 0.222120 0.006411
v 0.034905 0.223046 0.006411
v -0.031301 0.224671 0.006411
v -0.029804 0.226354 0.006411
v 0.033299 0.227182 0.006411
v -0.028827 0.228835 0.006411
v 0.032146 0.229248 0.006411
v -0.027772 0.233009 0.006411
v -0.027001 0.235068 0.006411
v 0.026923 0.235434 0.006411
v -0.025720 0.236823 0.006411
v -0.023648 0.237606 0.006411
v -0.021574 0.238103 0.006411
v -0.019501 0.238739 0.006411
v -0.019505 0.239266 0.005262
v -0.018171 0.239275 0.006411
v 0.023820 0.239560 0.006411
v -0.017430 0.239724 0.006411
v -0.016118 0.241363 0.006411
v 0.021901 0.241621 0.006411
v -0.015369 0.242082 0.006411
v -0.013613 0.243453 0.006411
v -0.013301 0.243455 0.005819
v -0.002911 0.243083 0.006411
v -0.000828 0.242405 0.006411
v 0.001254 0.241719 0.006411
v 0.007483 0.242248 0.006411
v 0.011629 0.243497 0.006411
v 0.019943 0.242941 0.006411
v -0.011227 0.244044 0.006411
v -0.009151 0.244209 0.006411
v -0.007073 0.244111 0.006411
v 0.013704 0.243871 0.006411
v 0.015781 0.243988 0.006411
v 0.017860 0.243749 0.006411
v -0.053377 0.189269 0.008517
v 0.033546 0.191932 0.008517
v -0.053315 0.193417 0.008517
v -0.052965 0.195493 0.008517
v 0.033769 0.196081 0.008517
v -0.052384 0.197570 0.008517
v -0.051371 0.199651 0.008517
v -0.049693 0.201736 0.008517
v -0.048341 0.202830 0.008517
v 0.035417 0.204387 0.008517
v -0.046275 0.204410 0.008517
v 0.036360 0.208540 0.008517
v -0.042151 0.208955 0.008517
v -0.039640 0.212172 0.008517
v 0.036881 0.212691 0.008517
v -0.038032 0.214301 0.008517
v -0.035836 0.216345 0.008517
v 0.036650 0.216837 0.008517
v -0.034050 0.218431 0.008517
v 0.035640 0.220977 0.008517
v -0.029786 0.223740 0.008517
v 0.034217 0.225115 0.008517
v -0.028343 0.226764 0.008517
v -0.027194 0.228846 0.008517
v 0.032271 0.229249 0.008517
v -0.026118 0.233000 0.008517
v 0.028872 0.233373 0.008517
v -0.025702 0.234056 0.008517
v -0.025708 0.235077 0.007996
v -0.024611 0.235084 0.008517
v -0.023634 0.235567 0.008517
v -0.021568 0.237178 0.007383
v -0.019484 0.236181 0.008517
v -0.019490 0.237192 0.007735
v -0.017413 0.237207 0.008351
v 0.026217 0.236781 0.008517
v -0.017427 0.239280 0.006826
v -0.015853 0.239291 0.008517
v 0.024121 0.239554 0.008517
v -0.014531 0.241373 0.008517
v -0.013293 0.242347 0.008517
v -0.011221 0.243088 0.008517
v -0.009145 0.243329 0.008517
v -0.004988 0.243086 0.008517
v -0.002909 0.242820 0.008517
v -0.000827 0.242197 0.008517
v 0.001253 0.241767 0.008517
v 0.003330 0.241890 0.008517
v 0.019939 0.243502 0.008517
v 0.022028 0.241848 0.008517
v 0.015776 0.244631 0.008517
v 0.017856 0.244357 0.008517
v -0.053129 0.189271 0.010623
v 0.034344 0.189864 0.010623
v -0.053287 0.191343 0.010623
v -0.053185 0.193417 0.010623
v 0.034194 0.194010 0.010623
v -0.052220 0.197571 0.010623
v 0.034586 0.198160 0.010623
v -0.051209 0.199652 0.010623
v -0.050404 0.200640 0.010623
v -0.046266 0.203100 0.010623
v -0.043225 0.205927 0.010623
v -0.040081 0.210079 0.010623
v 0.037133 0.210619 0.010623
v -0.038758 0.212178 0.010623
v -0.038023 0.212983 0.010623
v 0.037173 0.214767 0.010623
v -0.035957 0.214650 0.010623
v -0.033009 0.216364 0.010623
v 0.036852 0.216838 0.010623
v 0.036222 0.218908 0.010623
v -0.029764 0.220534 0.010253
v 0.035348 0.220975 0.010623
v -0.027323 0.224698 0.010623
v 0.032805 0.227179 0.010623
v -0.025666 0.228856 0.009939
v 0.031638 0.229245 0.010623
v -0.025680 0.230930 0.009290
v 0.029950 0.231307 0.010623
v -0.025694 0.233003 0.008822
v -0.023617 0.233017 0.009716
v -0.021533 0.232140 0.010623
v -0.019462 0.233045 0.010056
v -0.017379 0.232259 0.010623
v -0.023631 0.235091 0.008780
v -0.017399 0.235133 0.009393
v 0.026668 0.235432 0.010623
v -0.015336 0.237221 0.009467
v 0.025294 0.237496 0.010623
v -0.013272 0.239308 0.009988
v 0.024123 0.239214 0.010623
v -0.013286 0.241382 0.009153
v -0.011209 0.241396 0.009749
v -0.007054 0.241424 0.010290
v -0.002899 0.241452 0.010328
v -0.000819 0.240959 0.010623
v -0.000822 0.241466 0.009934
v 0.001257 0.241235 0.010623
v 0.001255 0.241481 0.009914
v 0.001710 0.241484 0.010623
v 0.003329 0.242093 0.010623
v 0.005400 0.242949 0.010623
v 0.007150 0.243594 0.010623
v 0.019940 0.243448 0.010623
v 0.022029 0.241746 0.010623
v 0.011621 0.244739 0.010623
v 0.013696 0.245033 0.010623
v 0.015774 0.244973 0.010623
v 0.017855 0.244484 0.010623
v -0.052578 0.189274 0.012729
v -0.052780 0.191347 0.012729
v 0.034579 0.191939 0.012729
v -0.052713 0.193421 0.012729
v -0.052303 0.195497 0.012729
v 0.034577 0.196087 0.012729
v -0.051506 0.197576 0.012729
v 0.035114 0.200237 0.012729
v -0.050398 0.199706 0.012729
v -0.048328 0.200853 0.012729
v -0.048334 0.201745 0.010944
v -0.046254 0.201353 0.012729
v -0.044188 0.203009 0.012729
v -0.042124 0.205120 0.012729
v -0.041670 0.205937 0.012729
v 0.036908 0.208544 0.012729
v -0.038012 0.211351 0.012729
v 0.037300 0.212694 0.012729
v -0.035944 0.212826 0.012729
v 0.037191 0.214767 0.012729
v -0.029736 0.216387 0.012582
v 0.036799 0.216838 0.012729
v -0.027727 0.218474 0.012729
v 0.035910 0.218906 0.012729
v 0.034605 0.220970 0.012729
v 0.033678 0.223038 0.012729
v 0.031864 0.227173 0.012729
v -0.023575 0.226852 0.012729
v -0.023589 0.228870 0.011723
v 0.030424 0.229183 0.012729
v -0.023603 0.230944 0.010632
v -0.021525 0.230958 0.011492
v -0.019448 0.230972 0.011522
v -0.017371 0.230986 0.011567
v -0.015293 0.231000 0.011964
v 0.028112 0.231295 0.012729
v -0.015307 0.233074 0.010796
v -0.013230 0.233088 0.012074
v 0.026475 0.233357 0.012729
v 0.025352 0.235423 0.012729
v -0.013258 0.237235 0.010696
v -0.011181 0.237249 0.011950
v 0.024393 0.237490 0.012729
v -0.011195 0.239322 0.010868
v -0.009117 0.239337 0.011448
v -0.004963 0.239365 0.012035
v -0.000808 0.239393 0.011958
v 0.001271 0.239180 0.012729
v 0.023160 0.239556 0.012729
v 0.002958 0.241492 0.012729
v 0.021584 0.241618 0.012729
v 0.003331 0.241824 0.012729
v 0.005398 0.243350 0.012729
v 0.005875 0.243586 0.012729
v 0.019942 0.243023 0.012729
v 0.009545 0.244485 0.012729
v 0.013696 0.245049 0.012729
v 0.015774 0.244952 0.012729
v 0.017856 0.244305 0.012729
v -0.051689 0.191354 0.014835
v -0.051661 0.193428 0.014835
v 0.034573 0.194013 0.014835
v -0.051084 0.195505 0.014835
v -0.050378 0.196811 0.014835
v 0.034728 0.198161 0.014835
v -0.048320 0.199671 0.013989
v -0.046238 0.199057 0.014835
v -0.044171 0.200496 0.014835
v -0.044179 0.201773 0.013991
v -0.042105 0.202255 0.014835
v -0.037994 0.208694 0.014835
v 0.036840 0.210617 0.014835
v -0.035930 0.210749 0.014835
v -0.033859 0.211654 0.014835
v -0.031785 0.212225 0.014682
v -0.031799 0.214299 0.012993
v -0.029722 0.214313 0.013986
v -0.027637 0.213215 0.014835
v -0.027645 0.214327 0.014557
v 0.036807 0.214764 0.014835
v -0.027659 0.216401 0.013787
v 0.036301 0.216835 0.014835
v -0.025687 0.218488 0.014835
v 0.035076 0.218900 0.014835
v -0.025610 0.220562 0.014074
v 0.033564 0.220963 0.014835
v -0.023546 0.222650 0.014326
v 0.031410 0.225096 0.014835
v -0.021497 0.226811 0.013940
v -0.019420 0.226825 0.014513
v -0.017342 0.226839 0.014474
v -0.015265 0.226853 0.014432
v 0.030438 0.227163 0.014395
v -0.021511 0.228884 0.013058
v -0.019434 0.228898 0.013398
v -0.017357 0.228912 0.013174
v -0.015279 0.228927 0.013388
v -0.013202 0.228941 0.013956
v 0.028346 0.229223 0.014068
v -0.013216 0.231014 0.012790
v -0.011138 0.231028 0.013945
v 0.026255 0.231282 0.013953
v -0.009075 0.233116 0.014296
v -0.006998 0.233130 0.014719
v -0.002843 0.233158 0.014813
v 0.024163 0.233341 0.014289
v -0.011167 0.235175 0.012910
v -0.009089 0.235189 0.013814
v -0.007012 0.235204 0.014245
v -0.000780 0.235246 0.014266
v 0.001298 0.235260 0.014643
v 0.003375 0.235274 0.014633
v 0.024149 0.235415 0.013886
v 0.022600 0.235404 0.014835
v -0.009103 0.237263 0.012875
v -0.007026 0.237277 0.013012
v 0.001284 0.237333 0.013720
v 0.003361 0.237348 0.014379
v 0.004100 0.237353 0.014835
v 0.024135 0.237488 0.013083
v 0.003347 0.239421 0.013978
v 0.004288 0.239427 0.014835
v 0.021748 0.239546 0.014835
v 0.004869 0.241505 0.014835
v 0.020361 0.241610 0.014835
v 0.005406 0.242168 0.014835
v 0.007577 0.243597 0.014835
v 0.017862 0.243485 0.014835
v 0.019950 0.241975 0.014835
v 0.011623 0.244398 0.014835
v 0.013700 0.244413 0.014835
v 0.015780 0.244177 0.014835
v -0.049481 0.189295 0.016941
v 0.034776 0.189867 0.016941
v -0.050341 0.191363 0.016228
v -0.050355 0.193437 0.016034
v -0.048534 0.193449 0.016941
v -0.050369 0.195510 0.015462
v -0.048292 0.195524 0.016300
v 0.034393 0.196085 0.016941
v -0.048306 0.197598 0.015440
v -0.046228 0.197612 0.015704
v -0.042074 0.197640 0.016801
v -0.042088 0.199714 0.016080
v 0.034618 0.200234 0.016941
v -0.039916 0.201802 0.016941
v -0.037968 0.204907 0.016941
v -0.035912 0.208050 0.016463
v -0.033835 0.208064 0.016901
v -0.027602 0.208106 0.016667
v 0.035910 0.208537 0.016941
v -0.033849 0.210138 0.015823
v -0.027616 0.210180 0.015820
v -0.025539 0.210194 0.016568
v -0.025553 0.212268 0.016072
v 0.036136 0.212686 0.016941
v -0.025567 0.214341 0.015694
v -0.024204 0.214350 0.016941
v 0.035854 0.214758 0.016941
v -0.025581 0.216415 0.015404
v -0.023504 0.216429 0.016672
v -0.015194 0.216485 0.016539
v -0.013117 0.216499 0.016774
v 0.034993 0.216826 0.016941
v -0.023518 0.218502 0.015875
v -0.021441 0.218517 0.016172
v -0.019363 0.218531 0.016136
v -0.015208 0.218559 0.015738
v -0.013131 0.218573 0.015969
v -0.023532 0.220576 0.015120
v -0.019377 0.220604 0.015589
v -0.015223 0.220632 0.015488
v -0.000681 0.220731 0.016883
v 0.001397 0.220745 0.016668
v -0.021469 0.222664 0.014955
v -0.006927 0.222762 0.016814
v -0.004847 0.222406 0.016941
v -0.000695 0.222805 0.016163
v 0.001382 0.222819 0.016199
v 0.003460 0.222833 0.016758
v 0.030564 0.223017 0.016941
v -0.019406 0.224751 0.014960
v -0.013173 0.224794 0.015158
v -0.009019 0.224822 0.015868
v -0.004864 0.224850 0.016080
v -0.002786 0.224864 0.015768
v -0.000709 0.224878 0.015377
v 0.001368 0.224892 0.015733
v 0.003446 0.224906 0.016651
v -0.006955 0.226909 0.015601
v -0.002801 0.226938 0.015484
v -0.000723 0.226952 0.015368
v -0.009047 0.228969 0.014932
v 0.001340 0.229039 0.015861
v -0.004906 0.231071 0.015151
v -0.000751 0.231099 0.015360
v 0.001326 0.231113 0.015792
v 0.003403 0.231127 0.016282
v 0.005481 0.231141 0.016884
v 0.020023 0.231240 0.016634
v 0.022100 0.231254 0.015942
v 0.001312 0.233186 0.015348
v 0.003389 0.233200 0.015504
v 0.005467 0.233215 0.015918
v 0.007544 0.233229 0.016693
v 0.017931 0.233299 0.016603
v 0.022086 0.233327 0.015239
v 0.005453 0.235288 0.015385
v 0.007530 0.235302 0.016450
v 0.017917 0.235373 0.016576
v 0.019994 0.235387 0.015919
v 0.019980 0.237460 0.016084
v 0.022058 0.237474 0.015077
v 0.007502 0.239449 0.016516
v 0.017889 0.239520 0.016775
v 0.019966 0.239534 0.016003
v 0.005410 0.241509 0.015133
v 0.007488 0.241523 0.016195
v 0.009565 0.241537 0.016940
v 0.015244 0.241575 0.016941
v 0.017875 0.241593 0.016262
v 0.019952 0.241607 0.015187
v 0.011638 0.242227 0.016941
v 0.011628 0.243625 0.015994
v 0.013716 0.242099 0.016941
v 0.013706 0.243639 0.015947
v 0.015783 0.243653 0.015504
v -0.048263 0.191377 0.017464
v -0.042031 0.191419 0.018650
v 0.034185 0.191937 0.019047
v -0.046200 0.193465 0.017511
v -0.042045 0.193493 0.018174
v -0.039968 0.193507 0.018616
v -0.042059 0.195567 0.017491
v -0.039982 0.195581 0.018284
v -0.039996 0.197654 0.017892
v 0.033941 0.198156 0.019047
v -0.037933 0.199742 0.018708
v -0.033791 0.201727 0.019047
v -0.035884 0.203903 0.018103
v -0.033806 0.203917 0.018500
v 0.034365 0.204380 0.019047
v -0.031743 0.206005 0.017811
v -0.027588 0.206033 0.017673
v -0.025511 0.206047 0.018023
v -0.025525 0.208121 0.017167
v -0.023448 0.208135 0.018297
v -0.023462 0.210208 0.017930
v 0.034993 0.210605 0.019047
v -0.023476 0.212282 0.017759
v -0.021398 0.212296 0.018670
v -0.019321 0.212310 0.019008
v -0.015162 0.211772 0.019047
v 0.003531 0.212465 0.018775
v 0.005619 0.210837 0.019047
v 0.005608 0.212479 0.018639
v 0.007685 0.212493 0.019042
v 0.034897 0.212678 0.019047
v -0.023490 0.214355 0.017413
v -0.021412 0.214369 0.017992
v -0.019335 0.214384 0.018064
v -0.015180 0.214412 0.017740
v 0.001439 0.214524 0.018463
v 0.003516 0.214539 0.018023
v 0.005594 0.214553 0.018234
v 0.007671 0.214567 0.019045
v 0.034242 0.214747 0.019047
v -0.019349 0.216457 0.016954
v 0.001425 0.216598 0.017682
v 0.003502 0.216612 0.017487
v 0.005580 0.216626 0.018014
v 0.007657 0.216640 0.019001
v -0.006899 0.218615 0.018154
v 0.003488 0.218686 0.017130
v 0.005566 0.218700 0.017820
v 0.007629 0.220787 0.018695
v 0.007615 0.222861 0.018386
v 0.007601 0.224934 0.018118
v 0.009678 0.224949 0.018850
v 0.028375 0.225075 0.017268
v 0.009664 0.227022 0.018402
v 0.011741 0.227036 0.018940
v 0.020051 0.227093 0.019037
v 0.005495 0.229067 0.017190
v 0.011727 0.229110 0.018299
v 0.013805 0.229124 0.018499
v 0.015882 0.229138 0.018488
v 0.022114 0.229180 0.016971
v 0.007558 0.231155 0.017294
v 0.013790 0.231197 0.017914
v 0.017945 0.231226 0.017213
v 0.009622 0.233243 0.017342
v 0.011699 0.233257 0.017605
v 0.013776 0.233271 0.017527
v 0.015854 0.233285 0.017120
v 0.011657 0.239477 0.017442
v 0.013734 0.239492 0.017409
v 0.011642 0.241551 0.017184
v -0.037862 0.189374 0.019488
v -0.029567 0.191504 0.020993
v 0.033190 0.194003 0.021153
v -0.029595 0.195651 0.020351
v -0.025440 0.195679 0.020863
v -0.037919 0.197668 0.019132
v -0.035841 0.197682 0.019586
v -0.035855 0.199756 0.019257
v -0.029623 0.199798 0.019456
v -0.023391 0.199841 0.020220
v 0.033024 0.200223 0.021153
v -0.025483 0.201900 0.019071
v -0.021342 0.204002 0.019936
v -0.017187 0.204030 0.021148
v 0.005650 0.206258 0.020758
v 0.033294 0.206446 0.021153
v -0.015138 0.208191 0.020381
v -0.019307 0.210236 0.019429
v -0.013075 0.210279 0.020091
v -0.010997 0.210293 0.020787
v 0.007699 0.210420 0.019653
v 0.033233 0.210593 0.021153
v -0.013089 0.212352 0.019228
v -0.011011 0.212366 0.020016
v -0.002702 0.212423 0.020340
v 0.010114 0.212510 0.021153
v 0.032600 0.214736 0.020449
v -0.006885 0.216542 0.019053
v -0.004807 0.216556 0.019320
v 0.009720 0.218728 0.020558
v 0.011544 0.220814 0.021153
v 0.028416 0.219008 0.021153
v 0.024234 0.222974 0.021001
v 0.011755 0.224963 0.019683
v 0.013833 0.224977 0.020456
v 0.015910 0.224991 0.021053
v 0.013819 0.227050 0.019439
v 0.015896 0.227064 0.019730
v 0.017987 0.225073 0.021153
v 0.017973 0.227078 0.019577
v 0.032724 0.189853 0.023259
v -0.025412 0.191532 0.021783
v 0.032173 0.191923 0.023259
v 0.031513 0.196066 0.023259
v -0.015081 0.199897 0.022258
v -0.006772 0.199953 0.023190
v -0.002625 0.201148 0.023259
v 0.001524 0.202083 0.022840
v 0.005679 0.202111 0.023208
v -0.010955 0.204072 0.022071
v -0.006800 0.204100 0.022530
v -0.002645 0.204129 0.022474
v 0.005664 0.204185 0.021937
v 0.007742 0.204199 0.022614
v 0.031258 0.204359 0.023259
v -0.013046 0.206132 0.021289
v -0.004737 0.206188 0.022208
v 0.001495 0.206230 0.021260
v 0.007728 0.206273 0.021183
v 0.009805 0.206287 0.022550
v -0.008906 0.208233 0.021715
v 0.011868 0.208374 0.023177
v -0.008920 0.210307 0.021263
v 0.030537 0.212648 0.022656
v 0.032614 0.212662 0.021303
v 0.011826 0.214595 0.022281
v 0.028445 0.214708 0.023131
v 0.030523 0.214722 0.021930
v 0.013889 0.216683 0.023222
v 0.011798 0.218742 0.021886
v 0.026340 0.218841 0.022589
v 0.013861 0.220830 0.022157
v 0.022171 0.220886 0.023089
v 0.024248 0.220900 0.022436
v 0.026325 0.220914 0.021434
v 0.018015 0.220997 0.023259
v -0.015039 0.193676 0.023482
v 0.030664 0.193986 0.024276
v -0.010898 0.195778 0.023688
v -0.002603 0.197908 0.024268
v 0.003615 0.200024 0.023874
v 0.007770 0.200052 0.024777
v 0.028544 0.200193 0.025192
v 0.007756 0.202125 0.023855
v 0.011911 0.202088 0.025365
v 0.009819 0.204213 0.023629
v 0.028516 0.204340 0.024901
v 0.013960 0.206315 0.024909
v 0.030565 0.208501 0.023419
v 0.018072 0.212564 0.025183
v 0.022199 0.216739 0.024503
v 0.020107 0.218798 0.024109
v 0.022185 0.218812 0.023973
v 0.024262 0.218827 0.023506
v 0.020093 0.220872 0.023385
v 0.030692 0.189839 0.025471
v 0.028601 0.191899 0.026364
v -0.000497 0.193775 0.025918
v 0.026509 0.193958 0.027066
v 0.007798 0.195905 0.026232
v 0.024418 0.196018 0.027446
v 0.028572 0.196046 0.025486
v 0.016094 0.198035 0.027327
v 0.022326 0.198077 0.027428
v 0.026481 0.198105 0.026293
v 0.018157 0.200122 0.027139
v 0.016066 0.202182 0.026486
v 0.022284 0.204298 0.026687
v 0.018115 0.206343 0.026249
v 0.020192 0.206357 0.026475
v 0.026424 0.206399 0.025416
v 0.024333 0.208459 0.025519
v 0.020164 0.210504 0.025629
v 0.024446 0.191870 0.028893
v 0.020277 0.193916 0.029234
v 0.018185 0.195975 0.028319
v 0.022340 0.196003 0.028003
v 0.020249 0.198063 0.027641
v 0.016150 0.189741 0.031181
v 0.022368 0.191856 0.029714
v 0.019919 0.069495 0.125305
v 0.019311 0.070303 0.125305
v 0.022338 0.061217 0.125305
v 0.022074 0.063327 0.125305
v 0.012109 0.015809 0.125305
v 0.013169 0.017404 0.125305
v 0.014754 0.020498 0.125305
v 0.018838 0.029658 0.125305
v 0.018195 0.028074 0.125305
v 0.017378 0.025911 0.125305
v 0.015736 0.022446 0.125305
v 0.015220 0.021306 0.125305
v 0.011112 0.014406 0.125305
v 0.009049 0.012211 0.125305
v 0.009612 0.012876 0.125305
v 0.007921 0.011242 0.125305
v 0.006984 0.010396 0.125305
v 0.004916 0.009079 0.125305
v 0.006514 0.010132 0.125305
v 0.002843 0.008362 0.125305
v 0.003409 0.008548 0.125305
v 0.020005 0.034619 0.125305
v 0.020492 0.036321 0.125305
v 0.021281 0.040473 0.125305
v 0.020924 0.038588 0.125305
v 0.021320 0.041101 0.125305
v 0.021801 0.044624 0.125305
v 0.022017 0.048391 0.125305
v 0.022384 0.052923 0.125305
v 0.022398 0.055187 0.125305
v 0.018342 0.071558 0.125305
v 0.010213 0.077186 0.125305
v 0.010685 0.077008 0.125305
v 0.011632 0.076486 0.125305
v 0.015884 0.073833 0.125305
v 0.013566 0.075503 0.125305
v 0.017232 0.072590 0.125305
v 0.021334 0.066225 0.125305
v 0.021669 0.065360 0.125305
v 0.020348 0.068631 0.125305
v 0.005511 0.078907 0.125305
v 0.007529 0.078295 0.125305
v 0.003366 0.079379 0.125305
v -0.000664 0.079714 0.125305
v -0.001495 0.079784 0.125305
v -0.002365 0.079702 0.125305
v -0.017242 0.073557 0.125305
v -0.018370 0.072655 0.125305
v 0.001350 0.079684 0.125305
v -0.016304 0.074331 0.125305
v -0.015372 0.074860 0.125305
v -0.009341 0.078158 0.125305
v -0.007223 0.079012 0.125305
v -0.005950 0.079275 0.125305
v -0.010096 0.077894 0.125305
v -0.010848 0.077400 0.125305
v -0.014249 0.075628 0.125305
v -0.019309 0.071523 0.125305
v -0.018974 0.071898 0.125305
v -0.019547 0.071301 0.125305
v -0.019833 0.070828 0.125305
v -0.020856 0.069218 0.125305
v -0.022079 0.066004 0.125305
v -0.023075 0.062232 0.125305
v -0.022628 0.064656 0.125305
v -0.022422 0.065249 0.125305
v -0.022203 0.028271 0.125305
v -0.021350 0.026674 0.125305
v -0.022707 0.029336 0.125305
v -0.024647 0.034341 0.125305
v -0.025381 0.037682 0.125305
v -0.025501 0.038082 0.125305
v -0.025575 0.038998 0.125305
v -0.014909 0.017391 0.125305
v -0.017067 0.020057 0.125305
v 0.002276 0.008316 0.125305
v 0.000768 0.008044 0.125305
v -0.000839 0.008158 0.125305
v -0.001311 0.008145 0.125305
v -0.002255 0.008353 0.125305
v -0.003107 0.008536 0.125305
v -0.019919 0.024171 0.125305
v -0.007560 0.010595 0.125305
v -0.010122 0.012494 0.125305
v -0.011737 0.013846 0.125305
v -0.012750 0.014824 0.125305
v -0.004529 0.009051 0.125305
v -0.005474 0.009395 0.125305
v -0.005789 0.009546 0.125305
v -0.025977 0.043842 0.125305
v -0.025941 0.045102 0.125305
v -0.025483 0.050193 0.125305
v -0.005383 0.079378 0.125305
v -0.003875 0.079645 0.125305

# Texture coordinates: 

# Normals: 
vn 0.255615 0.140770 -0.929584
vn 0.483031 0.135226 -0.837950
vn 0.167885 0.053152 -0.957471
vn 0.051938 0.000354 -0.971745
vn 0.255615 0.140770 -0.929584
vn 0.167885 0.053152 -0.957471
vn 0.125327 0.061072 -0.963335
vn 0.255615 0.140770 -0.929584
vn 0.051938 0.000354 -0.971745
vn 0.364534 0.185670 -0.885547
vn 0.125327 0.061072 -0.963335
vn 0.233967 0.162557 -0.931683
vn 0.125327 0.061072 -0.963335
vn 0.364534 0.185670 -0.885547
vn 0.255615 0.140770 -0.929584
vn 0.255615 0.140770 -0.929584
vn 0.364534 0.185670 -0.885547
vn 0.543419 0.214740 -0.784136
vn 0.725801 0.203875 -0.627725
vn 0.727004 0.220587 -0.620855
vn 0.605884 0.242749 -0.729789
vn 0.940962 0.073264 -0.283154
vn 0.971114 -0.007551 -0.170957
vn 0.956452 -0.004402 -0.238252
vn 0.969335 -0.153742 0.098625
vn 0.981226 -0.098502 -0.025815
vn 0.976051 -0.139595 -0.032204
vn 0.954289 -0.249934 -0.015703
vn 0.928246 -0.327114 -0.069114
vn 0.954455 -0.247921 -0.030155
vn 0.886297 -0.433887 -0.008518
vn 0.928246 -0.327114 -0.069114
vn 0.902842 -0.393958 -0.057565
vn 0.923413 -0.102456 0.327168
vn 0.949331 -0.107520 0.242447
vn 0.931357 -0.008202 0.320645
vn 0.921261 0.201372 0.285951
vn 0.910085 0.117912 0.357095
vn 0.931357 -0.008202 0.320645
vn 0.921261 0.201372 0.285951
vn 0.931357 -0.008202 0.320645
vn 0.951625 0.100504 0.236542
vn 0.868075 0.336282 0.322572
vn 0.891138 0.218422 0.357704
vn 0.921261 0.201372 0.285951
vn 0.891138 0.218422 0.357704
vn 0.910085 0.117912 0.357095
vn 0.921261 0.201372 0.285951
vn 0.728346 0.584157 0.316112
vn 0.818501 0.460070 0.299740
vn 0.768710 0.552628 0.275452
vn 0.865259 0.418393 0.220749
vn 0.768710 0.552628 0.275452
vn 0.818501 0.460070 0.299740
vn 0.865259 0.418393 0.220749
vn 0.818501 0.460070 0.299740
vn 0.868075 0.336282 0.322572
vn 0.865259 0.418393 0.220749
vn 0.868075 0.336282 0.322572
vn 0.900424 0.308957 0.255887
vn 0.868075 0.336282 0.322572
vn 0.921261 0.201372 0.285951
vn 0.900424 0.308957 0.255887
vn 0.921261 0.201372 0.285951
vn 0.951243 0.174001 0.192614
vn 0.900424 0.308957 0.255887
vn 0.936344 0.272642 0.147500
vn 0.865259 0.418393 0.220749
vn 0.900424 0.308957 0.255887
vn 0.936344 0.272642 0.147500
vn 0.900424 0.308957 0.255887
vn 0.951243 0.174001 0.192614
vn 0.951243 0.174001 0.192614
vn 0.921261 0.201372 0.285951
vn 0.951625 0.100504 0.236542
vn 0.951243 0.174001 0.192614
vn 0.951625 0.100504 0.236542
vn 0.981720 0.046506 0.083856
vn 0.949331 -0.107520 0.242447
vn 0.977397 0.006823 0.131626
vn 0.931357 -0.008202 0.320645
vn 0.977397 0.006823 0.131626
vn 0.949331 -0.107520 0.242447
vn 0.971625 -0.111104 0.127867
vn 0.982560 -0.047708 0.072915
vn 0.977397 0.006823 0.131626
vn 0.971625 -0.111104 0.127867
vn 0.982560 -0.047708 0.072915
vn 0.971625 -0.111104 0.127867
vn 0.978679 -0.123867 0.007443
vn 0.984917 -0.054181 0.012890
vn 0.978679 -0.123867 0.007443
vn 0.964424 -0.199020 -0.059032
vn 0.956721 -0.234357 -0.055123
vn 0.928246 -0.327114 -0.069114
vn 0.954289 -0.249934 -0.015703
vn 0.956721 -0.234357 -0.055123
vn 0.934976 -0.304777 -0.079111
vn 0.928246 -0.327114 -0.069114
vn 0.934976 -0.304777 -0.079111
vn 0.902842 -0.393958 -0.057565
vn 0.928246 -0.327114 -0.069114
vn 0.923013 -0.348433 -0.015535
vn 0.892495 -0.409572 0.096057
vn 0.892436 -0.417153 -0.057043
vn 0.892436 -0.417153 -0.057043
vn 0.892495 -0.409572 0.096057
vn 0.816050 -0.555056 -0.016340
vn 0.949331 -0.107520 0.242447
vn 0.923413 -0.102456 0.327168
vn 0.926725 -0.247644 0.227598
vn 0.923413 -0.102456 0.327168
vn 0.931357 -0.008202 0.320645
vn 0.911299 -0.047884 0.369621
vn 0.931357 -0.008202 0.320645
vn 0.913603 0.045416 0.364350
vn 0.911299 -0.047884 0.369621
vn 0.910085 0.117912 0.357095
vn 0.913603 0.045416 0.364350
vn 0.931357 -0.008202 0.320645
vn 0.913603 0.045416 0.364350
vn 0.910085 0.117912 0.357095
vn 0.891340 0.181102 0.376902
vn 0.925702 0.127970 0.311805
vn 0.913603 0.045416 0.364350
vn 0.891340 0.181102 0.376902
vn 0.939812 -0.028628 0.294433
vn 0.911299 -0.047884 0.369621
vn 0.913603 0.045416 0.364350
vn 0.913603 0.045416 0.364350
vn 0.925702 0.127970 0.311805
vn 0.939812 -0.028628 0.294433
vn 0.925702 0.127970 0.311805
vn 0.950322 0.074793 0.250466
vn 0.939812 -0.028628 0.294433
vn 0.914685 0.232731 0.283406
vn 0.891340 0.181102 0.376902
vn 0.860729 0.319255 0.356694
vn 0.802187 0.446964 0.356502
vn 0.752049 0.504514 0.387088
vn 0.721528 0.543145 0.392893
vn 0.721528 0.543145 0.392893
vn 0.601002 0.686703 0.371900
vn 0.706202 0.605947 0.325110
vn 0.814315 0.491047 0.260640
vn 0.713799 0.638549 0.236364
vn 0.827698 0.507208 0.240115
vn 0.713799 0.638549 0.236364
vn 0.790207 0.567561 0.231185
vn 0.827698 0.507208 0.240115
vn 0.713799 0.638549 0.236364
vn 0.814315 0.491047 0.260640
vn 0.706202 0.605947 0.325110
vn 0.802187 0.446964 0.356502
vn 0.706202 0.605947 0.325110
vn 0.814315 0.491047 0.260640
vn 0.950322 0.074793 0.250466
vn 0.914685 0.232731 0.283406
vn 0.967489 0.096569 0.233750
vn 0.914685 0.232731 0.283406
vn 0.951799 0.185793 0.244047
vn 0.967489 0.096569 0.233750
vn 0.786296 -0.592671 0.069330
vn 0.849773 -0.499519 0.048814
vn 0.819108 -0.573483 0.013397
vn 0.849773 -0.499519 0.048814
vn 0.851557 -0.524255 0.002657
vn 0.819108 -0.573483 0.013397
vn 0.849773 -0.499519 0.048814
vn 0.885025 -0.436331 -0.014247
vn 0.851557 -0.524255 0.002657
vn 0.885025 -0.436331 -0.014247
vn 0.884827 -0.465406 -0.021882
vn 0.851557 -0.524255 0.002657
vn 0.888201 -0.424750 0.066260
vn 0.885025 -0.436331 -0.014247
vn 0.849773 -0.499519 0.048814
vn 0.889214 -0.425776 0.042338
vn 0.888201 -0.424750 0.066260
vn 0.849773 -0.499519 0.048814
vn 0.935057 -0.313636 0.028276
vn 0.951077 -0.308758 0.010967
vn 0.937806 -0.346762 -0.016615
vn 0.909512 -0.382259 0.018851
vn 0.935057 -0.313636 0.028276
vn 0.923755 -0.382377 -0.021529
vn 0.935057 -0.313636 0.028276
vn 0.937806 -0.346762 -0.016615
vn 0.923755 -0.382377 -0.021529
vn 0.934093 -0.286453 0.135527
vn 0.909512 -0.382259 0.018851
vn 0.915962 -0.361669 0.061214
vn 0.915962 -0.361669 0.061214
vn 0.888201 -0.424750 0.066260
vn 0.889214 -0.425776 0.042338
vn 0.909512 -0.382259 0.018851
vn 0.885025 -0.436331 -0.014247
vn 0.888201 -0.424750 0.066260
vn 0.885025 -0.436331 -0.014247
vn 0.903646 -0.427499 -0.025861
vn 0.894796 -0.445854 -0.023562
vn 0.885025 -0.436331 -0.014247
vn 0.909512 -0.382259 0.018851
vn 0.903646 -0.427499 -0.025861
vn 0.909512 -0.382259 0.018851
vn 0.923755 -0.382377 -0.021529
vn 0.903646 -0.427499 -0.025861
vn 0.915962 -0.361669 0.061214
vn 0.909512 -0.382259 0.018851
vn 0.888201 -0.424750 0.066260
vn 0.885025 -0.436331 -0.014247
vn 0.894796 -0.445854 -0.023562
vn 0.884827 -0.465406 -0.021882
vn 0.833843 -0.526324 0.042698
vn 0.889214 -0.425776 0.042338
vn 0.849773 -0.499519 0.048814
vn 0.833843 -0.526324 0.042698
vn 0.849773 -0.499519 0.048814
vn 0.757229 -0.632170 0.039511
vn 0.786296 -0.592671 0.069330
vn 0.819108 -0.573483 0.013397
vn 0.780592 -0.624106 0.034177
vn 0.757229 -0.632170 0.039511
vn 0.849773 -0.499519 0.048814
vn 0.786296 -0.592671 0.069330
vn 0.786296 -0.592671 0.069330
vn 0.670502 -0.721848 0.065821
vn 0.757229 -0.632170 0.039511
vn 0.707370 -0.681973 0.095751
vn 0.670502 -0.721848 0.065821
vn 0.786296 -0.592671 0.069330
vn 0.707370 -0.681973 0.095751
vn 0.786296 -0.592671 0.069330
vn 0.701061 -0.711179 0.052322
vn 0.786296 -0.592671 0.069330
vn 0.724401 -0.687902 0.045106
vn 0.701061 -0.711179 0.052322
vn 0.786296 -0.592671 0.069330
vn 0.780592 -0.624106 0.034177
vn 0.724401 -0.687902 0.045106
vn 0.568460 -0.796082 0.134590
vn 0.670502 -0.721848 0.065821
vn 0.707370 -0.681973 0.095751
vn 0.568460 -0.796082 0.134590
vn 0.707370 -0.681973 0.095751
vn 0.592139 -0.784946 0.091873
vn 0.592139 -0.784946 0.091873
vn 0.644269 -0.761852 0.067075
vn 0.595298 -0.799267 0.082421
vn 0.592139 -0.784946 0.091873
vn 0.707370 -0.681973 0.095751
vn 0.644269 -0.761852 0.067075
vn 0.707370 -0.681973 0.095751
vn 0.701061 -0.711179 0.052322
vn 0.644269 -0.761852 0.067075
vn 0.592139 -0.784946 0.091873
vn 0.410722 -0.890307 0.119837
vn 0.568460 -0.796082 0.134590
vn 0.888803 -0.427473 -0.033164
vn 0.915962 -0.361669 0.061214
vn 0.889214 -0.425776 0.042338
vn 0.888803 -0.427473 -0.033164
vn 0.833843 -0.526324 0.042698
vn 0.839071 -0.517419 -0.048196
vn 0.888803 -0.427473 -0.033164
vn 0.889214 -0.425776 0.042338
vn 0.833843 -0.526324 0.042698
vn 0.757193 -0.633224 -0.017965
vn 0.839071 -0.517419 -0.048196
vn 0.833843 -0.526324 0.042698
vn 0.757193 -0.633224 -0.017965
vn 0.833843 -0.526324 0.042698
vn 0.757229 -0.632170 0.039511
vn 0.757193 -0.633224 -0.017965
vn 0.790155 -0.589858 -0.045957
vn 0.839071 -0.517419 -0.048196
vn 0.757193 -0.633224 -0.017965
vn 0.687092 -0.709078 -0.011486
vn 0.790155 -0.589858 -0.045957
vn 0.790155 -0.589858 -0.045957
vn 0.726193 -0.668822 -0.011564
vn 0.825935 -0.537151 -0.058594
vn 0.898054 -0.394527 -0.106161
vn 0.839071 -0.517419 -0.048196
vn 0.825935 -0.537151 -0.058594
vn 0.790155 -0.589858 -0.045957
vn 0.687092 -0.709078 -0.011486
vn 0.726193 -0.668822 -0.011564
vn 0.670502 -0.721848 0.065821
vn 0.757193 -0.633224 -0.017965
vn 0.757229 -0.632170 0.039511
vn 0.410722 -0.890307 0.119837
vn 0.592139 -0.784946 0.091873
vn 0.430425 -0.898287 0.088400
vn 0.592139 -0.784946 0.091873
vn 0.566343 -0.819850 0.084266
vn 0.430425 -0.898287 0.088400
vn 0.144289 -0.973630 0.087683
vn 0.410722 -0.890307 0.119837
vn 0.242536 -0.967620 0.069916
vn 0.410722 -0.890307 0.119837
vn 0.306118 -0.948535 0.081075
vn 0.242536 -0.967620 0.069916
vn 0.303851 -0.935855 0.089636
vn 0.568460 -0.796082 0.134590
vn 0.410722 -0.890307 0.119837
vn 0.410722 -0.890307 0.119837
vn 0.144289 -0.973630 0.087683
vn 0.303851 -0.935855 0.089636
vn 0.303851 -0.935855 0.089636
vn 0.144289 -0.973630 0.087683
vn 0.094573 -0.980820 0.074971
vn 0.568460 -0.796082 0.134590
vn 0.303851 -0.935855 0.089636
vn 0.519323 -0.835985 0.083605
vn 0.519323 -0.835985 0.083605
vn 0.670502 -0.721848 0.065821
vn 0.568460 -0.796082 0.134590
vn 0.687092 -0.709078 -0.011486
vn 0.757193 -0.633224 -0.017965
vn 0.670502 -0.721848 0.065821
vn 0.805404 -0.569466 -0.036822
vn 0.825935 -0.537151 -0.058594
vn 0.726193 -0.668822 -0.011564
vn 0.899252 -0.406239 0.009085
vn 0.805404 -0.569466 -0.036822
vn 0.821279 -0.547050 0.022150
vn 0.805404 -0.569466 -0.036822
vn 0.587785 -0.792688 0.039982
vn 0.821279 -0.547050 0.022150
vn 0.891419 -0.412925 0.091763
vn 0.899252 -0.406239 0.009085
vn 0.821279 -0.547050 0.022150
vn 0.891419 -0.412925 0.091763
vn 0.821279 -0.547050 0.022150
vn 0.813612 -0.549601 0.099879
vn 0.888241 -0.424791 -0.065487
vn 0.898054 -0.394527 -0.106161
vn 0.825935 -0.537151 -0.058594
vn 0.898054 -0.394527 -0.106161
vn 0.888803 -0.427473 -0.033164
vn 0.839071 -0.517419 -0.048196
vn 0.861170 -0.447313 0.176996
vn 0.897081 -0.402249 0.083689
vn 0.891419 -0.412925 0.091763
vn 0.897081 -0.402249 0.083689
vn 0.899252 -0.406239 0.009085
vn 0.891419 -0.412925 0.091763
vn 0.881987 -0.442142 -0.021867
vn 0.888241 -0.424791 -0.065487
vn 0.899252 -0.406239 0.009085
vn 0.881987 -0.442142 -0.021867
vn 0.898054 -0.394527 -0.106161
vn 0.888241 -0.424791 -0.065487
vn 0.839071 -0.517419 -0.048196
vn 0.790155 -0.589858 -0.045957
vn 0.825935 -0.537151 -0.058594
vn 0.897081 -0.402249 0.083689
vn 0.881987 -0.442142 -0.021867
vn 0.899252 -0.406239 0.009085
vn 0.825935 -0.537151 -0.058594
vn 0.805404 -0.569466 -0.036822
vn 0.888241 -0.424791 -0.065487
vn 0.891419 -0.412925 0.091763
vn 0.813612 -0.549601 0.099879
vn 0.861170 -0.447313 0.176996
vn 0.888803 -0.427473 -0.033164
vn 0.898054 -0.394527 -0.106161
vn 0.904010 -0.382926 -0.097823
vn 0.904010 -0.382926 -0.097823
vn 0.898054 -0.394527 -0.106161
vn 0.881987 -0.442142 -0.021867
vn 0.935057 -0.313636 0.028276
vn 0.972538 -0.231408 0.024903
vn 0.951077 -0.308758 0.010967
vn 0.935057 -0.313636 0.028276
vn 0.955839 -0.233051 0.072596
vn 0.972538 -0.231408 0.024903
vn 0.955839 -0.233051 0.072596
vn 0.977243 -0.208847 0.037147
vn 0.972538 -0.231408 0.024903
vn 0.909512 -0.382259 0.018851
vn 0.934093 -0.286453 0.135527
vn 0.935057 -0.313636 0.028276
vn 0.911693 -0.368774 0.079419
vn 0.934093 -0.286453 0.135527
vn 0.915962 -0.361669 0.061214
vn 0.955839 -0.233051 0.072596
vn 0.934093 -0.286453 0.135527
vn 0.955508 -0.200397 0.140029
vn 0.955839 -0.233051 0.072596
vn 0.955508 -0.200397 0.140029
vn 0.969388 -0.161589 0.085022
vn 0.969388 -0.161589 0.085022
vn 0.984305 -0.156282 0.081968
vn 0.982035 -0.179649 0.057741
vn 0.955839 -0.233051 0.072596
vn 0.935057 -0.313636 0.028276
vn 0.934093 -0.286453 0.135527
vn 0.927095 -0.283459 0.180814
vn 0.934093 -0.286453 0.135527
vn 0.911693 -0.368774 0.079419
vn 0.934093 -0.286453 0.135527
vn 0.927095 -0.283459 0.180814
vn 0.955508 -0.200397 0.140029
vn 0.969388 -0.161589 0.085022
vn 0.971352 -0.114681 0.126816
vn 0.985225 -0.148682 0.085001
vn 0.971352 -0.114681 0.126816
vn 0.986734 -0.108277 0.120960
vn 0.985225 -0.148682 0.085001
vn 0.969388 -0.161589 0.085022
vn 0.985225 -0.148682 0.085001
vn 0.984305 -0.156282 0.081968
vn 0.955839 -0.233051 0.072596
vn 0.969388 -0.161589 0.085022
vn 0.977243 -0.208847 0.037147
vn 0.969388 -0.161589 0.085022
vn 0.982035 -0.179649 0.057741
vn 0.977243 -0.208847 0.037147
vn 0.971352 -0.114681 0.126816
vn 0.986844 -0.075929 0.142735
vn 0.986734 -0.108277 0.120960
vn 0.955508 -0.200397 0.140029
vn 0.971352 -0.114681 0.126816
vn 0.969388 -0.161589 0.085022
vn 0.949694 -0.141282 0.223531
vn 0.955508 -0.200397 0.140029
vn 0.927095 -0.283459 0.180814
vn 0.949694 -0.141282 0.223531
vn 0.971352 -0.114681 0.126816
vn 0.955508 -0.200397 0.140029
vn 0.971352 -0.114681 0.126816
vn 0.949694 -0.141282 0.223531
vn 0.961182 -0.052200 0.212874
vn 0.961182 -0.052200 0.212874
vn 0.950322 0.074793 0.250466
vn 0.983988 -0.034246 0.174913
vn 0.950322 0.074793 0.250466
vn 0.982618 0.000933 0.185636
vn 0.983988 -0.034246 0.174913
vn 0.971352 -0.114681 0.126816
vn 0.961182 -0.052200 0.212874
vn 0.986844 -0.075929 0.142735
vn 0.961182 -0.052200 0.212874
vn 0.983988 -0.034246 0.174913
vn 0.986844 -0.075929 0.142735
vn 0.961182 -0.052200 0.212874
vn 0.939812 -0.028628 0.294433
vn 0.950322 0.074793 0.250466
vn 0.950322 0.074793 0.250466
vn 0.967489 0.096569 0.233750
vn 0.982618 0.000933 0.185636
vn 0.914685 0.232731 0.283406
vn 0.950322 0.074793 0.250466
vn 0.925702 0.127970 0.311805
vn 0.914685 0.232731 0.283406
vn 0.925702 0.127970 0.311805
vn 0.891340 0.181102 0.376902
vn 0.814315 0.491047 0.260640
vn 0.914685 0.232731 0.283406
vn 0.860729 0.319255 0.356694
vn 0.802187 0.446964 0.356502
vn 0.814315 0.491047 0.260640
vn 0.860729 0.319255 0.356694
vn 0.706202 0.605947 0.325110
vn 0.802187 0.446964 0.356502
vn 0.721528 0.543145 0.392893
vn 0.583064 0.728908 0.317896
vn 0.706202 0.605947 0.325110
vn 0.601002 0.686703 0.371900
vn 0.713799 0.638549 0.236364
vn 0.724055 0.649312 0.232677
vn 0.790207 0.567561 0.231185
vn 0.406553 0.873932 0.213735
vn 0.393827 0.893649 0.215154
vn 0.411188 0.886085 0.213959
vn 0.406553 0.873932 0.213735
vn 0.411188 0.886085 0.213959
vn 0.450065 0.867707 0.211013
vn 0.612308 0.751482 0.186138
vn 0.481990 0.819452 0.264379
vn 0.592347 0.783148 0.189221
vn 0.481990 0.819452 0.264379
vn 0.548647 0.808180 0.214082
vn 0.592347 0.783148 0.189221
vn 0.612308 0.751482 0.186138
vn 0.592347 0.783148 0.189221
vn 0.674322 0.708620 0.207723
vn 0.914685 0.232731 0.283406
vn 0.913161 0.306093 0.269155
vn 0.928361 0.265721 0.259881
vn 0.914685 0.232731 0.283406
vn 0.928361 0.265721 0.259881
vn 0.951799 0.185793 0.244047
vn 0.914685 0.232731 0.283406
vn 0.814315 0.491047 0.260640
vn 0.913161 0.306093 0.269155
vn 0.814315 0.491047 0.260640
vn 0.851578 0.458009 0.255033
vn 0.913161 0.306093 0.269155
vn 0.814315 0.491047 0.260640
vn 0.827698 0.507208 0.240115
vn 0.851578 0.458009 0.255033
vn 0.713799 0.638549 0.236364
vn 0.612308 0.751482 0.186138
vn 0.724055 0.649312 0.232677
vn 0.612308 0.751482 0.186138
vn 0.674322 0.708620 0.207722
vn 0.724055 0.649312 0.232677
vn 0.612308 0.751482 0.186138
vn 0.583064 0.728908 0.317896
vn 0.481990 0.819452 0.264379
vn 0.481990 0.819452 0.264379
vn 0.406553 0.873932 0.213735
vn 0.548647 0.808180 0.214082
vn 0.406553 0.873932 0.213735
vn 0.450065 0.867707 0.211013
vn 0.548647 0.808180 0.214082
vn 0.274766 0.905017 0.281856
vn 0.250210 0.935717 0.248652
vn 0.304467 0.919347 0.249200
vn 0.406553 0.873932 0.213735
vn 0.274766 0.905017 0.281856
vn 0.393827 0.893649 0.215154
vn 0.274766 0.905017 0.281856
vn 0.304467 0.919347 0.249200
vn 0.393827 0.893649 0.215154
vn 0.274766 0.905017 0.281856
vn 0.406553 0.873932 0.213735
vn 0.373585 0.872232 0.271269
vn 0.373585 0.872232 0.271269
vn 0.406553 0.873932 0.213735
vn 0.481990 0.819452 0.264379
vn 0.274766 0.905017 0.281856
vn 0.124467 0.934807 0.291029
vn 0.250210 0.935717 0.248652
vn 0.124467 0.934807 0.291029
vn 0.171762 0.951932 0.253619
vn 0.250210 0.935717 0.248652
vn 0.706202 0.605947 0.325110
vn 0.583064 0.728908 0.317896
vn 0.713799 0.638549 0.236364
vn 0.612308 0.751482 0.186138
vn 0.713799 0.638549 0.236364
vn 0.583064 0.728908 0.317896
vn 0.481990 0.819452 0.264379
vn 0.343106 0.864892 0.327419
vn 0.373585 0.872232 0.271269
vn 0.274766 0.905017 0.281856
vn 0.373585 0.872232 0.271269
vn 0.228835 0.905393 0.318262
vn 0.228835 0.905393 0.318262
vn 0.373585 0.872232 0.271269
vn 0.343106 0.864892 0.327419
vn 0.583064 0.728908 0.317896
vn 0.601002 0.686703 0.371900
vn 0.592610 0.706438 0.348430
vn 0.646314 0.642144 0.375122
vn 0.592610 0.706438 0.348430
vn 0.601002 0.686703 0.371900
vn 0.802187 0.446964 0.356502
vn 0.860729 0.319255 0.356694
vn 0.752049 0.504514 0.387088
vn 0.752049 0.504514 0.387088
vn 0.646314 0.642144 0.375122
vn 0.721528 0.543145 0.392893
vn 0.601002 0.686703 0.371900
vn 0.721528 0.543145 0.392893
vn 0.646314 0.642144 0.375122
vn 0.752049 0.504514 0.387088
vn 0.774584 0.490406 0.360513
vn 0.728346 0.584157 0.316112
vn 0.592610 0.706438 0.348430
vn 0.646314 0.642144 0.375122
vn 0.728346 0.584157 0.316112
vn 0.646314 0.642144 0.375122
vn 0.752049 0.504514 0.387088
vn 0.728346 0.584157 0.316112
vn 0.752049 0.504514 0.387088
vn 0.824953 0.362825 0.396360
vn 0.774584 0.490406 0.360513
vn 0.774584 0.490406 0.360513
vn 0.824953 0.362825 0.396360
vn 0.868075 0.336282 0.322572
vn 0.891138 0.218422 0.357704
vn 0.868075 0.336282 0.322572
vn 0.824953 0.362825 0.396360
vn 0.868075 0.336282 0.322572
vn 0.818501 0.460070 0.299740
vn 0.774584 0.490406 0.360513
vn 0.774584 0.490406 0.360513
vn 0.818501 0.460070 0.299740
vn 0.728346 0.584157 0.316112
vn 0.592610 0.706438 0.348430
vn 0.728346 0.584157 0.316112
vn 0.609273 0.716532 0.296635
vn 0.592610 0.706438 0.348430
vn 0.451642 0.808485 0.338783
vn 0.583064 0.728908 0.317896
vn 0.481990 0.819452 0.264379
vn 0.583064 0.728908 0.317896
vn 0.451642 0.808485 0.338783
vn 0.274766 0.905017 0.281856
vn 0.228835 0.905393 0.318262
vn 0.124467 0.934807 0.291029
vn 0.228835 0.905393 0.318262
vn 0.017427 0.945158 0.283921
vn 0.124467 0.934807 0.291029
vn 0.481990 0.819452 0.264379
vn 0.451642 0.808485 0.338783
vn 0.343106 0.864892 0.327419
vn 0.228835 0.905393 0.318262
vn 0.082504 0.926525 0.328773
vn 0.017427 0.945158 0.283921
vn 0.343106 0.864892 0.327419
vn 0.212996 0.894265 0.357091
vn 0.228835 0.905393 0.318262
vn 0.082504 0.926525 0.328773
vn 0.228835 0.905393 0.318262
vn 0.212996 0.894265 0.357091
vn 0.065170 0.912314 0.368666
vn 0.082504 0.926525 0.328773
vn 0.212996 0.894265 0.357091
vn 0.451642 0.808485 0.338783
vn 0.300363 0.859135 0.378928
vn 0.343106 0.864892 0.327419
vn 0.300363 0.859135 0.378928
vn 0.212996 0.894265 0.357091
vn 0.343106 0.864892 0.327419
vn 0.169321 0.866468 0.437274
vn 0.212996 0.894265 0.357091
vn 0.300363 0.859135 0.378928
vn 0.609273 0.716532 0.296635
vn 0.497298 0.754232 0.393455
vn 0.592610 0.706438 0.348430
vn 0.584317 0.738172 0.294039
vn 0.609273 0.716532 0.296635
vn 0.698661 0.640418 0.272682
vn 0.609273 0.716532 0.296635
vn 0.728346 0.584157 0.316112
vn 0.698661 0.640418 0.272682
vn 0.728346 0.584157 0.316112
vn 0.768710 0.552628 0.275452
vn 0.698661 0.640418 0.272682
vn 0.698661 0.640418 0.272682
vn 0.768710 0.552628 0.275452
vn 0.698506 0.663971 0.211624
vn 0.821819 0.513011 0.186030
vn 0.698506 0.663971 0.211624
vn 0.768710 0.552628 0.275452
vn 0.821819 0.513011 0.186030
vn 0.768710 0.552628 0.275452
vn 0.865259 0.418393 0.220749
vn 0.451642 0.808485 0.338783
vn 0.497298 0.754232 0.393455
vn 0.427261 0.780429 0.422895
vn 0.497298 0.754232 0.393455
vn 0.609273 0.716532 0.296635
vn 0.584317 0.738172 0.294039
vn 0.451642 0.808485 0.338783
vn 0.592610 0.706438 0.348430
vn 0.497298 0.754232 0.393455
vn 0.427261 0.780429 0.422895
vn 0.300363 0.859135 0.378928
vn 0.451642 0.808485 0.338783
vn 0.427261 0.780429 0.422895
vn 0.316155 0.807378 0.466615
vn 0.300363 0.859135 0.378928
vn 0.505073 0.713540 0.452906
vn 0.427261 0.780429 0.422895
vn 0.497298 0.754232 0.393455
vn 0.802643 0.555959 0.142869
vn 0.787604 0.552897 0.216737
vn 0.701360 0.648706 0.245604
vn 0.802643 0.555959 0.142869
vn 0.701360 0.648706 0.245604
vn 0.698506 0.663971 0.211624
vn 0.584317 0.738172 0.294039
vn 0.698661 0.640418 0.272682
vn 0.698506 0.663971 0.211624
vn 0.821819 0.513011 0.186030
vn 0.904917 0.375942 0.114497
vn 0.802643 0.555959 0.142869
vn 0.821819 0.513011 0.186030
vn 0.802643 0.555959 0.142869
vn 0.698506 0.663971 0.211624
vn 0.835981 0.510185 0.120687
vn 0.802643 0.555959 0.142869
vn 0.904917 0.375942 0.114497
vn 0.835981 0.510185 0.120687
vn 0.787604 0.552897 0.216737
vn 0.802643 0.555959 0.142869
vn 0.584317 0.738172 0.294039
vn 0.698506 0.663971 0.211624
vn 0.701360 0.648706 0.245604
vn 0.635646 0.653663 0.373567
vn 0.497298 0.754232 0.393455
vn 0.584317 0.738172 0.294039
vn 0.635646 0.653663 0.373567
vn 0.505073 0.713540 0.452906
vn 0.497298 0.754232 0.393455
vn 0.505073 0.713540 0.452906
vn 0.316155 0.807378 0.466615
vn 0.427261 0.780429 0.422895
vn 0.300363 0.859135 0.378928
vn 0.316155 0.807378 0.466615
vn 0.169321 0.866468 0.437274
vn -0.157603 0.877919 0.419013
vn -0.274689 0.863408 0.388352
vn -0.221867 0.895583 0.348531
vn -0.325673 0.872824 0.324323
vn -0.221867 0.895583 0.348531
vn -0.274689 0.863408 0.388352
vn -0.419415 0.841579 0.298581
vn -0.388258 0.825226 0.374246
vn -0.496772 0.778093 0.346225
vn -0.496772 0.778093 0.346225
vn -0.388258 0.825226 0.374246
vn -0.429780 0.762368 0.451389
vn -0.307116 0.823717 0.444269
vn -0.296635 0.756938 0.553045
vn -0.429780 0.762368 0.451389
vn -0.429780 0.762368 0.451389
vn -0.296635 0.756938 0.553045
vn -0.434985 0.671155 0.571078
vn -0.429780 0.762368 0.451389
vn -0.434985 0.671155 0.571078
vn -0.550698 0.683481 0.446051
vn -0.550698 0.683481 0.446051
vn -0.549944 0.636878 0.509334
vn -0.637955 0.605844 0.441678
vn -0.683538 0.637600 0.313345
vn -0.637955 0.605844 0.441678
vn -0.720005 0.569191 0.358350
vn -0.720005 0.569191 0.358350
vn -0.805270 0.510535 0.251526
vn -0.754826 0.593107 0.226931
vn -0.754826 0.593107 0.226931
vn -0.688471 0.669261 0.226912
vn -0.683538 0.637600 0.313345
vn -0.620210 0.747575 0.175635
vn -0.534628 0.790584 0.250764
vn -0.688471 0.669261 0.226912
vn -0.534628 0.790584 0.250764
vn -0.608513 0.712197 0.308054
vn -0.688471 0.669261 0.226912
vn -0.752289 0.625885 0.128382
vn -0.620210 0.747575 0.175635
vn -0.688471 0.669261 0.226912
vn -0.754826 0.593107 0.226931
vn -0.752289 0.625885 0.128382
vn -0.688471 0.669261 0.226912
vn -0.754826 0.593107 0.226931
vn -0.806898 0.553324 0.128769
vn -0.752289 0.625885 0.128382
vn -0.805270 0.510535 0.251526
vn -0.806898 0.553324 0.128769
vn -0.754826 0.593107 0.226931
vn -0.720005 0.569191 0.358350
vn -0.754826 0.593107 0.226931
vn -0.683538 0.637600 0.313345
vn -0.784621 0.473162 0.361730
vn -0.720005 0.569191 0.358350
vn -0.713218 0.519461 0.436306
vn -0.713218 0.519461 0.436306
vn -0.720005 0.569191 0.358350
vn -0.637955 0.605844 0.441678
vn -0.629068 0.553666 0.514477
vn -0.713218 0.519461 0.436306
vn -0.637955 0.605844 0.441678
vn -0.549944 0.636878 0.509334
vn -0.629068 0.553666 0.514477
vn -0.637955 0.605844 0.441678
vn -0.602284 0.496766 0.595583
vn -0.690758 0.467323 0.520500
vn -0.629068 0.553666 0.514477
vn -0.549944 0.636878 0.509334
vn -0.538136 0.583658 0.578699
vn -0.629068 0.553666 0.514477
vn -0.538136 0.583658 0.578699
vn -0.602284 0.496766 0.595583
vn -0.629068 0.553666 0.514477
vn -0.690758 0.467323 0.520500
vn -0.646462 0.411903 0.613020
vn -0.762441 0.352145 0.510939
vn -0.762441 0.352145 0.510939
vn -0.839570 0.298816 0.417711
vn -0.811730 0.389630 0.398255
vn -0.811730 0.389630 0.398255
vn -0.867810 0.347069 0.312017
vn -0.784621 0.473162 0.361730
vn -0.805270 0.510535 0.251526
vn -0.879267 0.400186 0.198495
vn -0.806898 0.553324 0.128769
vn -0.806898 0.553324 0.128769
vn -0.879267 0.400186 0.198495
vn -0.872627 0.454786 0.073923
vn -0.799339 0.578851 0.019456
vn -0.806898 0.553324 0.128769
vn -0.872627 0.454786 0.073923
vn -0.752289 0.625885 0.128382
vn -0.799339 0.578851 0.019456
vn -0.711643 0.684140 0.019975
vn -0.711643 0.684140 0.019975
vn -0.627208 0.757450 0.089136
vn -0.620210 0.747575 0.175635
vn -0.575466 0.783700 0.171111
vn -0.627208 0.757450 0.089136
vn -0.591346 0.786550 0.083130
vn -0.591346 0.786550 0.083130
vn -0.417385 0.865937 0.224686
vn -0.575466 0.783700 0.171111
vn -0.324463 0.899026 0.246867
vn -0.325673 0.872824 0.324323
vn -0.417385 0.865937 0.224686
vn -0.575466 0.783700 0.171111
vn -0.417385 0.865937 0.224686
vn -0.534628 0.790584 0.250764
vn -0.496772 0.778093 0.346225
vn -0.534628 0.790584 0.250764
vn -0.419415 0.841579 0.298581
vn -0.496772 0.778093 0.346225
vn -0.608513 0.712197 0.308054
vn -0.534628 0.790584 0.250764
vn -0.683538 0.637600 0.313345
vn -0.608513 0.712197 0.308054
vn -0.637955 0.605844 0.441678
vn -0.608513 0.712197 0.308054
vn -0.550698 0.683481 0.446051
vn -0.637955 0.605844 0.441678
vn -0.550698 0.683481 0.446051
vn -0.496772 0.778093 0.346225
vn -0.429780 0.762368 0.451389
vn -0.496772 0.778093 0.346225
vn -0.550698 0.683481 0.446051
vn -0.608513 0.712197 0.308054
vn -0.683538 0.637600 0.313345
vn -0.688471 0.669261 0.226912
vn -0.608513 0.712197 0.308054
vn -0.534628 0.790584 0.250764
vn -0.620210 0.747575 0.175635
vn -0.575466 0.783700 0.171111
vn -0.752289 0.625885 0.128382
vn -0.711643 0.684140 0.019975
vn -0.620210 0.747575 0.175635
vn -0.620210 0.747575 0.175635
vn -0.627208 0.757450 0.089136
vn -0.575466 0.783700 0.171111
vn -0.591346 0.786550 0.083130
vn -0.450014 0.856960 0.194775
vn -0.417385 0.865937 0.224686
vn -0.324463 0.899026 0.246867
vn -0.417385 0.865937 0.224686
vn -0.450014 0.856960 0.194775
vn -0.195758 0.912837 0.319115
vn -0.221867 0.895583 0.348531
vn -0.325673 0.872824 0.324323
vn -0.073120 0.909830 0.373140
vn -0.157603 0.877919 0.419013
vn -0.221867 0.895583 0.348531
vn 0.169321 0.866468 0.437274
vn 0.022687 0.894880 0.412421
vn 0.212996 0.894265 0.357091
vn 0.065170 0.912314 0.368666
vn 0.212996 0.894265 0.357091
vn 0.022687 0.894880 0.412421
vn -0.073120 0.909830 0.373140
vn 0.065170 0.912314 0.368666
vn 0.022687 0.894880 0.412421
vn 0.022687 0.894880 0.412421
vn -0.157603 0.877919 0.419013
vn -0.073120 0.909830 0.373140
vn -0.073120 0.909830 0.373140
vn -0.028827 0.928429 0.332391
vn 0.065170 0.912314 0.368666
vn 0.065170 0.912314 0.368666
vn -0.028827 0.928429 0.332391
vn 0.082504 0.926525 0.328773
vn -0.121384 0.943695 0.263151
vn -0.028827 0.928429 0.332391
vn -0.195758 0.912837 0.319115
vn -0.028827 0.928429 0.332391
vn -0.073120 0.909830 0.373140
vn -0.195758 0.912837 0.319115
vn -0.256265 0.918289 0.256016
vn -0.121384 0.943695 0.263151
vn -0.195758 0.912837 0.319115
vn -0.324463 0.899026 0.246867
vn -0.256265 0.918289 0.256016
vn -0.195758 0.912837 0.319115
vn -0.256265 0.918289 0.256016
vn -0.324463 0.899026 0.246867
vn -0.450014 0.856960 0.194775
vn -0.419415 0.841579 0.298581
vn -0.417385 0.865937 0.224686
vn -0.325673 0.872824 0.324323
vn -0.419415 0.841579 0.298581
vn -0.534628 0.790584 0.250764
vn -0.417385 0.865937 0.224686
vn -0.450014 0.856960 0.194775
vn -0.591346 0.786550 0.083130
vn -0.563459 0.793802 0.164730
vn -0.666992 0.725285 0.063868
vn -0.563459 0.793802 0.164730
vn -0.591346 0.786550 0.083130
vn -0.666992 0.725285 0.063868
vn -0.591346 0.786550 0.083130
vn -0.627208 0.757450 0.089136
vn -0.796497 0.579453 -0.064161
vn -0.711643 0.684140 0.019975
vn -0.799339 0.578851 0.019456
vn -0.872627 0.454786 0.073923
vn -0.860962 0.481305 -0.032822
vn -0.799339 0.578851 0.019456
vn -0.796497 0.579453 -0.064161
vn -0.799339 0.578851 0.019456
vn -0.860962 0.481305 -0.032822
vn -0.666992 0.725285 0.063868
vn -0.627208 0.757450 0.089136
vn -0.711643 0.684140 0.019975
vn -0.666992 0.725285 0.063868
vn -0.678713 0.708938 0.107053
vn -0.563459 0.793802 0.164730
vn -0.432413 0.865173 0.198345
vn -0.450014 0.856960 0.194775
vn -0.563459 0.793802 0.164730
vn -0.235810 0.934093 0.216698
vn -0.121384 0.943695 0.263151
vn -0.256265 0.918289 0.256016
vn -0.450014 0.856960 0.194775
vn -0.432413 0.865173 0.198345
vn -0.256265 0.918289 0.256016
vn -0.432413 0.865173 0.198345
vn -0.235810 0.934093 0.216698
vn -0.256265 0.918289 0.256016
vn -0.138045 0.947775 0.239920
vn 0.017427 0.945158 0.283921
vn -0.121384 0.943695 0.263151
vn -0.138045 0.947775 0.239920
vn -0.121384 0.943695 0.263151
vn -0.235810 0.934093 0.216698
vn 0.124467 0.934807 0.291029
vn 0.017427 0.945158 0.283921
vn 0.020112 0.969224 0.245356
vn 0.017427 0.945158 0.283921
vn -0.017017 0.972940 0.230430
vn 0.020112 0.969224 0.245356
vn 0.017427 0.945158 0.283921
vn -0.138045 0.947775 0.239920
vn -0.017017 0.972940 0.230430
vn -0.138045 0.947775 0.239920
vn -0.052602 0.971558 0.230886
vn -0.017017 0.972940 0.230430
vn -0.432413 0.865173 0.198345
vn -0.563459 0.793802 0.164730
vn -0.597666 0.763617 0.184557
vn -0.678713 0.708938 0.107053
vn -0.597666 0.763617 0.184557
vn -0.563459 0.793802 0.164730
vn -0.666992 0.725285 0.063868
vn -0.752293 0.636128 0.062817
vn -0.678713 0.708938 0.107053
vn -0.711643 0.684140 0.019975
vn -0.754319 0.636497 -0.022799
vn -0.666992 0.725285 0.063868
vn -0.711643 0.684140 0.019975
vn -0.796497 0.579453 -0.064161
vn -0.754319 0.636497 -0.022799
vn -0.872627 0.454786 0.073923
vn -0.869620 0.466519 0.009074
vn -0.860962 0.481305 -0.032822
vn -0.872627 0.454786 0.073923
vn -0.870437 0.454426 0.097444
vn -0.869620 0.466519 0.009074
vn -0.896194 0.325983 0.249785
vn -0.870437 0.454426 0.097444
vn -0.872627 0.454786 0.073923
vn -0.896194 0.325983 0.249785
vn -0.864368 0.335680 0.332706
vn -0.876375 0.399539 0.211756
vn -0.896194 0.325983 0.249785
vn -0.839083 0.266097 0.439542
vn -0.864368 0.335680 0.332706
vn -0.896194 0.325983 0.249785
vn -0.876375 0.399539 0.211756
vn -0.870437 0.454426 0.097444
vn -0.869620 0.466519 0.009074
vn -0.893298 0.408643 -0.092571
vn -0.860962 0.481305 -0.032822
vn -0.860962 0.481305 -0.032822
vn -0.852344 0.474427 -0.147702
vn -0.796497 0.579453 -0.064161
vn -0.752293 0.636128 0.062817
vn -0.666992 0.725285 0.063868
vn -0.754319 0.636497 -0.022799
vn -0.851184 0.499268 -0.017076
vn -0.752293 0.636128 0.062817
vn -0.754319 0.636497 -0.022799
vn -0.796497 0.579453 -0.064161
vn -0.852344 0.474427 -0.147702
vn -0.754319 0.636497 -0.022799
vn -0.851184 0.499268 -0.017076
vn -0.754319 0.636497 -0.022799
vn -0.852344 0.474427 -0.147702
vn -0.752293 0.636128 0.062817
vn -0.793338 0.580053 0.091253
vn -0.678713 0.708938 0.107053
vn -0.740655 0.634183 0.152472
vn -0.597666 0.763617 0.184557
vn -0.678713 0.708938 0.107053
vn -0.740655 0.634183 0.152472
vn -0.678713 0.708938 0.107053
vn -0.793338 0.580053 0.091253
vn -0.793338 0.580053 0.091253
vn -0.900415 0.397565 0.069317
vn -0.861533 0.465237 0.121916
vn -0.625834 0.747229 0.156619
vn -0.740655 0.634183 0.152472
vn -0.751348 0.623057 0.145889
vn -0.735518 0.654566 0.071832
vn -0.625834 0.747229 0.156619
vn -0.751348 0.623057 0.145889
vn -0.568233 0.806548 0.045875
vn -0.735518 0.654566 0.071832
vn -0.635002 0.772189 0.022266
vn -0.735518 0.654566 0.071832
vn -0.710120 0.704040 0.007513
vn -0.635002 0.772189 0.022266
vn 0.124467 0.934807 0.291029
vn 0.097439 0.963463 0.249490
vn 0.171762 0.951932 0.253619
vn -0.567976 0.793237 0.151766
vn -0.432413 0.865173 0.198345
vn -0.597666 0.763617 0.184557
vn -0.625834 0.747229 0.156619
vn -0.567976 0.793237 0.151766
vn -0.597666 0.763617 0.184557
vn -0.625834 0.747229 0.156619
vn -0.597666 0.763617 0.184557
vn -0.740655 0.634183 0.152472
vn -0.567976 0.793237 0.151766
vn -0.625834 0.747229 0.156619
vn -0.568233 0.806548 0.045875
vn -0.568233 0.806548 0.045875
vn -0.567084 0.822848 0.036558
vn -0.533935 0.844165 0.047954
vn -0.235810 0.934093 0.216698
vn -0.374270 0.913992 0.156657
vn -0.272749 0.947856 0.164853
vn -0.235810 0.934093 0.216698
vn -0.272749 0.947856 0.164853
vn -0.207732 0.958717 0.194187
vn -0.235810 0.934093 0.216698
vn -0.432413 0.865173 0.198345
vn -0.374270 0.913992 0.156657
vn -0.432413 0.865173 0.198345
vn -0.407552 0.900886 0.149354
vn -0.374270 0.913992 0.156657
vn -0.432413 0.865173 0.198345
vn -0.567976 0.793237 0.151766
vn -0.407552 0.900886 0.149354
vn -0.567976 0.793237 0.151766
vn -0.435820 0.888323 0.144718
vn -0.407552 0.900886 0.149354
vn -0.567976 0.793237 0.151766
vn -0.500217 0.863172 0.068676
vn -0.435820 0.888323 0.144718
vn -0.567976 0.793237 0.151766
vn -0.568233 0.806548 0.045875
vn -0.500217 0.863172 0.068676
vn -0.568233 0.806548 0.045875
vn -0.533935 0.844165 0.047954
vn -0.500217 0.863172 0.068676
vn -0.568233 0.806548 0.045875
vn -0.625834 0.747229 0.156619
vn -0.735518 0.654566 0.071832
vn -0.568233 0.806548 0.045875
vn -0.635002 0.772189 0.022266
vn -0.567084 0.822848 0.036558
vn -0.788271 0.594162 -0.008097
vn -0.780287 0.625273 -0.013668
vn -0.756580 0.653856 -0.007682
vn -0.735518 0.654566 0.071832
vn -0.788271 0.594162 -0.008097
vn -0.710120 0.704040 0.007513
vn -0.788271 0.594162 -0.008097
vn -0.756580 0.653856 -0.007682
vn -0.710120 0.704040 0.007513
vn -0.788271 0.594162 -0.008097
vn -0.735518 0.654566 0.071832
vn -0.818642 0.549750 0.042743
vn -0.788271 0.594162 -0.008097
vn -0.793980 0.607839 -0.011267
vn -0.780287 0.625273 -0.013668
vn -0.788271 0.594162 -0.008097
vn -0.815740 0.577958 -0.023095
vn -0.793980 0.607839 -0.011267
vn -0.788271 0.594162 -0.008097
vn -0.872985 0.459052 -0.032835
vn -0.815740 0.577958 -0.023095
vn -0.872985 0.459052 -0.032835
vn -0.880960 0.471283 -0.042445
vn -0.815740 0.577958 -0.023095
vn -0.788271 0.594162 -0.008097
vn -0.818642 0.549750 0.042743
vn -0.872985 0.459052 -0.032835
vn -0.751348 0.623057 0.145889
vn -0.818642 0.549750 0.042743
vn -0.735518 0.654566 0.071832
vn -0.861533 0.465237 0.121916
vn -0.910976 0.378849 0.016665
vn -0.818642 0.549750 0.042743
vn -0.861533 0.465237 0.121916
vn -0.953243 0.250477 0.043881
vn -0.910976 0.378849 0.016665
vn -0.910976 0.378849 0.016665
vn -0.953243 0.250477 0.043881
vn -0.946970 0.275967 -0.022687
vn -0.872985 0.459052 -0.032835
vn -0.947335 0.265906 -0.071608
vn -0.880960 0.471283 -0.042445
vn -0.947335 0.265906 -0.071608
vn -0.944042 0.321600 -0.073198
vn -0.880960 0.471283 -0.042445
vn -0.947335 0.265906 -0.071608
vn -0.966880 0.240575 -0.085241
vn -0.960156 0.267384 -0.081283
vn -0.947335 0.265906 -0.071608
vn -0.960156 0.267384 -0.081283
vn -0.956603 0.280977 -0.077215
vn -0.897288 0.404833 0.067976
vn -0.932569 0.296697 0.123870
vn -0.892530 0.420943 -0.003306
vn -0.932569 0.296697 0.123870
vn -0.897288 0.404833 0.067976
vn -0.939995 0.298858 -0.023767
vn -0.916153 0.359409 0.070619
vn -0.937631 0.304737 -0.038013
vn -0.939995 0.298858 -0.023767
vn -0.916153 0.359409 0.070619
vn -0.951793 0.258665 0.023913
vn -0.937631 0.304737 -0.038013
vn -0.968596 -0.074742 0.169170
vn -0.921251 -0.318492 0.150867
vn -0.944714 -0.267679 0.095050
vn -0.888893 -0.419812 0.085067
vn -0.944714 -0.267679 0.095050
vn -0.921251 -0.318492 0.150867
vn -0.848301 -0.504405 0.007725
vn -0.888893 -0.419812 0.085067
vn -0.804439 -0.567522 0.070782
vn -0.848520 -0.502133 0.043766
vn -0.804439 -0.567522 0.070782
vn -0.888893 -0.419812 0.085067
vn -0.921251 -0.318492 0.150867
vn -0.910412 -0.359967 0.121663
vn -0.888893 -0.419812 0.085067
vn -0.888893 -0.419812 0.085067
vn -0.910412 -0.359967 0.121663
vn -0.848520 -0.502133 0.043766
vn -0.910412 -0.359967 0.121663
vn -0.920122 -0.353985 0.040559
vn -0.848520 -0.502133 0.043766
vn -0.920122 -0.353985 0.040559
vn -0.842571 -0.493309 -0.142194
vn -0.848520 -0.502133 0.043766
vn -0.718227 -0.663851 -0.133237
vn -0.848520 -0.502133 0.043766
vn -0.842571 -0.493309 -0.142194
vn -0.912967 -0.344989 -0.143190
vn -0.842571 -0.493309 -0.142194
vn -0.920122 -0.353985 0.040559
vn -0.920122 -0.353985 0.040559
vn -0.960117 -0.222108 -0.046091
vn -0.912967 -0.344989 -0.143190
vn -0.912967 -0.344989 -0.143190
vn -0.960117 -0.222108 -0.046091
vn -0.931242 -0.233023 -0.224607
vn -0.931242 -0.233023 -0.224607
vn -0.887498 -0.357501 -0.237912
vn -0.912967 -0.344989 -0.143190
vn -0.912967 -0.344989 -0.143190
vn -0.887498 -0.357501 -0.237912
vn -0.842571 -0.493309 -0.142194
vn -0.842571 -0.493309 -0.142194
vn -0.887498 -0.357501 -0.237912
vn -0.802677 -0.500798 -0.277251
vn -0.935262 -0.132619 -0.280601
vn -0.971367 -0.107834 -0.132403
vn -0.964269 -0.003924 -0.205325
vn -0.939995 0.298858 -0.023767
vn -0.960315 0.222093 0.041961
vn -0.953487 0.212968 0.135367
vn -0.953487 0.212968 0.135367
vn -0.973777 0.121337 0.099855
vn -0.975885 0.016682 0.141331
vn -0.968596 -0.074742 0.169170
vn -0.975885 0.016682 0.141331
vn -0.948238 -0.221555 0.156269
vn -0.968596 -0.074742 0.169170
vn -0.948238 -0.221555 0.156269
vn -0.921251 -0.318492 0.150867
vn -0.975885 0.016682 0.141331
vn -0.980443 -0.103537 0.034281
vn -0.954773 -0.230039 0.092764
vn -0.975885 0.016682 0.141331
vn -0.954773 -0.230039 0.092764
vn -0.948238 -0.221555 0.156269
vn -0.910412 -0.359967 0.121663
vn -0.948238 -0.221555 0.156269
vn -0.954773 -0.230039 0.092764
vn -0.920122 -0.353985 0.040559
vn -0.910412 -0.359967 0.121663
vn -0.954773 -0.230039 0.092764
vn -0.921251 -0.318492 0.150867
vn -0.948238 -0.221555 0.156269
vn -0.910412 -0.359967 0.121663
vn -0.954773 -0.230039 0.092764
vn -0.980443 -0.103537 0.034281
vn -0.960117 -0.222108 -0.046091
vn -0.954773 -0.230039 0.092764
vn -0.960117 -0.222108 -0.046091
vn -0.920122 -0.353985 0.040559
vn -0.960117 -0.222108 -0.046091
vn -0.971367 -0.107834 -0.132403
vn -0.931242 -0.233023 -0.224607
vn -0.935262 -0.132619 -0.280601
vn -0.931242 -0.233023 -0.224607
vn -0.971367 -0.107834 -0.132403
vn -0.985554 0.007015 -0.041732
vn -0.972702 0.108386 -0.122023
vn -0.964269 -0.003924 -0.205325
vn -0.985554 0.007015 -0.041732
vn -0.964269 -0.003924 -0.205325
vn -0.971367 -0.107834 -0.132403
vn -0.980443 -0.103537 0.034281
vn -0.985554 0.007015 -0.041732
vn -0.971367 -0.107834 -0.132403
vn -0.980443 -0.103537 0.034281
vn -0.971367 -0.107834 -0.132403
vn -0.960117 -0.222108 -0.046091
vn -0.783085 -0.518896 -0.298678
vn -0.802677 -0.500798 -0.277251
vn -0.853997 -0.417144 -0.261879
vn -0.853997 -0.417144 -0.261879
vn -0.802677 -0.500798 -0.277251
vn -0.887498 -0.357501 -0.237912
vn -0.931242 -0.233023 -0.224607
vn -0.928805 -0.200350 -0.261889
vn -0.853997 -0.417144 -0.261879
vn -0.978132 0.006671 -0.126207
vn -0.959910 -0.012313 -0.224024
vn -0.959699 0.136846 -0.180484
vn -0.937631 0.304737 -0.038013
vn -0.959699 0.136846 -0.180484
vn -0.972702 0.108386 -0.122023
vn -0.939995 0.298858 -0.023767
vn -0.937631 0.304737 -0.038013
vn -0.972702 0.108386 -0.122023
vn -0.978973 0.115765 -0.037128
vn -0.939995 0.298858 -0.023767
vn -0.972702 0.108386 -0.122023
vn -0.978973 0.115765 -0.037128
vn -0.972702 0.108386 -0.122023
vn -0.985554 0.007015 -0.041732
vn -0.975885 0.016682 0.141331
vn -0.985554 0.007015 -0.041732
vn -0.980443 -0.103537 0.034281
vn -0.975885 0.016682 0.141331
vn -0.973777 0.121337 0.099855
vn -0.985554 0.007015 -0.041732
vn -0.973777 0.121337 0.099855
vn -0.978973 0.115765 -0.037128
vn -0.985554 0.007015 -0.041732
vn -0.973777 0.121337 0.099855
vn -0.960315 0.222093 0.041961
vn -0.978973 0.115765 -0.037128
vn -0.960315 0.222093 0.041961
vn -0.939995 0.298858 -0.023767
vn -0.978973 0.115765 -0.037128
vn -0.953487 0.212968 0.135367
vn -0.960315 0.222093 0.041961
vn -0.973777 0.121337 0.099855
vn -0.972702 0.108386 -0.122023
vn -0.959699 0.136846 -0.180484
vn -0.964269 -0.003924 -0.205325
vn -0.964269 -0.003924 -0.205325
vn -0.939462 -0.069612 -0.288839
vn -0.935262 -0.132619 -0.280601
vn -0.935262 -0.132619 -0.280601
vn -0.939462 -0.069612 -0.288839
vn -0.928805 -0.200350 -0.261889
vn -0.931242 -0.233023 -0.224607
vn -0.935262 -0.132619 -0.280601
vn -0.928805 -0.200350 -0.261889
vn -0.928805 -0.200350 -0.261889
vn -0.939462 -0.069612 -0.288839
vn -0.959820 -0.118324 -0.192171
vn -0.939462 -0.069612 -0.288839
vn -0.959910 -0.012313 -0.224024
vn -0.959820 -0.118324 -0.192171
vn -0.978132 0.006671 -0.126207
vn -0.959820 -0.118324 -0.192171
vn -0.959910 -0.012313 -0.224024
vn -0.964269 -0.003924 -0.205325
vn -0.959910 -0.012313 -0.224024
vn -0.939462 -0.069612 -0.288839
vn -0.959699 0.136846 -0.180484
vn -0.959910 -0.012313 -0.224024
vn -0.964269 -0.003924 -0.205325
vn -0.681768 -0.659199 -0.270896
vn -0.802677 -0.500798 -0.277251
vn -0.783085 -0.518896 -0.298678
vn -0.783085 -0.518896 -0.298678
vn -0.704557 -0.649032 -0.235666
vn -0.681768 -0.659199 -0.270896
vn -0.783085 -0.518896 -0.298678
vn -0.823920 -0.506813 -0.193315
vn -0.704557 -0.649032 -0.235666
vn -0.783085 -0.518896 -0.298678
vn -0.853997 -0.417144 -0.261879
vn -0.823920 -0.506813 -0.193315
vn -0.853997 -0.417144 -0.261879
vn -0.883158 -0.403486 -0.173655
vn -0.823920 -0.506813 -0.193315
vn -0.928503 -0.295332 -0.153267
vn -0.883158 -0.403486 -0.173655
vn -0.928805 -0.200350 -0.261889
vn -0.928503 -0.295332 -0.153267
vn -0.917314 -0.359771 -0.051593
vn -0.883158 -0.403486 -0.173655
vn -0.845265 -0.502016 -0.085986
vn -0.883158 -0.403486 -0.173655
vn -0.891975 -0.420803 0.032996
vn -0.855685 -0.491263 0.022417
vn -0.845265 -0.502016 -0.085986
vn -0.891975 -0.420803 0.032996
vn -0.891975 -0.420803 0.032996
vn -0.917314 -0.359771 -0.051593
vn -0.905663 -0.373809 0.115531
vn -0.891975 -0.420803 0.032996
vn -0.905663 -0.373809 0.115531
vn -0.873169 -0.401092 0.221571
vn -0.740812 -0.652501 0.013096
vn -0.609594 -0.768680 -0.111933
vn -0.711027 -0.675013 -0.115228
vn -0.789868 -0.590644 -0.040672
vn -0.711027 -0.675013 -0.115228
vn -0.784485 -0.582177 -0.139737
vn -0.789868 -0.590644 -0.040672
vn -0.784485 -0.582177 -0.139737
vn -0.845265 -0.502016 -0.085986
vn -0.823920 -0.506813 -0.193315
vn -0.784485 -0.582177 -0.139737
vn -0.704557 -0.649032 -0.235666
vn -0.845265 -0.502016 -0.085986
vn -0.784485 -0.582177 -0.139737
vn -0.823920 -0.506813 -0.193315
vn -0.845265 -0.502016 -0.085986
vn -0.823920 -0.506813 -0.193315
vn -0.883158 -0.403486 -0.173655
vn -0.711027 -0.675013 -0.115228
vn -0.789868 -0.590644 -0.040672
vn -0.740812 -0.652501 0.013096
vn -0.789868 -0.590644 -0.040672
vn -0.855685 -0.491263 0.022417
vn -0.740812 -0.652501 0.013096
vn -0.855685 -0.491263 0.022417
vn -0.891975 -0.420803 0.032996
vn -0.848571 -0.465552 0.190125
vn -0.848571 -0.465552 0.190125
vn -0.891975 -0.420803 0.032996
vn -0.873169 -0.401092 0.221571
vn -0.609594 -0.768680 -0.111933
vn -0.693437 -0.702033 0.035307
vn -0.684855 -0.704480 0.097059
vn -0.609594 -0.768680 -0.111933
vn -0.684855 -0.704480 0.097059
vn -0.562680 -0.810593 -0.043282
vn -0.885680 -0.435121 -0.009871
vn -0.922076 -0.349523 0.034443
vn -0.901083 -0.401291 0.027351
vn -0.830818 -0.532825 -0.006954
vn -0.885680 -0.435121 -0.009871
vn -0.901083 -0.401291 0.027351
vn -0.796365 -0.581996 -0.038170
vn -0.901083 -0.401291 0.027351
vn -0.848301 -0.504405 0.007725
vn -0.901083 -0.401291 0.027351
vn -0.888893 -0.419812 0.085067
vn -0.848301 -0.504405 0.007725
vn -0.804439 -0.567522 0.070782
vn -0.736469 -0.657299 0.017958
vn -0.848301 -0.504405 0.007725
vn -0.698224 -0.694593 0.069555
vn -0.636224 -0.748815 -0.097317
vn -0.736469 -0.657299 0.017958
vn -0.736469 -0.657299 0.017958
vn -0.804439 -0.567522 0.070782
vn -0.698224 -0.694593 0.069555
vn -0.698224 -0.694593 0.069555
vn -0.575902 -0.801334 -0.041153
vn -0.636224 -0.748815 -0.097317
vn -0.848520 -0.502133 0.043766
vn -0.729816 -0.663579 0.042117
vn -0.804439 -0.567522 0.070782
vn -0.698224 -0.694593 0.069555
vn -0.804439 -0.567522 0.070782
vn -0.729816 -0.663579 0.042117
vn -0.729816 -0.663579 0.042117
vn -0.848520 -0.502133 0.043766
vn -0.718227 -0.663851 -0.133237
vn -0.611857 -0.774435 -0.035070
vn -0.729816 -0.663579 0.042117
vn -0.718227 -0.663851 -0.133237
vn -0.718227 -0.663851 -0.133237
vn -0.842571 -0.493309 -0.142194
vn -0.802677 -0.500798 -0.277251
vn -0.802677 -0.500798 -0.277251
vn -0.681768 -0.659199 -0.270896
vn -0.718227 -0.663851 -0.133237
vn -0.617700 -0.760607 -0.121729
vn -0.718227 -0.663851 -0.133237
vn -0.681768 -0.659199 -0.270896
vn -0.611857 -0.774435 -0.035070
vn -0.575902 -0.801334 -0.041153
vn -0.698224 -0.694593 0.069555
vn -0.609594 -0.768680 -0.111933
vn -0.617700 -0.760607 -0.121729
vn -0.681768 -0.659199 -0.270896
vn -0.817427 -0.546741 -0.083422
vn -0.885680 -0.435121 -0.009871
vn -0.830818 -0.532825 -0.006954
vn -0.830818 -0.532825 -0.006954
vn -0.901083 -0.401291 0.027351
vn -0.796365 -0.581996 -0.038170
vn -0.796365 -0.581996 -0.038170
vn -0.848301 -0.504405 0.007725
vn -0.736469 -0.657299 0.017958
vn -0.562680 -0.810593 -0.043282
vn -0.611857 -0.774435 -0.035070
vn -0.617700 -0.760607 -0.121729
vn -0.603666 -0.765561 -0.155457
vn -0.636224 -0.748815 -0.097317
vn -0.575902 -0.801334 -0.041153
vn -0.636224 -0.748815 -0.097317
vn -0.650750 -0.733134 -0.117506
vn -0.683241 -0.703850 -0.111484
vn -0.650750 -0.733134 -0.117506
vn -0.636224 -0.748815 -0.097317
vn -0.603666 -0.765561 -0.155457
vn -0.650750 -0.733134 -0.117506
vn -0.738210 -0.629003 -0.181957
vn -0.774054 -0.578529 -0.198622
vn -0.650750 -0.733134 -0.117506
vn -0.774054 -0.578529 -0.198622
vn -0.722681 -0.647660 -0.179147
vn -0.864814 -0.465058 -0.097539
vn -0.810797 -0.546287 -0.133960
vn -0.839131 -0.502756 -0.129331
vn -0.864814 -0.465058 -0.097539
vn -0.839131 -0.502756 -0.129331
vn -0.885737 -0.446526 -0.126824
vn -0.839131 -0.502756 -0.129331
vn -0.869675 -0.475143 -0.133809
vn -0.885737 -0.446526 -0.126824
vn -0.944591 -0.281882 -0.041174
vn -0.864814 -0.465058 -0.097539
vn -0.904551 -0.409560 -0.118520
vn -0.864814 -0.465058 -0.097539
vn -0.885737 -0.446526 -0.126824
vn -0.904551 -0.409560 -0.118520
vn -0.944591 -0.281882 -0.041174
vn -0.885680 -0.435121 -0.009871
vn -0.864814 -0.465058 -0.097539
vn -0.864814 -0.465058 -0.097539
vn -0.885680 -0.435121 -0.009871
vn -0.817427 -0.546741 -0.083422
vn -0.964962 -0.205058 -0.010389
vn -0.977926 -0.125484 0.033150
vn -0.951932 -0.250433 0.066147
vn -0.977926 -0.125484 0.033150
vn -0.970052 -0.154674 0.089980
vn -0.951932 -0.250433 0.066147
vn -0.951932 -0.250433 0.066147
vn -0.922076 -0.349523 0.034443
vn -0.964962 -0.205058 -0.010389
vn -0.964962 -0.205058 -0.010389
vn -0.922076 -0.349523 0.034443
vn -0.944591 -0.281882 -0.041174
vn -0.922076 -0.349523 0.034443
vn -0.951932 -0.250433 0.066147
vn -0.901083 -0.401291 0.027351
vn -0.944591 -0.281882 -0.041174
vn -0.922076 -0.349523 0.034443
vn -0.885680 -0.435121 -0.009871
vn -0.951932 -0.250433 0.066147
vn -0.888893 -0.419812 0.085067
vn -0.901083 -0.401291 0.027351
vn -0.951932 -0.250433 0.066147
vn -0.944714 -0.267679 0.095050
vn -0.888893 -0.419812 0.085067
vn -0.970052 -0.154674 0.089980
vn -0.968596 -0.074742 0.169170
vn -0.944714 -0.267679 0.095050
vn -0.970052 -0.154674 0.089980
vn -0.944714 -0.267679 0.095050
vn -0.951932 -0.250433 0.066147
vn -0.983969 0.055472 0.042942
vn -0.968596 -0.074742 0.169170
vn -0.970052 -0.154674 0.089980
vn -0.977926 -0.125484 0.033150
vn -0.983969 0.055472 0.042942
vn -0.970052 -0.154674 0.089980
vn -0.986121 -0.022639 0.014340
vn -0.983969 0.055472 0.042942
vn -0.977926 -0.125484 0.033150
vn -0.964962 -0.205058 -0.010389
vn -0.986121 -0.022639 0.014340
vn -0.977926 -0.125484 0.033150
vn -0.984405 -0.031841 -0.054851
vn -0.986121 -0.022639 0.014340
vn -0.964962 -0.205058 -0.010389
vn -0.944591 -0.281882 -0.041174
vn -0.904551 -0.409560 -0.118520
vn -0.955217 -0.282544 -0.087913
vn -0.944591 -0.281882 -0.041174
vn -0.955217 -0.282544 -0.087913
vn -0.980206 -0.180619 -0.081080
vn -0.964962 -0.205058 -0.010389
vn -0.944591 -0.281882 -0.041174
vn -0.983476 -0.163345 -0.078054
vn -0.944591 -0.281882 -0.041174
vn -0.980206 -0.180619 -0.081080
vn -0.983476 -0.163345 -0.078054
vn -0.984405 -0.031841 -0.054851
vn -0.964962 -0.205058 -0.010389
vn -0.988294 -0.128145 -0.082793
vn -0.964962 -0.205058 -0.010389
vn -0.983476 -0.163345 -0.078054
vn -0.988294 -0.128145 -0.082793
vn -0.978643 0.124188 -0.006858
vn -0.986121 -0.022639 0.014340
vn -0.984405 -0.031841 -0.054851
vn -0.986121 -0.022639 0.014340
vn -0.978643 0.124188 -0.006858
vn -0.983969 0.055472 0.042942
vn -0.962816 0.160384 0.141282
vn -0.975885 0.016682 0.141331
vn -0.968596 -0.074742 0.169170
vn -0.962816 0.160384 0.141282
vn -0.953487 0.212968 0.135367
vn -0.975885 0.016682 0.141331
vn -0.962816 0.160384 0.141282
vn -0.968596 -0.074742 0.169170
vn -0.983969 0.055472 0.042942
vn -0.775352 -0.592692 -0.146329
vn -0.753381 -0.642134 -0.141707
vn -0.795959 -0.582708 -0.164011
vn 0.592139 -0.784946 0.091873
vn 0.595298 -0.799267 0.082421
vn 0.566343 -0.819850 0.084266
vn 0.410722 -0.890307 0.119837
vn 0.430425 -0.898287 0.088400
vn 0.306118 -0.948535 0.081075
vn -0.010343 -0.987235 0.044493
vn 0.190284 -0.979865 0.060468
vn 0.043334 -0.998464 0.034534
vn -0.010343 -0.987235 0.044493
vn 0.144289 -0.973630 0.087683
vn 0.190284 -0.979865 0.060468
vn 0.144289 -0.973630 0.087683
vn 0.242536 -0.967620 0.069916
vn 0.190284 -0.979865 0.060468
vn 0.144289 -0.973630 0.087683
vn -0.010343 -0.987235 0.044493
vn 0.094573 -0.980820 0.074971
vn 0.094573 -0.980820 0.074971
vn -0.010343 -0.987235 0.044493
vn -0.159524 -0.975264 0.009804
vn 0.303851 -0.935855 0.089636
vn 0.094573 -0.980820 0.074971
vn 0.010742 -0.987917 0.025806
vn 0.519323 -0.835985 0.083605
vn 0.303851 -0.935855 0.089636
vn 0.242132 -0.957726 0.026006
vn 0.519323 -0.835985 0.083605
vn 0.242132 -0.957726 0.026006
vn 0.471042 -0.868375 0.000503
vn 0.471042 -0.868375 0.000503
vn 0.670502 -0.721848 0.065821
vn 0.519323 -0.835985 0.083605
vn 0.471042 -0.868375 0.000503
vn 0.242132 -0.957726 0.026006
vn 0.189818 -0.969710 -0.016461
vn 0.471042 -0.868375 0.000503
vn 0.687092 -0.709078 -0.011486
vn 0.670502 -0.721848 0.065821
vn 0.528430 -0.834567 0.001503
vn 0.687092 -0.709078 -0.011486
vn 0.471042 -0.868375 0.000503
vn 0.471042 -0.868375 0.000503
vn 0.189818 -0.969710 -0.016461
vn 0.528430 -0.834567 0.001503
vn 0.726193 -0.668822 -0.011564
vn 0.687092 -0.709078 -0.011486
vn 0.528430 -0.834567 0.001503
vn 0.528430 -0.834567 0.001503
vn 0.189818 -0.969710 -0.016461
vn 0.154558 -0.976102 0.005453
vn 0.528430 -0.834567 0.001503
vn 0.587785 -0.792688 0.039982
vn 0.726193 -0.668822 -0.011564
vn 0.805404 -0.569466 -0.036822
vn 0.726193 -0.668822 -0.011564
vn 0.587785 -0.792688 0.039982
vn 0.528430 -0.834567 0.001503
vn 0.154558 -0.976102 0.005453
vn 0.587785 -0.792688 0.039982
vn 0.587785 -0.792688 0.039982
vn 0.154558 -0.976102 0.005453
vn 0.168629 -0.972012 0.057687
vn 0.821279 -0.547050 0.022150
vn 0.587785 -0.792688 0.039982
vn 0.813612 -0.549601 0.099879
vn 0.573592 -0.795405 0.115996
vn 0.813612 -0.549601 0.099879
vn 0.587785 -0.792688 0.039982
vn 0.587785 -0.792688 0.039982
vn 0.168629 -0.972012 0.057687
vn 0.175340 -0.967115 0.101425
vn 0.587785 -0.792688 0.039982
vn 0.175340 -0.967115 0.101425
vn 0.573592 -0.795405 0.115996
vn 0.168629 -0.972012 0.057687
vn -0.230722 -0.950325 0.140052
vn 0.175340 -0.967115 0.101425
vn 0.168629 -0.972012 0.057687
vn -0.221088 -0.962827 0.025771
vn -0.230722 -0.950325 0.140052
vn -0.221088 -0.962827 0.025771
vn -0.519230 -0.839275 0.041736
vn -0.230722 -0.950325 0.140052
vn -0.519230 -0.839275 0.041736
vn -0.547190 -0.808028 0.150419
vn -0.230722 -0.950325 0.140052
vn 0.175340 -0.967115 0.101425
vn -0.230722 -0.950325 0.140052
vn 0.140893 -0.961536 0.176970
vn 0.140893 -0.961536 0.176970
vn 0.533099 -0.813953 0.167699
vn 0.175340 -0.967115 0.101425
vn 0.573592 -0.795405 0.115996
vn 0.175340 -0.967115 0.101425
vn 0.533099 -0.813953 0.167699
vn 0.533099 -0.813953 0.167699
vn 0.813612 -0.549601 0.099879
vn 0.573592 -0.795405 0.115996
vn 0.140893 -0.961536 0.176970
vn -0.230722 -0.950325 0.140052
vn -0.226288 -0.940717 0.197990
vn 0.813612 -0.549601 0.099879
vn 0.533099 -0.813953 0.167699
vn 0.729958 -0.635726 0.191455
vn 0.861170 -0.447313 0.176996
vn 0.813612 -0.549601 0.099879
vn 0.729958 -0.635726 0.191455
vn 0.871758 -0.459497 0.052574
vn 0.881987 -0.442142 -0.021867
vn 0.897081 -0.402249 0.083689
vn 0.869577 -0.466654 -0.005819
vn 0.904010 -0.382926 -0.097823
vn 0.881987 -0.442142 -0.021867
vn 0.836982 -0.522680 -0.020651
vn 0.869577 -0.466654 -0.005819
vn 0.881987 -0.442142 -0.021867
vn 0.898241 -0.377922 0.152893
vn 0.927095 -0.283459 0.180814
vn 0.911693 -0.368774 0.079419
vn 0.892463 -0.420620 0.019760
vn 0.898241 -0.377922 0.152893
vn 0.911693 -0.368774 0.079419
vn 0.892463 -0.420620 0.019760
vn 0.911693 -0.368774 0.079419
vn 0.908986 -0.383330 -0.022158
vn 0.869577 -0.466654 -0.005819
vn 0.858525 -0.482176 0.065884
vn 0.892463 -0.420620 0.019760
vn 0.892463 -0.420620 0.019760
vn 0.908986 -0.383330 -0.022158
vn 0.869577 -0.466654 -0.005819
vn 0.869577 -0.466654 -0.005819
vn 0.908986 -0.383330 -0.022158
vn 0.904010 -0.382926 -0.097823
vn 0.949694 -0.141282 0.223531
vn 0.921913 -0.132934 0.320590
vn 0.939812 -0.028628 0.294433
vn 0.927095 -0.283459 0.180814
vn 0.898241 -0.377922 0.152893
vn 0.916422 -0.244508 0.267911
vn 0.916422 -0.244508 0.267911
vn 0.921913 -0.132934 0.320590
vn 0.949694 -0.141282 0.223531
vn 0.916422 -0.244508 0.267911
vn 0.949694 -0.141282 0.223531
vn 0.927095 -0.283459 0.180814
vn 0.891340 0.181102 0.376902
vn 0.891138 0.218422 0.357704
vn 0.860729 0.319255 0.356694
vn 0.752049 0.504514 0.387088
vn 0.860729 0.319255 0.356694
vn 0.824953 0.362825 0.396360
vn 0.860729 0.319255 0.356694
vn 0.891138 0.218422 0.357704
vn 0.824953 0.362825 0.396360
vn 0.891138 0.218422 0.357704
vn 0.891340 0.181102 0.376902
vn 0.910085 0.117912 0.357095
vn 0.921913 -0.132934 0.320590
vn 0.923413 -0.102456 0.327168
vn 0.911299 -0.047884 0.369621
vn 0.926725 -0.247644 0.227598
vn 0.921913 -0.132934 0.320590
vn 0.916422 -0.244508 0.267911
vn 0.921913 -0.132934 0.320590
vn 0.926725 -0.247644 0.227598
vn 0.923413 -0.102456 0.327168
vn 0.858525 -0.482176 0.065884
vn 0.898241 -0.377922 0.152893
vn 0.892463 -0.420620 0.019760
vn 0.915613 -0.327732 0.164467
vn 0.916422 -0.244508 0.267911
vn 0.898241 -0.377922 0.152893
vn 0.916422 -0.244508 0.267911
vn 0.915613 -0.327732 0.164467
vn 0.926725 -0.247644 0.227598
vn 0.915613 -0.327732 0.164467
vn 0.898241 -0.377922 0.152893
vn 0.892495 -0.409572 0.096057
vn 0.892495 -0.409572 0.096057
vn 0.858525 -0.482176 0.065884
vn 0.816050 -0.555056 -0.016340
vn 0.836982 -0.522680 -0.020651
vn 0.816050 -0.555056 -0.016340
vn 0.858525 -0.482176 0.065884
vn 0.816050 -0.555056 -0.016340
vn 0.843543 -0.511250 -0.033954
vn 0.892436 -0.417153 -0.057043
vn 0.892436 -0.417153 -0.057043
vn 0.843543 -0.511250 -0.033954
vn 0.902842 -0.393958 -0.057565
vn 0.843543 -0.511250 -0.033954
vn 0.816050 -0.555056 -0.016340
vn 0.836982 -0.522680 -0.020651
vn 0.930702 -0.307885 0.110324
vn 0.921088 -0.352053 0.035182
vn 0.911421 -0.355039 0.128170
vn 0.911421 -0.355039 0.128170
vn 0.916258 -0.361638 0.056943
vn 0.932698 -0.291362 0.134727
vn 0.843543 -0.511250 -0.033954
vn 0.836982 -0.522680 -0.020651
vn 0.840707 -0.515787 -0.035833
vn 0.858525 -0.482176 0.065884
vn 0.869577 -0.466654 -0.005819
vn 0.836982 -0.522680 -0.020651
vn 0.840707 -0.515787 -0.035833
vn 0.871758 -0.459497 0.052574
vn 0.834245 -0.525773 0.041617
vn 0.858915 -0.478867 0.082288
vn 0.834245 -0.525773 0.041617
vn 0.871758 -0.459497 0.052574
vn 0.834245 -0.525773 0.041617
vn 0.858915 -0.478867 0.082288
vn 0.843543 -0.511250 -0.033954
vn 0.834245 -0.525773 0.041617
vn 0.843543 -0.511250 -0.033954
vn 0.840707 -0.515787 -0.035833
vn 0.836982 -0.522680 -0.020651
vn 0.881987 -0.442142 -0.021867
vn 0.840707 -0.515787 -0.035833
vn 0.840707 -0.515787 -0.035833
vn 0.881987 -0.442142 -0.021867
vn 0.871758 -0.459497 0.052574
vn 0.897081 -0.402249 0.083689
vn 0.893407 -0.396093 0.134795
vn 0.871758 -0.459497 0.052574
vn 0.858915 -0.478867 0.082288
vn 0.871758 -0.459497 0.052574
vn 0.893407 -0.396093 0.134795
vn 0.893407 -0.396093 0.134795
vn 0.897081 -0.402249 0.083689
vn 0.861170 -0.447313 0.176996
vn 0.858915 -0.478867 0.082288
vn 0.893407 -0.396093 0.134795
vn 0.906373 -0.382527 0.075520
vn 0.924495 -0.324939 0.113640
vn 0.951549 -0.241978 0.095512
vn 0.906373 -0.382527 0.075520
vn 0.890753 -0.390651 0.164094
vn 0.893407 -0.396093 0.134795
vn 0.861170 -0.447313 0.176996
vn 0.861170 -0.447313 0.176996
vn 0.828810 -0.507491 0.169823
vn 0.890753 -0.390651 0.164094
vn 0.861170 -0.447313 0.176996
vn 0.729958 -0.635726 0.191455
vn 0.828810 -0.507491 0.169823
vn 0.702919 -0.666192 0.189479
vn 0.828810 -0.507491 0.169823
vn 0.729958 -0.635726 0.191455
vn 0.533099 -0.813953 0.167699
vn 0.441642 -0.866862 0.169278
vn 0.702919 -0.666192 0.189479
vn 0.729958 -0.635726 0.191455
vn 0.533099 -0.813953 0.167699
vn 0.702919 -0.666192 0.189479
vn 0.533099 -0.813953 0.167699
vn 0.140893 -0.961536 0.176970
vn 0.138496 -0.952435 0.221034
vn 0.167378 -0.949022 0.215760
vn 0.138496 -0.952435 0.221034
vn -0.164856 -0.942400 0.243943
vn -0.226288 -0.940717 0.197990
vn -0.164856 -0.942400 0.243943
vn 0.138496 -0.952435 0.221034
vn -0.226288 -0.940717 0.197990
vn 0.138496 -0.952435 0.221034
vn 0.140893 -0.961536 0.176970
vn -0.226288 -0.940717 0.197990
vn -0.477960 -0.829949 0.238488
vn -0.164856 -0.942400 0.243943
vn 0.167378 -0.949022 0.215760
vn -0.164856 -0.942400 0.243943
vn -0.085963 -0.959037 0.219307
vn 0.167378 -0.949022 0.215760
vn 0.441642 -0.866862 0.169278
vn 0.138496 -0.952435 0.221034
vn 0.533099 -0.813953 0.167699
vn 0.138496 -0.952435 0.221034
vn 0.441642 -0.866862 0.169278
vn 0.924495 -0.324939 0.113640
vn 0.893407 -0.396093 0.134795
vn 0.890753 -0.390651 0.164094
vn 0.924495 -0.324939 0.113640
vn 0.906373 -0.382527 0.075520
vn 0.893407 -0.396093 0.134795
vn 0.828810 -0.507491 0.169823
vn 0.702919 -0.666192 0.189479
vn 0.818829 -0.522097 0.173963
vn 0.876476 -0.404907 0.201207
vn 0.890753 -0.390651 0.164094
vn 0.818829 -0.522097 0.173963
vn 0.890753 -0.390651 0.164094
vn 0.828810 -0.507491 0.169823
vn 0.818829 -0.522097 0.173963
vn 0.918364 -0.307663 0.185750
vn 0.890753 -0.390651 0.164094
vn 0.876476 -0.404907 0.201207
vn 0.890753 -0.390651 0.164094
vn 0.918364 -0.307663 0.185750
vn 0.924495 -0.324939 0.113640
vn 0.918364 -0.307663 0.185750
vn 0.951549 -0.241978 0.095512
vn 0.924495 -0.324939 0.113640
vn 0.940699 -0.239747 0.173612
vn 0.951549 -0.241978 0.095512
vn 0.918364 -0.307663 0.185750
vn 0.876476 -0.404907 0.201207
vn 0.879963 -0.393702 0.207843
vn 0.918364 -0.307663 0.185750
vn 0.879963 -0.393702 0.207843
vn 0.876476 -0.404907 0.201207
vn 0.818829 -0.522097 0.173963
vn 0.681474 -0.704816 0.115993
vn 0.760309 -0.613895 0.138164
vn 0.818829 -0.522097 0.173963
vn 0.818829 -0.522097 0.173963
vn 0.639208 -0.740556 0.133012
vn 0.681474 -0.704816 0.115993
vn 0.848751 -0.480425 0.149034
vn 0.818829 -0.522097 0.173963
vn 0.760309 -0.613895 0.138164
vn 0.848751 -0.480425 0.149034
vn 0.887359 -0.408544 0.137609
vn 0.879963 -0.393702 0.207843
vn 0.932328 -0.249934 0.201397
vn 0.918364 -0.307663 0.185750
vn 0.879963 -0.393702 0.207843
vn 0.932328 -0.249934 0.201397
vn 0.879963 -0.393702 0.207843
vn 0.887359 -0.408544 0.137609
vn 0.918364 -0.307663 0.185750
vn 0.932328 -0.249934 0.201397
vn 0.940699 -0.239747 0.173612
vn 0.946106 -0.272588 0.062472
vn 0.916989 -0.364157 0.012815
vn 0.951549 -0.241978 0.095512
vn 0.906373 -0.382527 0.075520
vn 0.951549 -0.241978 0.095512
vn 0.916989 -0.364157 0.012815
vn 0.946106 -0.272588 0.062472
vn 0.951549 -0.241978 0.095512
vn 0.940699 -0.239747 0.173612
vn 0.946106 -0.272588 0.062472
vn 0.940699 -0.239747 0.173612
vn 0.949076 -0.179309 0.198215
vn 0.949076 -0.179309 0.198215
vn 0.940699 -0.239747 0.173612
vn 0.932328 -0.249934 0.201397
vn 0.804602 -0.563148 0.097720
vn 0.848751 -0.480425 0.149034
vn 0.760309 -0.613895 0.138164
vn 0.733295 -0.657508 0.067789
vn 0.804602 -0.563148 0.097720
vn 0.760309 -0.613895 0.138164
vn 0.681474 -0.704816 0.115993
vn 0.733295 -0.657508 0.067789
vn 0.760309 -0.613895 0.138164
vn 0.434292 -0.878163 0.125707
vn 0.639208 -0.740556 0.133012
vn 0.441642 -0.866862 0.169278
vn 0.702919 -0.666192 0.189479
vn 0.639208 -0.740556 0.133012
vn 0.818829 -0.522097 0.173963
vn 0.441642 -0.866862 0.169278
vn 0.639208 -0.740556 0.133012
vn 0.702919 -0.666192 0.189479
vn 0.441642 -0.866862 0.169278
vn 0.167378 -0.949022 0.215760
vn 0.204679 -0.952612 0.162572
vn 0.441642 -0.866862 0.169278
vn 0.204679 -0.952612 0.162572
vn 0.434292 -0.878163 0.125707
vn 0.167378 -0.949022 0.215760
vn -0.085963 -0.959037 0.219307
vn 0.204679 -0.952612 0.162572
vn -0.085963 -0.959037 0.219307
vn -0.259306 -0.929728 0.208626
vn 0.006065 -0.975121 0.158406
vn 0.204679 -0.952612 0.162572
vn -0.085963 -0.959037 0.219307
vn 0.006065 -0.975121 0.158406
vn 0.434292 -0.878163 0.125707
vn 0.204679 -0.952612 0.162572
vn 0.379607 -0.906318 0.101995
vn 0.639208 -0.740556 0.133012
vn 0.434292 -0.878163 0.125707
vn 0.573472 -0.801505 0.064390
vn 0.434292 -0.878163 0.125707
vn 0.379607 -0.906318 0.101995
vn 0.573472 -0.801505 0.064390
vn 0.379607 -0.906318 0.101995
vn 0.204679 -0.952612 0.162572
vn 0.223300 -0.957769 0.095528
vn 0.573472 -0.801505 0.064390
vn 0.681474 -0.704816 0.115993
vn 0.639208 -0.740556 0.133012
vn 0.733295 -0.657508 0.067789
vn 0.681474 -0.704816 0.115993
vn 0.650635 -0.741567 0.043559
vn 0.804602 -0.563148 0.097720
vn 0.839049 -0.512248 0.086724
vn 0.887359 -0.408544 0.137609
vn 0.888003 -0.395155 0.168094
vn 0.887359 -0.408544 0.137609
vn 0.839049 -0.512248 0.086724
vn 0.886297 -0.433887 -0.008518
vn 0.843543 -0.511250 -0.033954
vn 0.858915 -0.478867 0.082288
vn 0.916258 -0.361638 0.056943
vn 0.927291 -0.336491 -0.021644
vn 0.886297 -0.433887 -0.008518
vn 0.916258 -0.361638 0.056943
vn 0.916989 -0.364157 0.012815
vn 0.946106 -0.272588 0.062472
vn 0.886297 -0.433887 -0.008518
vn 0.906373 -0.382527 0.075520
vn 0.916989 -0.364157 0.012815
vn 0.886297 -0.433887 -0.008518
vn 0.858915 -0.478867 0.082288
vn 0.906373 -0.382527 0.075520
vn 0.916258 -0.361638 0.056943
vn 0.886297 -0.433887 -0.008518
vn 0.916989 -0.364157 0.012815
vn 0.916258 -0.361638 0.056943
vn 0.946106 -0.272588 0.062472
vn 0.932698 -0.291362 0.134727
vn 0.887359 -0.408544 0.137609
vn 0.888003 -0.395155 0.168094
vn 0.932328 -0.249934 0.201397
vn 0.932698 -0.291362 0.134727
vn 0.946106 -0.272588 0.062472
vn 0.949076 -0.179309 0.198215
vn 0.911421 -0.355039 0.128170
vn 0.932698 -0.291362 0.134727
vn 0.920503 -0.272206 0.224960
vn 0.920503 -0.272206 0.224960
vn 0.932698 -0.291362 0.134727
vn 0.949076 -0.179309 0.198215
vn 0.906644 -0.324607 0.211966
vn 0.930702 -0.307885 0.110324
vn 0.911421 -0.355039 0.128170
vn 0.906644 -0.324607 0.211966
vn 0.911421 -0.355039 0.128170
vn 0.920503 -0.272206 0.224960
vn 0.906644 -0.324607 0.211966
vn 0.920503 -0.272206 0.224960
vn 0.914502 -0.268163 0.251870
vn 0.938785 -0.243382 0.178716
vn 0.963958 -0.186998 0.094117
vn 0.952493 -0.237985 0.096081
vn 0.956721 -0.234357 -0.055123
vn 0.937547 -0.305365 -0.035022
vn 0.976720 -0.137699 0.016585
vn 0.980680 0.066845 0.082362
vn 0.971353 0.129124 0.112546
vn 0.984658 -0.019613 0.055994
vn 0.980680 0.066845 0.082362
vn 0.984658 -0.019613 0.055994
vn 0.976720 -0.137699 0.016585
vn 0.968855 -0.184253 0.025215
vn 0.976720 -0.137699 0.016585
vn 0.937547 -0.305365 -0.035022
vn 0.955425 -0.242658 -0.040133
vn 0.937547 -0.305365 -0.035022
vn 0.954289 -0.249934 -0.015703
vn 0.966126 -0.198672 -0.020528
vn 0.955425 -0.242658 -0.040133
vn 0.954289 -0.249934 -0.015703
vn 0.966126 -0.198672 -0.020528
vn 0.954289 -0.249934 -0.015703
vn 0.952493 -0.237985 0.096081
vn 0.962796 -0.187892 0.103491
vn 0.966126 -0.198672 -0.020528
vn 0.952493 -0.237985 0.096081
vn 0.952493 -0.237985 0.096081
vn 0.963958 -0.186998 0.094117
vn 0.962796 -0.187892 0.103491
vn 0.981870 -0.082978 -0.046554
vn 0.962796 -0.187892 0.103491
vn 0.980552 -0.096577 -0.048142
vn 0.980552 -0.096577 -0.048142
vn 0.962796 -0.187892 0.103491
vn 0.963958 -0.186998 0.094117
vn 0.961483 -0.050260 -0.212001
vn 0.981870 -0.082978 -0.046554
vn 0.980552 -0.096577 -0.048142
vn 0.981870 -0.082978 -0.046554
vn 0.966126 -0.198672 -0.020528
vn 0.962796 -0.187892 0.103491
vn 0.975988 -0.130019 0.060499
vn 0.968855 -0.184253 0.025215
vn 0.937547 -0.305365 -0.035022
vn 0.979313 0.013060 0.116430
vn 0.976720 -0.137699 0.016585
vn 0.968855 -0.184253 0.025215
vn 0.882163 0.388118 0.208946
vn 0.945714 0.261336 0.102216
vn 0.938449 0.253969 0.165675
vn 0.971353 0.129124 0.112546
vn 0.938449 0.253969 0.165675
vn 0.945714 0.261336 0.102216
vn 0.894134 0.334488 0.246041
vn 0.938449 0.253969 0.165675
vn 0.937637 0.225127 0.205734
vn 0.938449 0.253969 0.165675
vn 0.964567 0.144555 0.146139
vn 0.937637 0.225127 0.205734
vn 0.894134 0.334488 0.246041
vn 0.937637 0.225127 0.205734
vn 0.903661 0.264664 0.290562
vn 0.937637 0.225127 0.205734
vn 0.964800 0.095850 0.179637
vn 0.903661 0.264664 0.290562
vn 0.903661 0.264664 0.290562
vn 0.894833 0.317897 0.264220
vn 0.854556 0.370512 0.321339
vn 0.926529 0.284427 0.182158
vn 0.901914 0.308397 0.251397
vn 0.894833 0.317897 0.264220
vn 0.964800 0.095850 0.179637
vn 0.937637 0.225127 0.205734
vn 0.964567 0.144555 0.146139
vn 0.964567 0.144555 0.146139
vn 0.938449 0.253969 0.165675
vn 0.971353 0.129124 0.112546
vn 0.964567 0.144555 0.146139
vn 0.971353 0.129124 0.112546
vn 0.980680 0.066845 0.082362
vn 0.979313 0.013060 0.116430
vn 0.964567 0.144555 0.146139
vn 0.980680 0.066845 0.082362
vn 0.979313 0.013060 0.116430
vn 0.980680 0.066845 0.082362
vn 0.976720 -0.137699 0.016585
vn 0.975988 -0.130019 0.060499
vn 0.979313 0.013060 0.116430
vn 0.968855 -0.184253 0.025215
vn 0.974281 0.051396 0.143968
vn 0.956690 0.149674 0.186068
vn 0.979313 0.013060 0.116430
vn 0.956690 0.149674 0.186068
vn 0.964800 0.095850 0.179637
vn 0.979313 0.013060 0.116430
vn 0.974281 0.051396 0.143968
vn 0.979313 0.013060 0.116430
vn 0.975988 -0.130019 0.060499
vn 0.894833 0.317897 0.264220
vn 0.903661 0.264664 0.290562
vn 0.956690 0.149674 0.186068
vn 0.956690 0.149674 0.186068
vn 0.903661 0.264664 0.290562
vn 0.964800 0.095850 0.179637
vn 0.964800 0.095850 0.179637
vn 0.964567 0.144555 0.146139
vn 0.979313 0.013060 0.116430
vn 0.894833 0.317897 0.264220
vn 0.956690 0.149674 0.186068
vn 0.926529 0.284427 0.182158
vn 0.956690 0.149674 0.186068
vn 0.973940 0.108402 0.111996
vn 0.926529 0.284427 0.182158
vn 0.969802 0.169489 0.062539
vn 0.926529 0.284427 0.182158
vn 0.973940 0.108402 0.111996
vn 0.973940 0.108402 0.111996
vn 0.956690 0.149674 0.186068
vn 0.974281 0.051396 0.143968
vn 0.973940 0.108402 0.111996
vn 0.974281 0.051396 0.143968
vn 0.986291 -0.019447 0.003147
vn 0.975988 -0.130019 0.060499
vn 0.986291 -0.019447 0.003147
vn 0.974281 0.051396 0.143968
vn 0.955425 -0.242658 -0.040133
vn 0.975988 -0.130019 0.060499
vn 0.937547 -0.305365 -0.035022
vn 0.981870 -0.082978 -0.046554
vn 0.975183 -0.077009 -0.125805
vn 0.966126 -0.198672 -0.020528
vn 0.976156 0.048097 -0.132232
vn 0.933703 0.067575 -0.306913
vn 0.977184 0.106550 -0.082272
vn 0.977184 0.106550 -0.082272
vn 0.964183 0.195146 0.073599
vn 0.963940 0.209744 0.011921
vn 0.969802 0.169489 0.062539
vn 0.969579 0.175201 -0.049243
vn 0.946493 0.272375 0.057465
vn 0.963940 0.209744 0.011921
vn 0.946493 0.272375 0.057465
vn 0.969579 0.175201 -0.049243
vn 0.964183 0.195146 0.073599
vn 0.932508 0.289567 0.139668
vn 0.963940 0.209744 0.011921
vn 0.924036 0.226702 0.257438
vn 0.901914 0.308397 0.251397
vn 0.932508 0.289567 0.139668
vn 0.944440 0.156237 0.235236
vn 0.945416 0.212379 0.182976
vn 0.970254 0.109755 0.138666
vn 0.890125 0.233823 0.350651
vn 0.841755 0.305627 0.408556
vn 0.859234 0.340477 0.340822
vn 0.671664 0.445455 0.561768
vn 0.666499 0.537455 0.484404
vn 0.764980 0.408800 0.464212
vn 0.666499 0.537455 0.484404
vn 0.792137 0.439899 0.385694
vn 0.764980 0.408800 0.464212
vn 0.666499 0.537455 0.484404
vn 0.763308 0.515155 0.350311
vn 0.792137 0.439899 0.385694
vn 0.787604 0.552897 0.216737
vn 0.725625 0.588104 0.315105
vn 0.701360 0.648706 0.245604
vn 0.725625 0.588104 0.315105
vn 0.787604 0.552897 0.216737
vn 0.785996 0.514797 0.298113
vn 0.725625 0.588104 0.315105
vn 0.785996 0.514797 0.298113
vn 0.763308 0.515155 0.350311
vn 0.763308 0.515155 0.350311
vn 0.785996 0.514797 0.298113
vn 0.792137 0.439899 0.385694
vn 0.671664 0.445455 0.561768
vn 0.764980 0.408800 0.464212
vn 0.783505 0.326499 0.496231
vn 0.783505 0.326499 0.496231
vn 0.724457 0.298215 0.591622
vn 0.671664 0.445455 0.561768
vn 0.724457 0.298215 0.591622
vn 0.600237 0.271029 0.724662
vn 0.605686 0.360587 0.681105
vn 0.671664 0.445455 0.561768
vn 0.724457 0.298215 0.591622
vn 0.605686 0.360587 0.681105
vn 0.671664 0.445455 0.561768
vn 0.605686 0.360587 0.681105
vn 0.599420 0.460191 0.626098
vn 0.589784 0.504247 0.601630
vn 0.671664 0.445455 0.561768
vn 0.599420 0.460191 0.626098
vn 0.605686 0.360587 0.681105
vn 0.526050 0.453705 0.691444
vn 0.599420 0.460191 0.626098
vn 0.526050 0.453705 0.691444
vn 0.514213 0.501122 0.667971
vn 0.599420 0.460191 0.626098
vn 0.514213 0.501122 0.667971
vn 0.589784 0.504247 0.601630
vn 0.599420 0.460191 0.626098
vn 0.514213 0.501122 0.667971
vn 0.482169 0.572378 0.634899
vn 0.589784 0.504247 0.601630
vn 0.589784 0.504247 0.601630
vn 0.558123 0.589273 0.554246
vn 0.671664 0.445455 0.561768
vn 0.671664 0.445455 0.561768
vn 0.558123 0.589273 0.554246
vn 0.666499 0.537455 0.484404
vn 0.763308 0.515155 0.350311
vn 0.666499 0.537455 0.484404
vn 0.653175 0.604542 0.421290
vn 0.563648 0.634050 0.498052
vn 0.505073 0.713540 0.452906
vn 0.653175 0.604542 0.421290
vn 0.584317 0.738172 0.294039
vn 0.725625 0.588104 0.315105
vn 0.635646 0.653663 0.373567
vn 0.653175 0.604542 0.421290
vn 0.635646 0.653663 0.373567
vn 0.725625 0.588104 0.315105
vn 0.653175 0.604542 0.421290
vn 0.505073 0.713540 0.452906
vn 0.635646 0.653663 0.373567
vn 0.125444 0.834599 0.506307
vn 0.169321 0.866468 0.437274
vn 0.316155 0.807378 0.466615
vn 0.317753 0.744578 0.557877
vn 0.223670 0.789134 0.542719
vn 0.316155 0.807378 0.466615
vn 0.505073 0.713540 0.452906
vn 0.459371 0.678936 0.542885
vn 0.316155 0.807378 0.466615
vn 0.316155 0.807378 0.466615
vn 0.459371 0.678936 0.542885
vn 0.317753 0.744578 0.557877
vn 0.459371 0.678936 0.542885
vn 0.505073 0.713540 0.452906
vn 0.563648 0.634050 0.498052
vn 0.316155 0.807378 0.466615
vn 0.223670 0.789134 0.542719
vn 0.125444 0.834599 0.506307
vn -0.009368 0.843691 0.506736
vn 0.169321 0.866468 0.437274
vn 0.125444 0.834599 0.506307
vn -0.157933 0.829671 0.505310
vn -0.296635 0.756938 0.553045
vn -0.307116 0.823717 0.444269
vn -0.307116 0.823717 0.444269
vn -0.429780 0.762368 0.451389
vn -0.388258 0.825226 0.374246
vn -0.325673 0.872824 0.324323
vn -0.274689 0.863408 0.388352
vn -0.388258 0.825226 0.374246
vn -0.388258 0.825226 0.374246
vn -0.274689 0.863408 0.388352
vn -0.307116 0.823717 0.444269
vn -0.157933 0.829671 0.505310
vn -0.307116 0.823717 0.444269
vn -0.157603 0.877919 0.419013
vn -0.009368 0.843691 0.506736
vn -0.157603 0.877919 0.419013
vn 0.022687 0.894880 0.412421
vn -0.157603 0.877919 0.419013
vn -0.307116 0.823717 0.444269
vn -0.274689 0.863408 0.388352
vn -0.325673 0.872824 0.324323
vn -0.388258 0.825226 0.374246
vn -0.419415 0.841579 0.298581
vn -0.157933 0.829671 0.505310
vn -0.157603 0.877919 0.419013
vn -0.009368 0.843691 0.506736
vn -0.009368 0.843691 0.506736
vn 0.022687 0.894880 0.412421
vn 0.169321 0.866468 0.437274
vn 0.125444 0.834599 0.506307
vn 0.223670 0.789134 0.542719
vn 0.136335 0.744496 0.625701
vn 0.125444 0.834599 0.506307
vn 0.136335 0.744496 0.625701
vn -0.001162 0.794628 0.578608
vn 0.256715 0.696532 0.642236
vn 0.317753 0.744578 0.557877
vn 0.393852 0.657606 0.613804
vn 0.317753 0.744578 0.557877
vn 0.459371 0.678936 0.542885
vn 0.393852 0.657606 0.613804
vn -0.147510 0.781675 0.577416
vn -0.001162 0.794628 0.578608
vn -0.132371 0.729834 0.643036
vn -0.147510 0.781675 0.577416
vn -0.132371 0.729834 0.643036
vn -0.289403 0.705670 0.618607
vn -0.147510 0.781675 0.577416
vn -0.289403 0.705670 0.618607
vn -0.296635 0.756938 0.553045
vn -0.289403 0.705670 0.618607
vn -0.434985 0.671155 0.571078
vn -0.296635 0.756938 0.553045
vn -0.157933 0.829671 0.505310
vn -0.147510 0.781675 0.577416
vn -0.296635 0.756938 0.553045
vn 0.125444 0.834599 0.506307
vn -0.001162 0.794628 0.578608
vn -0.009368 0.843691 0.506736
vn -0.009368 0.843691 0.506736
vn -0.147510 0.781675 0.577416
vn -0.157933 0.829671 0.505310
vn -0.434985 0.671155 0.571078
vn -0.549944 0.636878 0.509334
vn -0.550698 0.683481 0.446051
vn -0.434985 0.671155 0.571078
vn -0.538136 0.583658 0.578699
vn -0.549944 0.636878 0.509334
vn -0.538136 0.583658 0.578699
vn -0.506828 0.528625 0.652738
vn -0.602284 0.496766 0.595583
vn -0.506828 0.528625 0.652738
vn -0.554703 0.442183 0.676734
vn -0.602284 0.496766 0.595583
vn -0.602284 0.496766 0.595583
vn -0.554703 0.442183 0.676734
vn -0.646462 0.411903 0.613020
vn -0.646462 0.411903 0.613020
vn -0.554703 0.442183 0.676734
vn -0.579073 0.364640 0.701238
vn -0.646462 0.411903 0.613020
vn -0.579073 0.364640 0.701238
vn -0.685641 0.320198 0.624576
vn -0.685641 0.320198 0.624576
vn -0.797404 0.242418 0.520805
vn -0.762441 0.352145 0.510939
vn -0.784621 0.473162 0.361730
vn -0.713218 0.519461 0.436306
vn -0.811730 0.389630 0.398255
vn -0.713218 0.519461 0.436306
vn -0.690758 0.467323 0.520500
vn -0.811730 0.389630 0.398255
vn -0.690758 0.467323 0.520500
vn -0.762441 0.352145 0.510939
vn -0.811730 0.389630 0.398255
vn -0.762441 0.352145 0.510939
vn -0.646462 0.411903 0.613020
vn -0.685641 0.320198 0.624576
vn -0.690758 0.467323 0.520500
vn -0.602284 0.496766 0.595583
vn -0.646462 0.411903 0.613020
vn -0.629068 0.553666 0.514477
vn -0.690758 0.467323 0.520500
vn -0.713218 0.519461 0.436306
vn -0.685641 0.320198 0.624576
vn -0.659096 0.271842 0.672743
vn -0.709453 0.229165 0.637379
vn -0.797404 0.242418 0.520805
vn -0.709453 0.229165 0.637379
vn -0.782826 0.172368 0.567292
vn -0.856059 0.223044 0.430826
vn -0.839083 0.266097 0.439542
vn -0.867810 0.347069 0.312017
vn -0.879267 0.400186 0.198495
vn -0.896194 0.325983 0.249785
vn -0.872627 0.454786 0.073923
vn -0.805270 0.510535 0.251526
vn -0.784621 0.473162 0.361730
vn -0.879267 0.400186 0.198495
vn -0.720005 0.569191 0.358350
vn -0.784621 0.473162 0.361730
vn -0.805270 0.510535 0.251526
vn -0.811730 0.389630 0.398255
vn -0.839570 0.298816 0.417711
vn -0.867810 0.347069 0.312017
vn -0.784621 0.473162 0.361730
vn -0.867810 0.347069 0.312017
vn -0.879267 0.400186 0.198495
vn -0.867810 0.347069 0.312017
vn -0.896194 0.325983 0.249785
vn -0.879267 0.400186 0.198495
vn -0.797404 0.242418 0.520805
vn -0.782826 0.172368 0.567292
vn -0.856059 0.223044 0.430826
vn -0.867810 0.347069 0.312017
vn -0.839083 0.266097 0.439542
vn -0.896194 0.325983 0.249785
vn -0.860962 0.481305 -0.032822
vn -0.893298 0.408643 -0.092571
vn -0.852344 0.474427 -0.147702
vn -0.752293 0.636128 0.062817
vn -0.851184 0.499268 -0.017076
vn -0.793338 0.580053 0.091253
vn -0.914542 0.370497 -0.003206
vn -0.851184 0.499268 -0.017076
vn -0.909648 0.379089 -0.049542
vn -0.900415 0.397565 0.069317
vn -0.851184 0.499268 -0.017076
vn -0.914542 0.370497 -0.003206
vn -0.900415 0.397565 0.069317
vn -0.951574 0.256497 0.045392
vn -0.861533 0.465237 0.121916
vn -0.951574 0.256497 0.045392
vn -0.900415 0.397565 0.069317
vn -0.914542 0.370497 -0.003206
vn -0.952122 0.258113 -0.015464
vn -0.914542 0.370497 -0.003206
vn -0.909648 0.379089 -0.049542
vn -0.932211 0.317457 -0.060282
vn -0.909648 0.379089 -0.049542
vn -0.852344 0.474427 -0.147702
vn -0.947335 0.265906 -0.071608
vn -0.956603 0.280977 -0.077215
vn -0.944042 0.321600 -0.073198
vn -0.947335 0.265906 -0.071608
vn -0.946970 0.275967 -0.022687
vn -0.972930 0.153965 -0.053534
vn -0.926226 0.340073 0.006311
vn -0.932569 0.296697 0.123870
vn -0.952359 0.255189 0.035410
vn -0.932569 0.296697 0.123870
vn -0.973130 0.149194 0.062367
vn -0.952359 0.255189 0.035410
vn -0.952122 0.258113 -0.015464
vn -0.909648 0.379089 -0.049542
vn -0.952359 0.255189 0.035410
vn -0.952359 0.255189 0.035410
vn -0.973130 0.149194 0.062367
vn -0.952122 0.258113 -0.015464
vn -0.909648 0.379089 -0.049542
vn -0.932211 0.317457 -0.060282
vn -0.952359 0.255189 0.035410
vn -0.876375 0.399539 0.211756
vn -0.864944 0.396168 0.258478
vn -0.870437 0.454426 0.097444
vn -0.892530 0.420943 -0.003306
vn -0.870437 0.454426 0.097444
vn -0.871359 0.453757 0.092320
vn -0.932211 0.317457 -0.060282
vn -0.852344 0.474427 -0.147702
vn -0.893298 0.408643 -0.092571
vn -0.932211 0.317457 -0.060282
vn -0.893298 0.408643 -0.092571
vn -0.926226 0.340073 0.006311
vn -0.952359 0.255189 0.035410
vn -0.932211 0.317457 -0.060282
vn -0.926226 0.340073 0.006311
vn -0.892530 0.420943 -0.003306
vn -0.926226 0.340073 0.006311
vn -0.893298 0.408643 -0.092571
vn -0.892530 0.420943 -0.003306
vn -0.932569 0.296697 0.123870
vn -0.926226 0.340073 0.006311
vn -0.942653 0.219689 0.188400
vn -0.916153 0.359409 0.070619
vn -0.898308 0.344640 0.215807
vn -0.871359 0.453757 0.092320
vn -0.897288 0.404833 0.067976
vn -0.892530 0.420943 -0.003306
vn -0.871359 0.453757 0.092320
vn -0.916153 0.359409 0.070619
vn -0.897288 0.404833 0.067976
vn -0.939995 0.298858 -0.023767
vn -0.897288 0.404833 0.067976
vn -0.916153 0.359409 0.070619
vn -0.916153 0.359409 0.070619
vn -0.942653 0.219689 0.188400
vn -0.951793 0.258665 0.023913
vn -0.937631 0.304737 -0.038013
vn -0.951793 0.258665 0.023913
vn -0.967291 0.192974 -0.019831
vn -0.970053 0.153002 0.092691
vn -0.985663 0.033662 0.021981
vn -0.967291 0.192974 -0.019831
vn -0.985880 -0.026050 0.022510
vn -0.978400 -0.058520 0.110190
vn -0.973625 -0.138708 0.076678
vn -0.985880 -0.026050 0.022510
vn -0.973625 -0.138708 0.076678
vn -0.975759 -0.145086 0.008765
vn -0.985548 -0.025569 -0.034179
vn -0.985880 -0.026050 0.022510
vn -0.975759 -0.145086 0.008765
vn -0.965732 -0.168249 -0.109470
vn -0.985548 -0.025569 -0.034179
vn -0.964432 -0.207808 -0.001803
vn -0.959820 -0.118324 -0.192171
vn -0.965732 -0.168249 -0.109470
vn -0.928503 -0.295332 -0.153267
vn -0.959820 -0.118324 -0.192171
vn -0.928503 -0.295332 -0.153267
vn -0.928805 -0.200350 -0.261889
vn -0.853997 -0.417144 -0.261879
vn -0.928805 -0.200350 -0.261889
vn -0.883158 -0.403486 -0.173655
vn -0.946125 -0.276970 -0.039162
vn -0.917314 -0.359771 -0.051593
vn -0.928503 -0.295332 -0.153267
vn -0.946125 -0.276970 -0.039162
vn -0.935772 -0.291379 0.112036
vn -0.917314 -0.359771 -0.051593
vn -0.935772 -0.291379 0.112036
vn -0.947835 -0.229801 0.146817
vn -0.911005 -0.281773 0.249790
vn -0.917314 -0.359771 -0.051593
vn -0.891975 -0.420803 0.032996
vn -0.883158 -0.403486 -0.173655
vn -0.905663 -0.373809 0.115531
vn -0.935772 -0.291379 0.112036
vn -0.911005 -0.281773 0.249790
vn -0.905663 -0.373809 0.115531
vn -0.911005 -0.281773 0.249790
vn -0.873169 -0.401092 0.221571
vn -0.873169 -0.401092 0.221571
vn -0.911005 -0.281773 0.249790
vn -0.867081 -0.301016 0.357096
vn -0.852981 -0.396096 0.294724
vn -0.848571 -0.465552 0.190125
vn -0.873169 -0.401092 0.221571
vn -0.852981 -0.396096 0.294724
vn -0.873169 -0.401092 0.221571
vn -0.850554 -0.325751 0.374314
vn -0.827514 -0.497690 0.201196
vn -0.805202 -0.558592 0.116463
vn -0.848571 -0.465552 0.190125
vn -0.852981 -0.396096 0.294724
vn -0.827514 -0.497690 0.201196
vn -0.848571 -0.465552 0.190125
vn -0.885220 -0.336178 0.273624
vn -0.852981 -0.396096 0.294724
vn -0.885223 -0.268423 0.338494
vn -0.882070 -0.275872 0.340689
vn -0.885223 -0.268423 0.338494
vn -0.894757 -0.245903 0.330596
vn -0.743619 -0.558539 0.326236
vn -0.833361 -0.407020 0.332493
vn -0.783160 -0.522505 0.292320
vn -0.638357 -0.699279 0.276340
vn -0.783160 -0.522505 0.292320
vn -0.691368 -0.662661 0.236900
vn -0.379401 -0.883548 0.223751
vn -0.259306 -0.929728 0.208626
vn -0.493670 -0.813284 0.261861
vn 0.204679 -0.952612 0.162572
vn 0.006065 -0.975121 0.158406
vn 0.045020 -0.975900 0.147251
vn 0.204679 -0.952612 0.162572
vn 0.045020 -0.975900 0.147251
vn 0.223300 -0.957769 0.095528
vn 0.223300 -0.957769 0.095528
vn 0.045020 -0.975900 0.147251
vn 0.075817 -0.978195 0.117110
vn 0.045020 -0.975900 0.147251
vn -0.082353 -0.974240 0.142109
vn 0.075817 -0.978195 0.117110
vn -0.136380 -0.964750 0.162894
vn -0.082353 -0.974240 0.142109
vn 0.045020 -0.975900 0.147251
vn -0.136380 -0.964750 0.162894
vn -0.379401 -0.883548 0.223751
vn -0.209599 -0.957019 0.127622
vn -0.136380 -0.964750 0.162894
vn -0.209599 -0.957019 0.127622
vn -0.082353 -0.974240 0.142109
vn 0.075817 -0.978195 0.117110
vn -0.082353 -0.974240 0.142109
vn -0.066295 -0.984549 0.054230
vn 0.223300 -0.957769 0.095528
vn 0.075817 -0.978195 0.117110
vn 0.062241 -0.986080 0.022884
vn 0.223300 -0.957769 0.095528
vn 0.206743 -0.965977 0.027312
vn 0.379607 -0.906318 0.101995
vn 0.223300 -0.957769 0.095528
vn 0.062241 -0.986080 0.022884
vn 0.206743 -0.965977 0.027312
vn 0.379607 -0.906318 0.101995
vn 0.206743 -0.965977 0.027312
vn 0.358774 -0.919956 0.035024
vn 0.379607 -0.906318 0.101995
vn 0.358774 -0.919956 0.035024
vn 0.573472 -0.801505 0.064390
vn 0.573472 -0.801505 0.064390
vn 0.358774 -0.919956 0.035024
vn 0.548685 -0.821155 -0.017312
vn 0.681474 -0.704816 0.115993
vn 0.573472 -0.801505 0.064390
vn 0.650635 -0.741567 0.043559
vn 0.733612 -0.660365 0.022220
vn 0.804602 -0.563148 0.097720
vn 0.733295 -0.657508 0.067789
vn 0.804602 -0.563148 0.097720
vn 0.733612 -0.660365 0.022220
vn 0.839049 -0.512248 0.086724
vn 0.932328 -0.249934 0.201397
vn 0.931017 -0.185227 0.265018
vn 0.949076 -0.179309 0.198215
vn 0.839049 -0.512248 0.086724
vn 0.804517 -0.560015 0.114426
vn 0.888003 -0.395155 0.168094
vn 0.920503 -0.272206 0.224960
vn 0.931017 -0.185227 0.265018
vn 0.914502 -0.268163 0.251870
vn 0.931017 -0.185227 0.265018
vn 0.920503 -0.272206 0.224960
vn 0.949076 -0.179309 0.198215
vn 0.910011 -0.308129 0.221550
vn 0.950658 -0.213589 0.152671
vn 0.931017 -0.185227 0.265018
vn 0.910011 -0.308129 0.221550
vn 0.931017 -0.185227 0.265018
vn 0.932328 -0.249934 0.201397
vn 0.910011 -0.308129 0.221550
vn 0.932328 -0.249934 0.201397
vn 0.888003 -0.395155 0.168094
vn 0.888003 -0.395155 0.168094
vn 0.896401 -0.379243 0.160062
vn 0.910011 -0.308129 0.221550
vn 0.804517 -0.560015 0.114426
vn 0.839049 -0.512248 0.086724
vn 0.733612 -0.660365 0.022220
vn 0.804517 -0.560015 0.114426
vn 0.733612 -0.660365 0.022220
vn 0.762100 -0.625497 0.049960
vn 0.888003 -0.395155 0.168094
vn 0.861826 -0.472746 0.086854
vn 0.896401 -0.379243 0.160062
vn 0.950658 -0.213589 0.152671
vn 0.910011 -0.308129 0.221550
vn 0.896401 -0.379243 0.160062
vn 0.804517 -0.560015 0.114426
vn 0.861826 -0.472746 0.086854
vn 0.888003 -0.395155 0.168094
vn 0.804517 -0.560015 0.114426
vn 0.810975 -0.557617 0.074431
vn 0.861826 -0.472746 0.086854
vn 0.810975 -0.557617 0.074431
vn 0.804517 -0.560015 0.114426
vn 0.762100 -0.625497 0.049960
vn 0.810975 -0.557617 0.074431
vn 0.762100 -0.625497 0.049960
vn 0.748412 -0.642821 -0.036245
vn 0.810975 -0.557617 0.074431
vn 0.748412 -0.642821 -0.036245
vn 0.788171 -0.577818 -0.137066
vn 0.896401 -0.379243 0.160062
vn 0.861826 -0.472746 0.086854
vn 0.909202 -0.383364 -0.009157
vn 0.863401 -0.477911 -0.011798
vn 0.898436 -0.383601 -0.137269
vn 0.909202 -0.383364 -0.009157
vn 0.898436 -0.383601 -0.137269
vn 0.939251 -0.302060 -0.007812
vn 0.909202 -0.383364 -0.009157
vn 0.863401 -0.477911 -0.011798
vn 0.852886 -0.476741 -0.137050
vn 0.898436 -0.383601 -0.137269
vn 0.852886 -0.476741 -0.137050
vn 0.869180 -0.382225 -0.264921
vn 0.898436 -0.383601 -0.137269
vn 0.898959 -0.311169 -0.258291
vn 0.898436 -0.383601 -0.137269
vn 0.869180 -0.382225 -0.264921
vn 0.824214 -0.471665 -0.265027
vn 0.869180 -0.382225 -0.264921
vn 0.852886 -0.476741 -0.137050
vn 0.852886 -0.476741 -0.137050
vn 0.863401 -0.477911 -0.011798
vn 0.788171 -0.577818 -0.137066
vn 0.863401 -0.477911 -0.011798
vn 0.810975 -0.557617 0.074431
vn 0.788171 -0.577818 -0.137066
vn 0.760787 -0.569141 -0.264024
vn 0.788171 -0.577818 -0.137066
vn 0.693950 -0.647222 -0.268786
vn 0.788171 -0.577818 -0.137066
vn 0.672383 -0.702199 -0.170299
vn 0.693950 -0.647222 -0.268786
vn 0.693950 -0.647222 -0.268786
vn 0.672383 -0.702199 -0.170299
vn 0.596793 -0.722133 -0.307938
vn 0.672383 -0.702199 -0.170299
vn 0.629959 -0.733333 -0.198579
vn 0.596793 -0.722133 -0.307938
vn 0.596793 -0.722133 -0.307938
vn 0.629959 -0.733333 -0.198579
vn 0.542666 -0.752610 -0.333567
vn 0.596793 -0.722133 -0.307938
vn 0.542666 -0.752610 -0.333567
vn 0.503397 -0.714067 -0.453915
vn 0.503397 -0.714067 -0.453915
vn 0.542666 -0.752610 -0.333567
vn 0.427593 -0.741883 -0.485230
vn 0.542666 -0.752610 -0.333567
vn 0.464618 -0.792552 -0.357680
vn 0.427593 -0.741883 -0.485230
vn 0.427593 -0.741883 -0.485230
vn 0.464618 -0.792552 -0.357680
vn 0.351075 -0.765304 -0.509121
vn 0.427593 -0.741883 -0.485230
vn 0.351075 -0.765304 -0.509121
vn 0.298705 -0.678360 -0.643424
vn 0.369469 -0.670351 -0.615189
vn 0.427593 -0.741883 -0.485230
vn 0.298705 -0.678360 -0.643424
vn 0.177582 -0.685548 -0.678693
vn 0.298705 -0.678360 -0.643424
vn 0.351075 -0.765304 -0.509121
vn 0.351075 -0.765304 -0.509121
vn 0.464618 -0.792552 -0.357680
vn 0.318195 -0.842356 -0.400662
vn 0.213631 -0.791122 -0.543849
vn 0.351075 -0.765304 -0.509121
vn 0.318195 -0.842356 -0.400662
vn 0.416387 -0.852543 -0.271307
vn 0.257815 -0.900853 -0.309060
vn 0.318195 -0.842356 -0.400662
vn 0.464618 -0.792552 -0.357680
vn 0.416387 -0.852543 -0.271307
vn 0.318195 -0.842356 -0.400662
vn 0.586490 -0.782709 -0.135345
vn 0.549216 -0.819243 -0.052675
vn 0.512059 -0.828759 -0.161062
vn 0.665138 -0.728729 -0.040351
vn 0.733612 -0.660365 0.022220
vn 0.650635 -0.741567 0.043559
vn 0.650635 -0.741567 0.043559
vn 0.733612 -0.660365 0.022220
vn 0.733295 -0.657508 0.067789
vn 0.665138 -0.728729 -0.040351
vn 0.762100 -0.625497 0.049960
vn 0.733612 -0.660365 0.022220
vn 0.665138 -0.728729 -0.040351
vn 0.699892 -0.693170 -0.066947
vn 0.762100 -0.625497 0.049960
vn 0.762100 -0.625497 0.049960
vn 0.699892 -0.693170 -0.066947
vn 0.748412 -0.642821 -0.036245
vn 0.748412 -0.642821 -0.036245
vn 0.672383 -0.702199 -0.170299
vn 0.788171 -0.577818 -0.137066
vn 0.630346 -0.641888 -0.401089
vn 0.704375 -0.559720 -0.400552
vn 0.693950 -0.647222 -0.268786
vn 0.693950 -0.647222 -0.268786
vn 0.704375 -0.559720 -0.400552
vn 0.760787 -0.569141 -0.264024
vn 0.760787 -0.569141 -0.264024
vn 0.704375 -0.559720 -0.400552
vn 0.768020 -0.467062 -0.401857
vn 0.760787 -0.569141 -0.264024
vn 0.824214 -0.471665 -0.265027
vn 0.788171 -0.577818 -0.137066
vn 0.824214 -0.471665 -0.265027
vn 0.852886 -0.476741 -0.137050
vn 0.788171 -0.577818 -0.137066
vn 0.850001 -0.310308 -0.388007
vn 0.869180 -0.382225 -0.264921
vn 0.824214 -0.471665 -0.265027
vn 0.850001 -0.310308 -0.388007
vn 0.824214 -0.471665 -0.265027
vn 0.768020 -0.467062 -0.401857
vn 0.760787 -0.569141 -0.264024
vn 0.768020 -0.467062 -0.401857
vn 0.824214 -0.471665 -0.265027
vn 0.850001 -0.310308 -0.388007
vn 0.898959 -0.311169 -0.258291
vn 0.869180 -0.382225 -0.264921
vn 0.885927 -0.215832 -0.371555
vn 0.898959 -0.311169 -0.258291
vn 0.850001 -0.310308 -0.388007
vn 0.788117 -0.254414 -0.528950
vn 0.885927 -0.215832 -0.371555
vn 0.850001 -0.310308 -0.388007
vn 0.799395 -0.211635 -0.530749
vn 0.885927 -0.215832 -0.371555
vn 0.788117 -0.254414 -0.528950
vn 0.799395 -0.211635 -0.530749
vn 0.788117 -0.254414 -0.528950
vn 0.649598 -0.238756 -0.693580
vn 0.649598 -0.238756 -0.693580
vn 0.724177 -0.365936 -0.553904
vn 0.572033 -0.322677 -0.726347
vn 0.572033 -0.322677 -0.726347
vn 0.650829 -0.486628 -0.552442
vn 0.513687 -0.418207 -0.721531
vn 0.573164 -0.584391 -0.544229
vn 0.507310 -0.636376 -0.551271
vn 0.440142 -0.501894 -0.717090
vn 0.440142 -0.501894 -0.717090
vn 0.507310 -0.636376 -0.551271
vn 0.362424 -0.547987 -0.726634
vn 0.507310 -0.636376 -0.551271
vn 0.369469 -0.670351 -0.615189
vn 0.362424 -0.547987 -0.726634
vn 0.309551 -0.594500 -0.714880
vn 0.362424 -0.547987 -0.726634
vn 0.369469 -0.670351 -0.615189
vn 0.507310 -0.636376 -0.551271
vn 0.503397 -0.714067 -0.453915
vn 0.369469 -0.670351 -0.615189
vn 0.503397 -0.714067 -0.453915
vn 0.630346 -0.641888 -0.401089
vn 0.596793 -0.722133 -0.307938
vn 0.693950 -0.647222 -0.268786
vn 0.596793 -0.722133 -0.307938
vn 0.630346 -0.641888 -0.401089
vn 0.650829 -0.486628 -0.552442
vn 0.630346 -0.641888 -0.401089
vn 0.573164 -0.584391 -0.544229
vn 0.573164 -0.584391 -0.544229
vn 0.630346 -0.641888 -0.401089
vn 0.507310 -0.636376 -0.551271
vn 0.630346 -0.641888 -0.401089
vn 0.503397 -0.714067 -0.453915
vn 0.507310 -0.636376 -0.551271
vn 0.440142 -0.501894 -0.717090
vn 0.351015 -0.309301 -0.856903
vn 0.513687 -0.418207 -0.721531
vn 0.572033 -0.322677 -0.726347
vn 0.513687 -0.418207 -0.721531
vn 0.431784 -0.268430 -0.834058
vn 0.431784 -0.268430 -0.834058
vn 0.193715 -0.094555 -0.949596
vn 0.468297 -0.191262 -0.835501
vn 0.468297 -0.191262 -0.835501
vn 0.383291 -0.148491 -0.884640
vn 0.604460 -0.187884 -0.746440
vn 0.660972 -0.160632 -0.704839
vn 0.604460 -0.187884 -0.746440
vn 0.477986 -0.097210 -0.845839
vn 0.800326 0.163536 -0.545654
vn 0.845547 0.083755 -0.494412
vn 0.670976 0.140260 -0.699839
vn 0.670976 0.140260 -0.699839
vn 0.483031 0.135226 -0.837950
vn 0.543419 0.214740 -0.784136
vn 0.800326 0.163536 -0.545654
vn 0.670976 0.140260 -0.699839
vn 0.727004 0.220587 -0.620855
vn 0.727004 0.220587 -0.620855
vn 0.543419 0.214740 -0.784136
vn 0.605884 0.242749 -0.729789
vn 0.725801 0.203875 -0.627725
vn 0.859567 0.155206 -0.452360
vn 0.727004 0.220587 -0.620855
vn 0.720961 0.163229 -0.644450
vn 0.821999 0.148661 -0.517713
vn 0.725801 0.203875 -0.627725
vn 0.628752 0.192107 -0.725582
vn 0.720961 0.163229 -0.644450
vn 0.725801 0.203875 -0.627725
vn 0.725801 0.203875 -0.627725
vn 0.605884 0.242749 -0.729789
vn 0.628752 0.192107 -0.725582
vn 0.872168 0.118582 -0.439452
vn 0.917170 0.094675 -0.345988
vn 0.859567 0.155206 -0.452360
vn 0.979650 -0.052861 -0.101839
vn 0.981226 -0.098502 -0.025815
vn 0.956452 -0.004402 -0.238252
vn 0.979650 -0.052861 -0.101839
vn 0.956452 -0.004402 -0.238252
vn 0.971114 -0.007551 -0.170957
vn 0.927277 0.003268 -0.332035
vn 0.917170 0.094675 -0.345988
vn 0.872168 0.118582 -0.439452
vn 0.922245 0.056228 -0.340954
vn 0.927277 0.003268 -0.332035
vn 0.872168 0.118582 -0.439452
vn 0.874401 0.091576 -0.441390
vn 0.922245 0.056228 -0.340954
vn 0.872168 0.118582 -0.439452
vn 0.922245 0.056228 -0.340954
vn 0.961649 -0.019781 -0.216110
vn 0.961483 -0.050260 -0.212001
vn 0.961649 -0.019781 -0.216110
vn 0.981870 -0.082978 -0.046554
vn 0.961483 -0.050260 -0.212001
vn 0.961649 -0.019781 -0.216110
vn 0.975183 -0.077009 -0.125805
vn 0.981870 -0.082978 -0.046554
vn 0.961649 -0.019781 -0.216110
vn 0.922245 0.056228 -0.340954
vn 0.928865 0.012639 -0.327468
vn 0.986291 -0.019447 0.003147
vn 0.975988 -0.130019 0.060499
vn 0.977067 -0.115053 -0.071870
vn 0.984228 0.048250 -0.045539
vn 0.986291 -0.019447 0.003147
vn 0.977067 -0.115053 -0.071870
vn 0.974809 -0.044873 -0.142597
vn 0.984228 0.048250 -0.045539
vn 0.977067 -0.115053 -0.071870
vn 0.977067 -0.115053 -0.071870
vn 0.955425 -0.242658 -0.040133
vn 0.966126 -0.198672 -0.020528
vn 0.975988 -0.130019 0.060499
vn 0.955425 -0.242658 -0.040133
vn 0.977067 -0.115053 -0.071870
vn 0.974809 -0.044873 -0.142597
vn 0.977067 -0.115053 -0.071870
vn 0.975183 -0.077009 -0.125805
vn 0.975183 -0.077009 -0.125805
vn 0.977067 -0.115053 -0.071870
vn 0.966126 -0.198672 -0.020528
vn 0.961649 -0.019781 -0.216110
vn 0.974809 -0.044873 -0.142597
vn 0.975183 -0.077009 -0.125805
vn 0.978409 0.068107 -0.104631
vn 0.974809 -0.044873 -0.142597
vn 0.961649 -0.019781 -0.216110
vn 0.947298 -0.020109 -0.270828
vn 0.978409 0.068107 -0.104631
vn 0.961649 -0.019781 -0.216110
vn 0.961649 -0.019781 -0.216110
vn 0.928865 0.012639 -0.327468
vn 0.947298 -0.020109 -0.270828
vn 0.976156 0.048097 -0.132232
vn 0.978409 0.068107 -0.104631
vn 0.947298 -0.020109 -0.270828
vn 0.978409 0.068107 -0.104631
vn 0.984228 0.048250 -0.045539
vn 0.974809 -0.044873 -0.142597
vn 0.978409 0.068107 -0.104631
vn 0.969579 0.175201 -0.049243
vn 0.984228 0.048250 -0.045539
vn 0.963940 0.209744 0.011921
vn 0.969579 0.175201 -0.049243
vn 0.978409 0.068107 -0.104631
vn 0.976156 0.048097 -0.132232
vn 0.963940 0.209744 0.011921
vn 0.978409 0.068107 -0.104631
vn 0.976156 0.048097 -0.132232
vn 0.977184 0.106550 -0.082272
vn 0.963940 0.209744 0.011921
vn 0.933703 0.067575 -0.306913
vn 0.976156 0.048097 -0.132232
vn 0.947298 -0.020109 -0.270828
vn 0.896687 0.024953 -0.404902
vn 0.933703 0.067575 -0.306913
vn 0.947298 -0.020109 -0.270828
vn 0.896687 0.024953 -0.404902
vn 0.947298 -0.020109 -0.270828
vn 0.928865 0.012639 -0.327468
vn 0.947101 0.110900 -0.249360
vn 0.933703 0.067575 -0.306913
vn 0.896687 0.024953 -0.404902
vn 0.947101 0.110900 -0.249360
vn 0.977184 0.106550 -0.082272
vn 0.933703 0.067575 -0.306913
vn 0.947101 0.110900 -0.249360
vn 0.981426 0.099802 -0.005893
vn 0.977184 0.106550 -0.082272
vn 0.981426 0.099802 -0.005893
vn 0.964183 0.195146 0.073599
vn 0.977184 0.106550 -0.082272
vn 0.945416 0.212379 0.182976
vn 0.932508 0.289567 0.139668
vn 0.964183 0.195146 0.073599
vn 0.970254 0.109755 0.138666
vn 0.945416 0.212379 0.182976
vn 0.964183 0.195146 0.073599
vn 0.924036 0.226702 0.257438
vn 0.932508 0.289567 0.139668
vn 0.945416 0.212379 0.182976
vn 0.859234 0.340477 0.340822
vn 0.894833 0.317897 0.264220
vn 0.901914 0.308397 0.251397
vn 0.926529 0.284427 0.182158
vn 0.969802 0.169489 0.062539
vn 0.946493 0.272375 0.057465
vn 0.932508 0.289567 0.139668
vn 0.901914 0.308397 0.251397
vn 0.926529 0.284427 0.182158
vn 0.932508 0.289567 0.139668
vn 0.926529 0.284427 0.182158
vn 0.946493 0.272375 0.057465
vn 0.963940 0.209744 0.011921
vn 0.932508 0.289567 0.139668
vn 0.946493 0.272375 0.057465
vn 0.969802 0.169489 0.062539
vn 0.973940 0.108402 0.111996
vn 0.984228 0.048250 -0.045539
vn 0.984228 0.048250 -0.045539
vn 0.973940 0.108402 0.111996
vn 0.986291 -0.019447 0.003147
vn 0.969579 0.175201 -0.049243
vn 0.969802 0.169489 0.062539
vn 0.984228 0.048250 -0.045539
vn 0.841755 0.305627 0.408556
vn 0.820436 0.406465 0.363027
vn 0.859234 0.340477 0.340822
vn 0.854556 0.370512 0.321339
vn 0.859234 0.340477 0.340822
vn 0.820436 0.406465 0.363027
vn 0.783505 0.326499 0.496231
vn 0.822469 0.360231 0.403610
vn 0.841755 0.305627 0.408556
vn 0.783505 0.326499 0.496231
vn 0.841755 0.305627 0.408556
vn 0.807629 0.243604 0.504689
vn 0.724457 0.298215 0.591622
vn 0.783505 0.326499 0.496231
vn 0.807629 0.243604 0.504689
vn 0.706807 0.214243 0.645223
vn 0.724457 0.298215 0.591622
vn 0.807629 0.243604 0.504689
vn 0.600237 0.271029 0.724662
vn 0.724457 0.298215 0.591622
vn 0.706807 0.214243 0.645223
vn 0.528386 0.354912 0.743734
vn 0.526050 0.453705 0.691444
vn 0.605686 0.360587 0.681105
vn 0.528386 0.354912 0.743734
vn 0.446008 0.484133 0.725353
vn 0.526050 0.453705 0.691444
vn 0.446008 0.484133 0.725353
vn 0.417895 0.564759 0.683949
vn 0.514213 0.501122 0.667971
vn 0.514213 0.501122 0.667971
vn 0.417895 0.564759 0.683949
vn 0.482169 0.572378 0.634899
vn 0.589784 0.504247 0.601630
vn 0.482169 0.572378 0.634899
vn 0.558123 0.589273 0.554246
vn 0.666499 0.537455 0.484404
vn 0.558123 0.589273 0.554246
vn 0.563648 0.634050 0.498052
vn 0.563648 0.634050 0.498052
vn 0.653175 0.604542 0.421290
vn 0.666499 0.537455 0.484404
vn 0.653175 0.604542 0.421290
vn 0.725625 0.588104 0.315105
vn 0.763308 0.515155 0.350311
vn 0.701360 0.648706 0.245604
vn 0.725625 0.588104 0.315105
vn 0.584317 0.738172 0.294039
vn 0.563648 0.634050 0.498052
vn 0.558123 0.589273 0.554246
vn 0.459371 0.678936 0.542885
vn 0.393852 0.657606 0.613804
vn 0.459371 0.678936 0.542885
vn 0.558123 0.589273 0.554246
vn 0.317753 0.744578 0.557877
vn 0.256715 0.696532 0.642236
vn 0.223670 0.789134 0.542719
vn 0.256715 0.696532 0.642236
vn 0.136335 0.744496 0.625701
vn 0.223670 0.789134 0.542719
vn 0.177232 0.654920 0.707493
vn 0.136335 0.744496 0.625701
vn 0.256715 0.696532 0.642236
vn 0.482169 0.572378 0.634899
vn 0.393852 0.657606 0.613804
vn 0.558123 0.589273 0.554246
vn 0.482169 0.572378 0.634899
vn 0.417895 0.564759 0.683949
vn 0.393852 0.657606 0.613804
vn 0.256715 0.696532 0.642236
vn 0.393852 0.657606 0.613804
vn 0.417895 0.564759 0.683949
vn 0.283283 0.606362 0.715820
vn 0.256715 0.696532 0.642236
vn 0.417895 0.564759 0.683949
vn 0.185888 0.584500 0.762954
vn 0.177232 0.654920 0.707493
vn 0.283283 0.606362 0.715820
vn 0.361666 0.542256 0.731156
vn 0.283283 0.606362 0.715820
vn 0.417895 0.564759 0.683949
vn 0.446008 0.484133 0.725353
vn 0.361666 0.542256 0.731156
vn 0.417895 0.564759 0.683949
vn 0.446008 0.484133 0.725353
vn 0.514213 0.501122 0.667971
vn 0.526050 0.453705 0.691444
vn 0.445378 0.389926 0.778787
vn 0.446008 0.484133 0.725353
vn 0.528386 0.354912 0.743734
vn 0.528386 0.354912 0.743734
vn 0.605686 0.360587 0.681105
vn 0.600237 0.271029 0.724662
vn 0.600237 0.271029 0.724662
vn 0.509139 0.276072 0.787906
vn 0.528386 0.354912 0.743734
vn 0.509139 0.276072 0.787906
vn 0.445378 0.389926 0.778787
vn 0.528386 0.354912 0.743734
vn 0.582015 0.208778 0.758322
vn 0.600237 0.271029 0.724662
vn 0.706807 0.214243 0.645223
vn 0.582015 0.208778 0.758322
vn 0.470820 0.241615 0.821357
vn 0.509139 0.276072 0.787906
vn 0.470820 0.241615 0.821357
vn 0.423071 0.316836 0.821849
vn 0.509139 0.276072 0.787906
vn 0.509139 0.276072 0.787906
vn 0.423071 0.316836 0.821849
vn 0.445378 0.389926 0.778787
vn 0.423071 0.316836 0.821849
vn 0.358177 0.380698 0.825581
vn 0.445378 0.389926 0.778787
vn 0.445378 0.389926 0.778787
vn 0.358177 0.380698 0.825581
vn 0.370489 0.468452 0.774994
vn 0.358177 0.380698 0.825581
vn 0.181155 0.425883 0.859739
vn 0.370489 0.468452 0.774994
vn 0.445378 0.389926 0.778787
vn 0.370489 0.468452 0.774994
vn 0.446008 0.484133 0.725353
vn 0.370489 0.468452 0.774994
vn 0.361666 0.542256 0.731156
vn 0.446008 0.484133 0.725353
vn 0.370489 0.468452 0.774994
vn 0.179469 0.512656 0.812892
vn 0.361666 0.542256 0.731156
vn 0.361666 0.542256 0.731156
vn 0.179469 0.512656 0.812892
vn 0.185888 0.584500 0.762954
vn 0.185888 0.584500 0.762954
vn 0.054686 0.635510 0.743291
vn 0.177232 0.654920 0.707493
vn 0.177232 0.654920 0.707493
vn 0.029185 0.692380 0.693797
vn 0.136335 0.744496 0.625701
vn 0.029185 0.692380 0.693797
vn -0.001162 0.794628 0.578608
vn 0.136335 0.744496 0.625701
vn 0.029185 0.692380 0.693797
vn -0.132371 0.729834 0.643036
vn -0.001162 0.794628 0.578608
vn -0.118090 0.678904 0.697516
vn -0.132371 0.729834 0.643036
vn 0.029185 0.692380 0.693797
vn -0.118090 0.678904 0.697516
vn -0.274171 0.653005 0.678524
vn -0.132371 0.729834 0.643036
vn -0.132371 0.729834 0.643036
vn -0.274171 0.653005 0.678524
vn -0.289403 0.705670 0.618607
vn -0.289403 0.705670 0.618607
vn -0.421202 0.617352 0.636252
vn -0.434985 0.671155 0.571078
vn -0.434985 0.671155 0.571078
vn -0.421202 0.617352 0.636252
vn -0.538136 0.583658 0.578699
vn -0.421202 0.617352 0.636252
vn -0.506828 0.528625 0.652738
vn -0.538136 0.583658 0.578699
vn -0.554703 0.442183 0.676734
vn -0.495451 0.420551 0.732534
vn -0.579073 0.364640 0.701238
vn -0.495451 0.420551 0.732534
vn -0.554703 0.442183 0.676734
vn -0.446030 0.496921 0.716907
vn -0.051920 0.546796 0.808979
vn -0.246927 0.528775 0.785195
vn -0.086618 0.629105 0.745615
vn 0.053413 0.560077 0.800027
vn -0.086618 0.629105 0.745615
vn 0.054686 0.635510 0.743291
vn 0.053413 0.560077 0.800027
vn 0.054686 0.635510 0.743291
vn 0.185888 0.584500 0.762954
vn -0.051920 0.546796 0.808979
vn -0.086618 0.629105 0.745615
vn 0.053413 0.560077 0.800027
vn 0.179469 0.512656 0.812892
vn 0.053413 0.560077 0.800027
vn 0.185888 0.584500 0.762954
vn -0.095315 0.455532 0.858435
vn -0.246927 0.528775 0.785195
vn -0.051920 0.546796 0.808979
vn -0.095315 0.455532 0.858435
vn -0.257706 0.430644 0.838158
vn -0.246927 0.528775 0.785195
vn -0.405208 0.411608 0.789245
vn -0.246927 0.528775 0.785195
vn -0.257706 0.430644 0.838158
vn 0.181155 0.425883 0.859739
vn 0.179469 0.512656 0.812892
vn 0.370489 0.468452 0.774994
vn 0.325143 0.331491 0.858790
vn 0.181155 0.425883 0.859739
vn 0.358177 0.380698 0.825581
vn 0.582015 0.208778 0.758322
vn 0.509139 0.276072 0.787906
vn 0.600237 0.271029 0.724662
vn 0.744290 0.120311 0.627576
vn 0.593916 0.174982 0.757633
vn 0.582015 0.208778 0.758322
vn 0.593916 0.174982 0.757633
vn 0.470820 0.241615 0.821357
vn 0.582015 0.208778 0.758322
vn 0.582015 0.208778 0.758322
vn 0.706807 0.214243 0.645223
vn 0.744290 0.120311 0.627576
vn 0.744290 0.120311 0.627576
vn 0.693947 0.117565 0.681864
vn 0.593916 0.174982 0.757633
vn 0.593916 0.174982 0.757633
vn 0.486233 0.265350 0.805363
vn 0.470820 0.241615 0.821357
vn 0.486233 0.265350 0.805363
vn 0.349484 0.278841 0.867579
vn 0.470820 0.241615 0.821357
vn 0.593916 0.174982 0.757633
vn 0.593285 0.245596 0.738881
vn 0.486233 0.265350 0.805363
vn 0.418111 0.342478 0.814314
vn 0.486233 0.265350 0.805363
vn 0.593285 0.245596 0.738881
vn 0.746041 0.172852 0.613499
vn 0.593285 0.245596 0.738881
vn 0.693947 0.117565 0.681864
vn 0.593916 0.174982 0.757633
vn 0.693947 0.117565 0.681864
vn 0.593285 0.245596 0.738881
vn 0.693947 0.117565 0.681864
vn 0.798218 0.077292 0.566702
vn 0.746041 0.172852 0.613499
vn 0.693947 0.117565 0.681864
vn 0.744290 0.120311 0.627576
vn 0.798218 0.077292 0.566702
vn 0.824984 0.125176 0.519113
vn 0.868022 0.087479 0.454259
vn 0.798218 0.077292 0.566702
vn 0.744290 0.120311 0.627576
vn 0.824984 0.125176 0.519113
vn 0.798218 0.077292 0.566702
vn 0.744290 0.120311 0.627576
vn 0.773028 0.179377 0.578155
vn 0.824984 0.125176 0.519113
vn 0.773028 0.179377 0.578155
vn 0.744290 0.120311 0.627576
vn 0.706807 0.214243 0.645223
vn 0.706807 0.214243 0.645223
vn 0.807629 0.243604 0.504689
vn 0.773028 0.179377 0.578155
vn 0.868519 0.150708 0.436935
vn 0.773028 0.179377 0.578155
vn 0.830494 0.223151 0.476989
vn 0.773028 0.179377 0.578155
vn 0.807629 0.243604 0.504689
vn 0.830494 0.223151 0.476989
vn 0.824984 0.125176 0.519113
vn 0.773028 0.179377 0.578155
vn 0.868519 0.150708 0.436935
vn 0.868022 0.087479 0.454259
vn 0.824984 0.125176 0.519113
vn 0.868519 0.150708 0.436935
vn 0.868022 0.087479 0.454259
vn 0.912201 0.033966 0.368949
vn 0.798218 0.077292 0.566702
vn 0.746041 0.172852 0.613499
vn 0.833984 0.121610 0.505770
vn 0.730420 0.206551 0.621633
vn 0.833984 0.121610 0.505770
vn 0.746041 0.172852 0.613499
vn 0.798218 0.077292 0.566702
vn 0.798218 0.077292 0.566702
vn 0.912201 0.033966 0.368949
vn 0.833984 0.121610 0.505770
vn 0.587267 0.288938 0.728285
vn 0.472351 0.372209 0.771694
vn 0.694632 0.223592 0.654941
vn 0.694632 0.223592 0.654941
vn 0.472351 0.372209 0.771694
vn 0.537669 0.317789 0.753472
vn 0.694632 0.223592 0.654941
vn 0.537669 0.317789 0.753472
vn 0.593285 0.245596 0.738881
vn 0.537669 0.317789 0.753472
vn 0.418111 0.342478 0.814314
vn 0.593285 0.245596 0.738881
vn 0.694632 0.223592 0.654941
vn 0.593285 0.245596 0.738881
vn 0.746041 0.172852 0.613499
vn 0.358104 0.407913 0.812914
vn 0.418111 0.342478 0.814314
vn 0.537669 0.317789 0.753472
vn 0.358104 0.407913 0.812914
vn 0.537669 0.317789 0.753472
vn 0.472351 0.372209 0.771694
vn 0.746041 0.172852 0.613499
vn 0.730420 0.206551 0.621633
vn 0.694632 0.223592 0.654941
vn 0.587267 0.288938 0.728285
vn 0.694632 0.223592 0.654941
vn 0.730420 0.206551 0.621633
vn 0.431005 0.325987 0.814334
vn 0.472351 0.372209 0.771694
vn 0.587267 0.288938 0.728285
vn 0.338908 0.397973 0.825599
vn 0.358104 0.407913 0.812914
vn 0.472351 0.372209 0.771694
vn 0.181708 0.415097 0.864725
vn 0.358104 0.407913 0.812914
vn 0.338908 0.397973 0.825599
vn 0.338908 0.397973 0.825599
vn 0.472351 0.372209 0.771694
vn 0.431005 0.325987 0.814334
vn 0.730420 0.206551 0.621633
vn 0.833984 0.121610 0.505770
vn 0.822023 0.141574 0.519599
vn 0.833984 0.121610 0.505770
vn 0.874690 0.095602 0.440003
vn 0.822023 0.141574 0.519599
vn 0.730420 0.206551 0.621633
vn 0.521148 0.254389 0.787342
vn 0.587267 0.288938 0.728285
vn 0.521148 0.254389 0.787342
vn 0.366147 0.317256 0.847875
vn 0.587267 0.288938 0.728285
vn 0.587267 0.288938 0.728285
vn 0.366147 0.317256 0.847875
vn 0.431005 0.325987 0.814334
vn 0.274743 0.346959 0.869923
vn 0.338908 0.397973 0.825599
vn 0.431005 0.325987 0.814334
vn 0.366147 0.317256 0.847875
vn 0.274743 0.346959 0.869923
vn 0.431005 0.325987 0.814334
vn 0.730420 0.206551 0.621633
vn 0.822023 0.141574 0.519599
vn 0.696885 0.196899 0.660892
vn 0.730420 0.206551 0.621633
vn 0.696885 0.196899 0.660892
vn 0.521148 0.254389 0.787342
vn 0.822023 0.141574 0.519599
vn 0.844365 0.021375 0.502738
vn 0.783034 0.091987 0.584895
vn 0.696885 0.196899 0.660892
vn 0.822023 0.141574 0.519599
vn 0.783034 0.091987 0.584895
vn 0.527149 0.252902 0.783912
vn 0.521148 0.254389 0.787342
vn 0.639267 0.177041 0.720338
vn 0.219457 0.372356 0.875009
vn 0.274743 0.346959 0.869923
vn 0.366147 0.317256 0.847875
vn 0.696885 0.196899 0.660892
vn 0.783034 0.091987 0.584895
vn 0.639267 0.177041 0.720338
vn 0.521148 0.254389 0.787342
vn 0.696885 0.196899 0.660892
vn 0.639267 0.177041 0.720338
vn 0.288033 0.365356 0.858362
vn 0.521148 0.254389 0.787342
vn 0.527149 0.252902 0.783912
vn 0.783034 0.091987 0.584895
vn 0.742642 0.081079 0.635528
vn 0.639267 0.177041 0.720338
vn 0.639267 0.177041 0.720338
vn 0.742642 0.081079 0.635528
vn 0.527149 0.252902 0.783912
vn 0.288033 0.365356 0.858362
vn 0.366147 0.317256 0.847875
vn 0.521148 0.254389 0.787342
vn 0.288033 0.365356 0.858362
vn 0.219457 0.372356 0.875009
vn 0.366147 0.317256 0.847875
vn 0.074626 0.417545 0.878910
vn 0.176115 0.384297 0.879526
vn 0.219457 0.372356 0.875009
vn 0.219457 0.372356 0.875009
vn 0.176115 0.384297 0.879526
vn 0.274743 0.346959 0.869923
vn 0.176115 0.384297 0.879526
vn 0.338908 0.397973 0.825599
vn 0.274743 0.346959 0.869923
vn 0.176115 0.384297 0.879526
vn 0.181708 0.415097 0.864725
vn 0.338908 0.397973 0.825599
vn 0.181708 0.415097 0.864725
vn 0.204150 0.431213 0.852116
vn 0.358104 0.407913 0.812914
vn 0.358104 0.407913 0.812914
vn 0.204150 0.431213 0.852116
vn 0.418111 0.342478 0.814314
vn 0.418111 0.342478 0.814314
vn 0.281007 0.341587 0.870037
vn 0.486233 0.265350 0.805363
vn 0.204150 0.431213 0.852116
vn 0.281007 0.341587 0.870037
vn 0.418111 0.342478 0.814314
vn 0.204150 0.431213 0.852116
vn 0.188203 0.368185 0.883761
vn 0.281007 0.341587 0.870037
vn 0.204150 0.431213 0.852116
vn 0.082433 0.431453 0.871690
vn 0.188203 0.368185 0.883761
vn 0.281007 0.341587 0.870037
vn 0.349484 0.278841 0.867579
vn 0.486233 0.265350 0.805363
vn 0.349484 0.278841 0.867579
vn 0.423071 0.316836 0.821849
vn 0.470820 0.241615 0.821357
vn 0.349484 0.278841 0.867579
vn 0.325143 0.331491 0.858790
vn 0.423071 0.316836 0.821849
vn 0.188203 0.368185 0.883761
vn 0.325143 0.331491 0.858790
vn 0.349484 0.278841 0.867579
vn 0.325143 0.331491 0.858790
vn 0.358177 0.380698 0.825581
vn 0.423071 0.316836 0.821849
vn -0.095315 0.455532 0.858435
vn -0.051920 0.546796 0.808979
vn 0.083530 0.475401 0.849135
vn 0.083530 0.475401 0.849135
vn 0.053413 0.560077 0.800027
vn 0.179469 0.512656 0.812892
vn 0.083530 0.475401 0.849135
vn -0.051920 0.546796 0.808979
vn 0.053413 0.560077 0.800027
vn -0.095315 0.455532 0.858435
vn -0.238620 0.435134 0.841403
vn -0.257706 0.430644 0.838158
vn 0.082750 0.406702 0.883121
vn 0.083530 0.475401 0.849135
vn 0.181155 0.425883 0.859739
vn 0.179469 0.512656 0.812892
vn 0.181155 0.425883 0.859739
vn 0.083530 0.475401 0.849135
vn 0.082750 0.406702 0.883121
vn -0.095315 0.455532 0.858435
vn 0.083530 0.475401 0.849135
vn -0.307625 0.405025 0.834149
vn -0.405208 0.411608 0.789245
vn -0.257706 0.430644 0.838158
vn 0.188203 0.368185 0.883761
vn 0.349484 0.278841 0.867579
vn 0.281007 0.341587 0.870037
vn -0.120995 0.469052 0.848167
vn -0.040715 0.426324 0.876987
vn 0.082433 0.431453 0.871690
vn -0.238620 0.435134 0.841403
vn -0.040715 0.426324 0.876987
vn -0.120995 0.469052 0.848167
vn -0.245679 0.482799 0.813766
vn -0.238620 0.435134 0.841403
vn -0.120995 0.469052 0.848167
vn 0.021045 0.471607 0.854910
vn 0.082433 0.431453 0.871690
vn 0.204150 0.431213 0.852116
vn -0.062823 0.485128 0.845530
vn -0.120995 0.469052 0.848167
vn 0.082433 0.431453 0.871690
vn -0.062823 0.485128 0.845530
vn 0.082433 0.431453 0.871690
vn 0.021045 0.471607 0.854910
vn -0.062823 0.485128 0.845530
vn -0.209654 0.500547 0.813178
vn -0.120995 0.469052 0.848167
vn -0.209654 0.500547 0.813178
vn -0.245679 0.482799 0.813766
vn -0.120995 0.469052 0.848167
vn 0.082433 0.431453 0.871690
vn 0.082750 0.406702 0.883121
vn 0.188203 0.368185 0.883761
vn 0.188203 0.368185 0.883761
vn 0.181155 0.425883 0.859739
vn 0.325143 0.331491 0.858790
vn 0.188203 0.368185 0.883761
vn 0.082750 0.406702 0.883121
vn 0.181155 0.425883 0.859739
vn -0.040715 0.426324 0.876987
vn -0.095315 0.455532 0.858435
vn 0.082750 0.406702 0.883121
vn 0.082433 0.431453 0.871690
vn -0.040715 0.426324 0.876987
vn 0.082750 0.406702 0.883121
vn -0.238620 0.435134 0.841403
vn -0.095315 0.455532 0.858435
vn -0.040715 0.426324 0.876987
vn -0.307625 0.405025 0.834149
vn -0.257706 0.430644 0.838158
vn -0.238620 0.435134 0.841403
vn -0.062823 0.485128 0.845530
vn -0.152360 0.451796 0.852320
vn -0.209654 0.500547 0.813178
vn -0.152360 0.451796 0.852320
vn -0.062823 0.485128 0.845530
vn -0.066224 0.407369 0.884179
vn -0.066224 0.407369 0.884179
vn 0.021045 0.471607 0.854910
vn 0.082835 0.428935 0.872856
vn 0.176115 0.384297 0.879526
vn 0.082835 0.428935 0.872856
vn 0.181708 0.415097 0.864725
vn -0.074319 0.396521 0.888323
vn -0.066224 0.407369 0.884179
vn 0.082835 0.428935 0.872856
vn -0.074319 0.396521 0.888323
vn -0.152360 0.451796 0.852320
vn -0.066224 0.407369 0.884179
vn -0.161349 0.465713 0.843401
vn -0.152360 0.451796 0.852320
vn -0.074319 0.396521 0.888323
vn -0.161349 0.465713 0.843401
vn -0.215085 0.460589 0.834413
vn -0.152360 0.451796 0.852320
vn 0.074626 0.417545 0.878910
vn 0.082835 0.428935 0.872856
vn 0.176115 0.384297 0.879526
vn 0.100402 0.446999 0.862210
vn 0.074626 0.417545 0.878910
vn 0.219457 0.372356 0.875009
vn 0.171166 0.378654 0.882843
vn 0.219457 0.372356 0.875009
vn 0.288033 0.365356 0.858362
vn 0.742642 0.081079 0.635528
vn 0.545587 0.260893 0.768955
vn 0.527149 0.252902 0.783912
vn 0.545587 0.260893 0.768955
vn 0.372231 0.356809 0.829864
vn 0.527149 0.252902 0.783912
vn 0.288033 0.365356 0.858362
vn 0.527149 0.252902 0.783912
vn 0.372231 0.356809 0.829864
vn 0.448663 0.299328 0.814976
vn 0.372231 0.356809 0.829864
vn 0.545587 0.260893 0.768955
vn 0.783034 0.091987 0.584895
vn 0.844365 0.021375 0.502738
vn 0.742642 0.081079 0.635528
vn 0.874690 0.095602 0.440003
vn 0.844365 0.021375 0.502738
vn 0.822023 0.141574 0.519599
vn 0.874690 0.095602 0.440003
vn 0.833984 0.121610 0.505770
vn 0.921603 0.002711 0.347072
vn 0.912201 0.033966 0.368949
vn 0.868022 0.087479 0.454259
vn 0.916010 0.039213 0.359131
vn 0.868519 0.150708 0.436935
vn 0.921473 0.125887 0.324556
vn 0.916010 0.039213 0.359131
vn 0.916010 0.039213 0.359131
vn 0.868022 0.087479 0.454259
vn 0.868519 0.150708 0.436935
vn 0.911877 0.186566 0.322607
vn 0.868519 0.150708 0.436935
vn 0.830494 0.223151 0.476989
vn 0.911877 0.186566 0.322607
vn 0.921473 0.125887 0.324556
vn 0.868519 0.150708 0.436935
vn 0.807629 0.243604 0.504689
vn 0.841755 0.305627 0.408556
vn 0.830494 0.223151 0.476989
vn 0.830494 0.223151 0.476989
vn 0.841755 0.305627 0.408556
vn 0.890125 0.233823 0.350651
vn 0.830494 0.223151 0.476989
vn 0.890125 0.233823 0.350651
vn 0.911877 0.186566 0.322607
vn 0.911877 0.186566 0.322607
vn 0.890125 0.233823 0.350651
vn 0.924036 0.226702 0.257438
vn 0.911877 0.186566 0.322607
vn 0.944440 0.156237 0.235236
vn 0.921473 0.125887 0.324556
vn 0.921473 0.125887 0.324556
vn 0.954832 0.087031 0.229024
vn 0.944804 0.027411 0.278572
vn 0.944804 0.027411 0.278572
vn 0.916010 0.039213 0.359131
vn 0.921473 0.125887 0.324556
vn 0.964274 0.021016 0.204291
vn 0.941214 -0.041780 0.288490
vn 0.944804 0.027411 0.278572
vn 0.941214 -0.041780 0.288490
vn 0.912201 0.033966 0.368949
vn 0.944804 0.027411 0.278572
vn 0.944804 0.027411 0.278572
vn 0.912201 0.033966 0.368949
vn 0.916010 0.039213 0.359131
vn 0.921603 0.002711 0.347072
vn 0.912201 0.033966 0.368949
vn 0.941214 -0.041780 0.288490
vn 0.921603 0.002711 0.347072
vn 0.833984 0.121610 0.505770
vn 0.912201 0.033966 0.368949
vn 0.954832 0.087031 0.229024
vn 0.921473 0.125887 0.324556
vn 0.944440 0.156237 0.235236
vn 0.944440 0.156237 0.235236
vn 0.911877 0.186566 0.322607
vn 0.924036 0.226702 0.257438
vn 0.944440 0.156237 0.235236
vn 0.924036 0.226702 0.257438
vn 0.945416 0.212379 0.182976
vn 0.924036 0.226702 0.257438
vn 0.890125 0.233823 0.350651
vn 0.901914 0.308397 0.251397
vn 0.954832 0.087031 0.229024
vn 0.944440 0.156237 0.235236
vn 0.970254 0.109755 0.138666
vn 0.984399 0.031932 0.054920
vn 0.970254 0.109755 0.138666
vn 0.981426 0.099802 -0.005893
vn 0.984399 0.031932 0.054920
vn 0.954832 0.087031 0.229024
vn 0.970254 0.109755 0.138666
vn 0.964274 0.021016 0.204291
vn 0.954832 0.087031 0.229024
vn 0.984399 0.031932 0.054920
vn 0.984429 -0.025124 0.057743
vn 0.964274 0.021016 0.204291
vn 0.984399 0.031932 0.054920
vn 0.984429 -0.025124 0.057743
vn 0.971766 -0.149804 0.079345
vn 0.959972 -0.078093 0.210490
vn 0.742642 0.081079 0.635528
vn 0.793783 0.052073 0.575487
vn 0.667742 0.138983 0.703088
vn 0.513979 0.235980 0.797421
vn 0.622578 0.189836 0.731319
vn 0.667742 0.138983 0.703088
vn 0.586092 0.219286 0.752367
vn 0.513979 0.235980 0.797421
vn 0.667742 0.138983 0.703088
vn 0.513979 0.235980 0.797421
vn 0.448663 0.299328 0.814976
vn 0.622578 0.189836 0.731319
vn 0.545587 0.260893 0.768955
vn 0.622578 0.189836 0.731319
vn 0.448663 0.299328 0.814976
vn 0.742642 0.081079 0.635528
vn 0.622578 0.189836 0.731319
vn 0.545587 0.260893 0.768955
vn 0.742642 0.081079 0.635528
vn 0.667742 0.138983 0.703088
vn 0.622578 0.189836 0.731319
vn 0.483453 0.278628 0.802639
vn 0.513979 0.235980 0.797421
vn 0.586092 0.219286 0.752367
vn 0.971766 -0.149804 0.079345
vn 0.959868 -0.127121 0.186405
vn 0.959972 -0.078093 0.210490
vn 0.964948 -0.047230 -0.196815
vn 0.973249 -0.095307 -0.128209
vn 0.984429 -0.025124 0.057743
vn 0.964948 -0.047230 -0.196815
vn 0.984429 -0.025124 0.057743
vn 0.984399 0.031932 0.054920
vn 0.964274 0.021016 0.204291
vn 0.944804 0.027411 0.278572
vn 0.954832 0.087031 0.229024
vn 0.941214 -0.041780 0.288490
vn 0.964274 0.021016 0.204291
vn 0.959972 -0.078093 0.210490
vn 0.984429 -0.025124 0.057743
vn 0.959972 -0.078093 0.210490
vn 0.964274 0.021016 0.204291
vn 0.844365 0.021375 0.502738
vn 0.793783 0.052073 0.575487
vn 0.742642 0.081079 0.635528
vn 0.890145 0.044725 -0.417114
vn 0.947101 0.110900 -0.249360
vn 0.896687 0.024953 -0.404902
vn 0.927277 0.003268 -0.332035
vn 0.922245 0.056228 -0.340954
vn 0.961483 -0.050260 -0.212001
vn 0.821999 0.148661 -0.517713
vn 0.874401 0.091576 -0.441390
vn 0.872168 0.118582 -0.439452
vn 0.927277 0.003268 -0.332035
vn 0.971114 -0.007551 -0.170957
vn 0.917170 0.094675 -0.345988
vn 0.886297 -0.433887 -0.008518
vn 0.902842 -0.393958 -0.057565
vn 0.843543 -0.511250 -0.033954
vn 0.954455 -0.247921 -0.030155
vn 0.928246 -0.327114 -0.069114
vn 0.927291 -0.336491 -0.021644
vn 0.927291 -0.336491 -0.021644
vn 0.928246 -0.327114 -0.069114
vn 0.886297 -0.433887 -0.008518
vn 0.954455 -0.247921 -0.030155
vn 0.927291 -0.336491 -0.021644
vn 0.921088 -0.352053 0.035182
vn 0.952493 -0.237985 0.096081
vn 0.954455 -0.247921 -0.030155
vn 0.921088 -0.352053 0.035182
vn 0.954289 -0.249934 -0.015703
vn 0.954455 -0.247921 -0.030155
vn 0.952493 -0.237985 0.096081
vn 0.952493 -0.237985 0.096081
vn 0.921088 -0.352053 0.035182
vn 0.930702 -0.307885 0.110324
vn 0.952493 -0.237985 0.096081
vn 0.930702 -0.307885 0.110324
vn 0.938785 -0.243382 0.178716
vn 0.938785 -0.243382 0.178716
vn 0.930702 -0.307885 0.110324
vn 0.906644 -0.324607 0.211966
vn 0.963958 -0.186998 0.094117
vn 0.938785 -0.243382 0.178716
vn 0.946914 -0.203016 0.185719
vn 0.906644 -0.324607 0.211966
vn 0.914502 -0.268163 0.251870
vn 0.938785 -0.243382 0.178716
vn 0.914502 -0.268163 0.251870
vn 0.946914 -0.203016 0.185719
vn 0.938785 -0.243382 0.178716
vn 0.914502 -0.268163 0.251870
vn 0.931017 -0.185227 0.265018
vn 0.946914 -0.203016 0.185719
vn 0.946914 -0.203016 0.185719
vn 0.931017 -0.185227 0.265018
vn 0.950658 -0.213589 0.152671
vn 0.969335 -0.153742 0.098625
vn 0.946914 -0.203016 0.185719
vn 0.950658 -0.213589 0.152671
vn 0.967890 -0.174271 0.076969
vn 0.969335 -0.153742 0.098625
vn 0.950658 -0.213589 0.152671
vn 0.967890 -0.174271 0.076969
vn 0.950658 -0.213589 0.152671
vn 0.949996 -0.250868 0.088027
vn 0.965230 -0.203977 -0.005895
vn 0.967890 -0.174271 0.076969
vn 0.949996 -0.250868 0.088027
vn 0.939251 -0.302060 -0.007812
vn 0.965230 -0.203977 -0.005895
vn 0.949996 -0.250868 0.088027
vn 0.939251 -0.302060 -0.007812
vn 0.946006 -0.251065 -0.122527
vn 0.965230 -0.203977 -0.005895
vn 0.898959 -0.311169 -0.258291
vn 0.932507 -0.210225 -0.240730
vn 0.946006 -0.251065 -0.122527
vn 0.946006 -0.251065 -0.122527
vn 0.939251 -0.302060 -0.007812
vn 0.898436 -0.383601 -0.137269
vn 0.898959 -0.311169 -0.258291
vn 0.946006 -0.251065 -0.122527
vn 0.898436 -0.383601 -0.137269
vn 0.885927 -0.215832 -0.371555
vn 0.932507 -0.210225 -0.240730
vn 0.898959 -0.311169 -0.258291
vn 0.970050 -0.140187 -0.110636
vn 0.932507 -0.210225 -0.240730
vn 0.908689 -0.140163 -0.352730
vn 0.908689 -0.140163 -0.352730
vn 0.932507 -0.210225 -0.240730
vn 0.885927 -0.215832 -0.371555
vn 0.799395 -0.211635 -0.530749
vn 0.908689 -0.140163 -0.352730
vn 0.885927 -0.215832 -0.371555
vn 0.799395 -0.211635 -0.530749
vn 0.842609 -0.109357 -0.494445
vn 0.908689 -0.140163 -0.352730
vn 0.970050 -0.140187 -0.110636
vn 0.965230 -0.203977 -0.005895
vn 0.946006 -0.251065 -0.122527
vn 0.970050 -0.140187 -0.110636
vn 0.946006 -0.251065 -0.122527
vn 0.932507 -0.210225 -0.240730
vn 0.908689 -0.140163 -0.352730
vn 0.955554 -0.081905 -0.227924
vn 0.970050 -0.140187 -0.110636
vn 0.955554 -0.081905 -0.227924
vn 0.981226 -0.098502 -0.025815
vn 0.970050 -0.140187 -0.110636
vn 0.970050 -0.140187 -0.110636
vn 0.967890 -0.174271 0.076969
vn 0.965230 -0.203977 -0.005895
vn 0.970050 -0.140187 -0.110636
vn 0.981226 -0.098502 -0.025815
vn 0.967890 -0.174271 0.076969
vn 0.920075 -0.039407 -0.348853
vn 0.955554 -0.081905 -0.227924
vn 0.908689 -0.140163 -0.352730
vn 0.918391 0.038263 -0.353267
vn 0.956452 -0.004402 -0.238252
vn 0.920075 -0.039407 -0.348853
vn 0.920075 -0.039407 -0.348853
vn 0.956452 -0.004402 -0.238252
vn 0.955554 -0.081905 -0.227924
vn 0.956452 -0.004402 -0.238252
vn 0.981226 -0.098502 -0.025815
vn 0.955554 -0.081905 -0.227924
vn 0.981226 -0.098502 -0.025815
vn 0.969335 -0.153742 0.098625
vn 0.967890 -0.174271 0.076969
vn 0.918391 0.038263 -0.353267
vn 0.940962 0.073264 -0.283154
vn 0.956452 -0.004402 -0.238252
vn 0.901150 0.097867 -0.384001
vn 0.940962 0.073264 -0.283154
vn 0.918391 0.038263 -0.353267
vn 0.918391 0.038263 -0.353267
vn 0.845547 0.083755 -0.494412
vn 0.901150 0.097867 -0.384001
vn 0.859567 0.155206 -0.452360
vn 0.940962 0.073264 -0.283154
vn 0.901150 0.097867 -0.384001
vn 0.981226 -0.098502 -0.025815
vn 0.979650 -0.052861 -0.101839
vn 0.976051 -0.139595 -0.032204
vn 0.969335 -0.153742 0.098625
vn 0.963958 -0.186998 0.094117
vn 0.946914 -0.203016 0.185719
vn 0.976051 -0.139595 -0.032204
vn 0.963958 -0.186998 0.094117
vn 0.969335 -0.153742 0.098625
vn 0.976051 -0.139595 -0.032204
vn 0.980552 -0.096577 -0.048142
vn 0.963958 -0.186998 0.094117
vn 0.979650 -0.052861 -0.101839
vn 0.980552 -0.096577 -0.048142
vn 0.976051 -0.139595 -0.032204
vn 0.859567 0.155206 -0.452360
vn 0.917170 0.094675 -0.345988
vn 0.940962 0.073264 -0.283154
vn 0.940962 0.073264 -0.283154
vn 0.917170 0.094675 -0.345988
vn 0.971114 -0.007551 -0.170957
vn 0.872168 0.118582 -0.439452
vn 0.859567 0.155206 -0.452360
vn 0.821999 0.148661 -0.517713
vn 0.725801 0.203875 -0.627725
vn 0.821999 0.148661 -0.517713
vn 0.859567 0.155206 -0.452360
vn 0.714881 0.105171 -0.662509
vn 0.628752 0.192107 -0.725582
vn 0.591295 0.125570 -0.769043
vn 0.748720 -0.128274 -0.620885
vn 0.687634 -0.049591 -0.696017
vn 0.689393 -0.110749 -0.687442
vn 0.748720 -0.128274 -0.620885
vn 0.689393 -0.110749 -0.687442
vn 0.699838 -0.184580 -0.661302
vn 0.689393 -0.110749 -0.687442
vn 0.687634 -0.049591 -0.696017
vn 0.632311 -0.040721 -0.745836
vn 0.632311 -0.040721 -0.745836
vn 0.687634 -0.049591 -0.696017
vn 0.656669 0.008852 -0.726121
vn 0.687634 -0.049591 -0.696017
vn 0.763928 0.006328 -0.615651
vn 0.656669 0.008852 -0.726121
vn 0.757386 0.047758 -0.621722
vn 0.852607 0.041545 -0.487755
vn 0.794755 0.127845 -0.562553
vn 0.714881 0.105171 -0.662509
vn 0.757386 0.047758 -0.621722
vn 0.794755 0.127845 -0.562553
vn 0.714881 0.105171 -0.662509
vn 0.794755 0.127845 -0.562553
vn 0.720961 0.163229 -0.644450
vn 0.794755 0.127845 -0.562553
vn 0.821999 0.148661 -0.517713
vn 0.720961 0.163229 -0.644450
vn 0.874401 0.091576 -0.441390
vn 0.821999 0.148661 -0.517713
vn 0.794755 0.127845 -0.562553
vn 0.757386 0.047758 -0.621722
vn 0.714881 0.105171 -0.662509
vn 0.693575 0.082394 -0.687211
vn 0.784729 -0.178708 -0.562814
vn 0.831071 -0.126207 -0.509332
vn 0.748720 -0.128274 -0.620885
vn 0.748720 -0.128274 -0.620885
vn 0.699838 -0.184580 -0.661302
vn 0.784729 -0.178708 -0.562814
vn 0.745922 -0.245899 -0.588982
vn 0.784729 -0.178708 -0.562814
vn 0.699838 -0.184580 -0.661302
vn 0.699838 -0.184580 -0.661302
vn 0.586138 -0.224112 -0.750953
vn 0.745922 -0.245899 -0.588982
vn 0.745922 -0.245899 -0.588982
vn 0.851502 -0.185422 -0.456157
vn 0.784729 -0.178708 -0.562814
vn 0.851502 -0.185422 -0.456157
vn 0.909120 -0.161941 -0.342460
vn 0.831071 -0.126207 -0.509332
vn 0.784729 -0.178708 -0.562814
vn 0.851502 -0.185422 -0.456157
vn 0.831071 -0.126207 -0.509332
vn 0.890145 0.044725 -0.417114
vn 0.896687 0.024953 -0.404902
vn 0.825969 0.042553 -0.530406
vn 0.928865 0.012639 -0.327468
vn 0.879415 0.003558 -0.440892
vn 0.896687 0.024953 -0.404902
vn 0.928865 0.012639 -0.327468
vn 0.874401 0.091576 -0.441390
vn 0.879415 0.003558 -0.440892
vn 0.928865 0.012639 -0.327468
vn 0.922245 0.056228 -0.340954
vn 0.874401 0.091576 -0.441390
vn 0.852607 0.041545 -0.487755
vn 0.879415 0.003558 -0.440892
vn 0.874401 0.091576 -0.441390
vn 0.813741 -0.000397 -0.550087
vn 0.879415 0.003558 -0.440892
vn 0.852607 0.041545 -0.487755
vn 0.813741 -0.000397 -0.550087
vn 0.896687 0.024953 -0.404902
vn 0.879415 0.003558 -0.440892
vn 0.825969 0.042553 -0.530406
vn 0.896687 0.024953 -0.404902
vn 0.813741 -0.000397 -0.550087
vn 0.763928 0.006328 -0.615651
vn 0.825969 0.042553 -0.530406
vn 0.757386 0.047758 -0.621722
vn 0.813741 -0.000397 -0.550087
vn 0.852607 0.041545 -0.487755
vn 0.757386 0.047758 -0.621722
vn 0.852607 0.041545 -0.487755
vn 0.874401 0.091576 -0.441390
vn 0.794755 0.127845 -0.562553
vn 0.757386 0.047758 -0.621722
vn 0.825969 0.042553 -0.530406
vn 0.813741 -0.000397 -0.550087
vn 0.757386 0.047758 -0.621722
vn 0.693575 0.082394 -0.687211
vn 0.763928 0.006328 -0.615651
vn 0.890145 0.044725 -0.417114
vn 0.825969 0.042553 -0.530406
vn 0.848495 -0.006742 -0.496327
vn 0.915019 -0.011300 -0.363468
vn 0.848495 -0.006742 -0.496327
vn 0.883626 -0.072767 -0.426663
vn 0.915019 -0.011300 -0.363468
vn 0.883626 -0.072767 -0.426663
vn 0.924599 -0.032140 -0.337761
vn 0.943776 -0.101395 -0.265053
vn 0.964948 -0.047230 -0.196815
vn 0.924599 -0.032140 -0.337761
vn 0.924599 -0.032140 -0.337761
vn 0.964948 -0.047230 -0.196815
vn 0.965025 0.046046 -0.196717
vn 0.964948 -0.047230 -0.196815
vn 0.984399 0.031932 0.054920
vn 0.965025 0.046046 -0.196717
vn 0.981426 0.099802 -0.005893
vn 0.970254 0.109755 0.138666
vn 0.964183 0.195146 0.073599
vn 0.965025 0.046046 -0.196717
vn 0.981426 0.099802 -0.005893
vn 0.947101 0.110900 -0.249360
vn 0.984399 0.031932 0.054920
vn 0.981426 0.099802 -0.005893
vn 0.965025 0.046046 -0.196717
vn 0.909120 -0.161941 -0.342460
vn 0.943776 -0.101395 -0.265053
vn 0.883626 -0.072767 -0.426663
vn 0.883626 -0.072767 -0.426663
vn 0.943776 -0.101395 -0.265053
vn 0.924599 -0.032140 -0.337761
vn 0.924599 -0.032140 -0.337761
vn 0.965025 0.046046 -0.196717
vn 0.915019 -0.011300 -0.363468
vn 0.890145 0.044725 -0.417114
vn 0.965025 0.046046 -0.196717
vn 0.947101 0.110900 -0.249360
vn 0.915019 -0.011300 -0.363468
vn 0.965025 0.046046 -0.196717
vn 0.890145 0.044725 -0.417114
vn 0.890145 0.044725 -0.417114
vn 0.848495 -0.006742 -0.496327
vn 0.915019 -0.011300 -0.363468
vn 0.763928 0.006328 -0.615651
vn 0.848495 -0.006742 -0.496327
vn 0.825969 0.042553 -0.530406
vn 0.777369 -0.026841 -0.598506
vn 0.848495 -0.006742 -0.496327
vn 0.763928 0.006328 -0.615651
vn 0.831071 -0.126207 -0.509332
vn 0.883626 -0.072767 -0.426663
vn 0.777369 -0.026841 -0.598506
vn 0.777369 -0.026841 -0.598506
vn 0.883626 -0.072767 -0.426663
vn 0.848495 -0.006742 -0.496327
vn 0.831071 -0.126207 -0.509332
vn 0.909120 -0.161941 -0.342460
vn 0.883626 -0.072767 -0.426663
vn 0.687634 -0.049591 -0.696017
vn 0.777369 -0.026841 -0.598506
vn 0.763928 0.006328 -0.615651
vn 0.687634 -0.049591 -0.696017
vn 0.748720 -0.128274 -0.620885
vn 0.777369 -0.026841 -0.598506
vn 0.777369 -0.026841 -0.598506
vn 0.748720 -0.128274 -0.620885
vn 0.831071 -0.126207 -0.509332
vn 0.699838 -0.184580 -0.661302
vn 0.596193 -0.135603 -0.763693
vn 0.586138 -0.224112 -0.750953
vn 0.586138 -0.224112 -0.750953
vn 0.482427 -0.247136 -0.813170
vn 0.621982 -0.245423 -0.715607
vn 0.586138 -0.224112 -0.750953
vn 0.621982 -0.245423 -0.715607
vn 0.699823 -0.287537 -0.624675
vn 0.699823 -0.287537 -0.624675
vn 0.745922 -0.245899 -0.588982
vn 0.586138 -0.224112 -0.750953
vn 0.851502 -0.185422 -0.456157
vn 0.869025 -0.281784 -0.367560
vn 0.918509 -0.232185 -0.271558
vn 0.909120 -0.161941 -0.342460
vn 0.918509 -0.232185 -0.271558
vn 0.953105 -0.165232 -0.191138
vn 0.943776 -0.101395 -0.265053
vn 0.953105 -0.165232 -0.191138
vn 0.973249 -0.095307 -0.128209
vn 0.973249 -0.095307 -0.128209
vn 0.971766 -0.149804 0.079345
vn 0.984429 -0.025124 0.057743
vn 0.971619 -0.162932 -0.050919
vn 0.971766 -0.149804 0.079345
vn 0.973249 -0.095307 -0.128209
vn 0.963613 -0.208968 0.032725
vn 0.971766 -0.149804 0.079345
vn 0.971619 -0.162932 -0.050919
vn 0.952456 -0.230106 -0.113470
vn 0.963613 -0.208968 0.032725
vn 0.971619 -0.162932 -0.050919
vn 0.952456 -0.230106 -0.113470
vn 0.971619 -0.162932 -0.050919
vn 0.953105 -0.165232 -0.191138
vn 0.953105 -0.165232 -0.191138
vn 0.971619 -0.162932 -0.050919
vn 0.973249 -0.095307 -0.128209
vn 0.923983 -0.282127 -0.197561
vn 0.952456 -0.230106 -0.113470
vn 0.918509 -0.232185 -0.271558
vn 0.918509 -0.232185 -0.271558
vn 0.952456 -0.230106 -0.113470
vn 0.953105 -0.165232 -0.191138
vn 0.961629 -0.216972 0.038508
vn 0.963613 -0.208968 0.032725
vn 0.952456 -0.230106 -0.113470
vn 0.963613 -0.208968 0.032725
vn 0.959868 -0.127121 0.186405
vn 0.971766 -0.149804 0.079345
vn 0.963613 -0.208968 0.032725
vn 0.961629 -0.216972 0.038508
vn 0.957587 -0.133602 0.193300
vn 0.959868 -0.127121 0.186405
vn 0.957587 -0.133602 0.193300
vn 0.930770 -0.101385 0.306558
vn 0.930770 -0.101385 0.306558
vn 0.941214 -0.041780 0.288490
vn 0.959972 -0.078093 0.210490
vn 0.930770 -0.101385 0.306558
vn 0.959972 -0.078093 0.210490
vn 0.959868 -0.127121 0.186405
vn 0.957587 -0.133602 0.193300
vn 0.959868 -0.127121 0.186405
vn 0.963613 -0.208968 0.032725
vn 0.907763 -0.044099 0.378440
vn 0.930770 -0.101385 0.306558
vn 0.956858 -0.077534 0.224051
vn 0.907763 -0.044099 0.378440
vn 0.956858 -0.077534 0.224051
vn 0.921158 -0.029596 0.347009
vn 0.667742 0.138983 0.703088
vn 0.793783 0.052073 0.575487
vn 0.699426 0.192615 0.659501
vn 0.870983 -0.036002 0.455524
vn 0.882608 -0.040498 0.432821
vn 0.793783 0.052073 0.575487
vn 0.957587 -0.133602 0.193300
vn 0.956858 -0.077534 0.224051
vn 0.930770 -0.101385 0.306558
vn 0.974554 -0.118843 0.095279
vn 0.957587 -0.133602 0.193300
vn 0.961629 -0.216972 0.038508
vn 0.961970 -0.205443 -0.074601
vn 0.961629 -0.216972 0.038508
vn 0.952456 -0.230106 -0.113470
vn 0.961970 -0.205443 -0.074601
vn 0.952456 -0.230106 -0.113470
vn 0.923983 -0.282127 -0.197561
vn 0.894875 -0.289379 -0.294157
vn 0.961970 -0.205443 -0.074601
vn 0.923983 -0.282127 -0.197561
vn 0.894875 -0.289379 -0.294157
vn 0.923983 -0.282127 -0.197561
vn 0.869025 -0.281784 -0.367560
vn 0.869025 -0.281784 -0.367560
vn 0.923983 -0.282127 -0.197561
vn 0.918509 -0.232185 -0.271558
vn 0.699823 -0.287537 -0.624675
vn 0.847091 -0.269097 -0.422494
vn 0.808982 -0.264972 -0.491983
vn 0.723003 -0.268979 -0.606745
vn 0.699823 -0.287537 -0.624675
vn 0.621982 -0.245423 -0.715607
vn 0.678295 -0.151515 -0.690638
vn 0.621982 -0.245423 -0.715607
vn 0.557539 -0.178705 -0.783255
vn 0.621982 -0.245423 -0.715607
vn 0.678295 -0.151515 -0.690638
vn 0.723003 -0.268979 -0.606745
vn 0.747904 -0.189012 -0.606634
vn 0.723003 -0.268979 -0.606745
vn 0.678295 -0.151515 -0.690638
vn 0.723003 -0.268979 -0.606745
vn 0.747904 -0.189012 -0.606634
vn 0.847091 -0.269097 -0.422494
vn 0.808982 -0.264972 -0.491983
vn 0.847091 -0.269097 -0.422494
vn 0.894875 -0.289379 -0.294157
vn 0.826012 -0.149316 -0.511276
vn 0.898007 -0.141142 -0.378062
vn 0.847091 -0.269097 -0.422494
vn 0.808982 -0.264972 -0.491983
vn 0.894875 -0.289379 -0.294157
vn 0.869025 -0.281784 -0.367560
vn 0.942945 -0.178605 -0.225437
vn 0.977189 -0.127087 -0.045922
vn 0.961970 -0.205443 -0.074601
vn 0.977189 -0.127087 -0.045922
vn 0.974554 -0.118843 0.095279
vn 0.961970 -0.205443 -0.074601
vn 0.961970 -0.205443 -0.074601
vn 0.974554 -0.118843 0.095279
vn 0.961629 -0.216972 0.038508
vn 0.942945 -0.178605 -0.225437
vn 0.961970 -0.205443 -0.074601
vn 0.894875 -0.289379 -0.294157
vn 0.847091 -0.269097 -0.422494
vn 0.942945 -0.178605 -0.225437
vn 0.894875 -0.289379 -0.294157
vn 0.898007 -0.141142 -0.378062
vn 0.942945 -0.178605 -0.225437
vn 0.847091 -0.269097 -0.422494
vn 0.898007 -0.141142 -0.378062
vn 0.916974 -0.064231 -0.353195
vn 0.960049 -0.090103 -0.205434
vn 0.942945 -0.178605 -0.225437
vn 0.960049 -0.090103 -0.205434
vn 0.977189 -0.127087 -0.045922
vn 0.980071 -0.047919 0.100257
vn 0.956858 -0.077534 0.224051
vn 0.974554 -0.118843 0.095279
vn 0.956858 -0.077534 0.224051
vn 0.953584 -0.043861 0.245452
vn 0.921158 -0.029596 0.347009
vn 0.921995 -0.072724 0.338578
vn 0.959758 -0.076632 0.211955
vn 0.927393 -0.055779 0.327159
vn 0.853654 0.065332 0.483428
vn 0.922210 0.043721 0.342816
vn 0.906527 0.125079 0.363479
vn 0.820597 0.165955 0.514777
vn 0.906527 0.125079 0.363479
vn 0.868205 0.222744 0.406648
vn 0.922210 0.043721 0.342816
vn 0.882608 -0.040498 0.432821
vn 0.927393 -0.055779 0.327159
vn 0.959758 -0.076632 0.211955
vn 0.921995 -0.072724 0.338578
vn 0.953584 -0.043861 0.245452
vn 0.980071 -0.047919 0.100257
vn 0.953584 -0.043861 0.245452
vn 0.956858 -0.077534 0.224051
vn 0.984499 -0.049498 -0.037904
vn 0.980071 -0.047919 0.100257
vn 0.977189 -0.127087 -0.045922
vn 0.974554 -0.118843 0.095279
vn 0.977189 -0.127087 -0.045922
vn 0.980071 -0.047919 0.100257
vn 0.960049 -0.090103 -0.205434
vn 0.984499 -0.049498 -0.037904
vn 0.977189 -0.127087 -0.045922
vn 0.914264 -0.089515 -0.354695
vn 0.967230 -0.034724 -0.188252
vn 0.916974 -0.064231 -0.353195
vn 0.826012 -0.149316 -0.511276
vn 0.916974 -0.064231 -0.353195
vn 0.898007 -0.141142 -0.378062
vn 0.898007 -0.141142 -0.378062
vn 0.960049 -0.090103 -0.205434
vn 0.942945 -0.178605 -0.225437
vn 0.957587 -0.133602 0.193300
vn 0.974554 -0.118843 0.095279
vn 0.956858 -0.077534 0.224051
vn 0.921995 -0.072724 0.338578
vn 0.870983 -0.036002 0.455524
vn 0.921158 -0.029596 0.347009
vn 0.921158 -0.029596 0.347009
vn 0.953584 -0.043861 0.245452
vn 0.921995 -0.072724 0.338578
vn 0.870983 -0.036002 0.455524
vn 0.921995 -0.072724 0.338578
vn 0.882608 -0.040498 0.432821
vn 0.853654 0.065332 0.483428
vn 0.699426 0.192615 0.659501
vn 0.793783 0.052073 0.575487
vn 0.853654 0.065332 0.483428
vn 0.793783 0.052073 0.575487
vn 0.882608 -0.040498 0.432821
vn 0.882608 -0.040498 0.432821
vn 0.922210 0.043721 0.342816
vn 0.853654 0.065332 0.483428
vn 0.699426 0.192615 0.659501
vn 0.853654 0.065332 0.483428
vn 0.820597 0.165955 0.514777
vn 0.699426 0.192615 0.659501
vn 0.820597 0.165955 0.514777
vn 0.728180 0.328140 0.571475
vn 0.667742 0.138983 0.703088
vn 0.699426 0.192615 0.659501
vn 0.586092 0.219286 0.752367
vn 0.699426 0.192615 0.659501
vn 0.584822 0.341338 0.707934
vn 0.586092 0.219286 0.752367
vn 0.584822 0.341338 0.707934
vn 0.483453 0.278628 0.802639
vn 0.586092 0.219286 0.752367
vn 0.483453 0.278628 0.802639
vn 0.388612 0.341267 0.828894
vn 0.513979 0.235980 0.797421
vn 0.388612 0.341267 0.828894
vn 0.448663 0.299328 0.814976
vn 0.513979 0.235980 0.797421
vn 0.335184 0.307171 0.863786
vn 0.448663 0.299328 0.814976
vn 0.388612 0.341267 0.828894
vn 0.699426 0.192615 0.659501
vn 0.728180 0.328140 0.571475
vn 0.584822 0.341338 0.707934
vn 0.584822 0.341338 0.707934
vn 0.388612 0.341267 0.828894
vn 0.483453 0.278628 0.802639
vn 0.388612 0.341267 0.828894
vn 0.253398 0.307394 0.890412
vn 0.335184 0.307171 0.863786
vn 0.448663 0.299328 0.814976
vn 0.335184 0.307171 0.863786
vn 0.372231 0.356809 0.829864
vn 0.335184 0.307171 0.863786
vn 0.171166 0.378654 0.882843
vn 0.372231 0.356809 0.829864
vn 0.171166 0.378654 0.882843
vn 0.288033 0.365356 0.858362
vn 0.372231 0.356809 0.829864
vn 0.171166 0.378654 0.882843
vn 0.100402 0.446999 0.862210
vn 0.219457 0.372356 0.875009
vn 0.100402 0.446999 0.862210
vn -0.004457 0.415501 0.882912
vn 0.074626 0.417545 0.878910
vn -0.049464 0.424550 0.877384
vn -0.004457 0.415501 0.882912
vn 0.100402 0.446999 0.862210
vn 0.045848 0.315806 0.920970
vn 0.171166 0.378654 0.882843
vn 0.157431 0.306069 0.912132
vn 0.104119 0.295617 0.922848
vn 0.157431 0.306069 0.912132
vn 0.253398 0.307394 0.890412
vn 0.584822 0.341338 0.707934
vn 0.451604 0.401839 0.769370
vn 0.388612 0.341267 0.828894
vn 0.451604 0.401839 0.769370
vn 0.382617 0.338535 0.832685
vn 0.388612 0.341267 0.828894
vn 0.388612 0.341267 0.828894
vn 0.382617 0.338535 0.832685
vn 0.253398 0.307394 0.890412
vn 0.335184 0.307171 0.863786
vn 0.253398 0.307394 0.890412
vn 0.157431 0.306069 0.912132
vn 0.104119 0.295617 0.922848
vn 0.045848 0.315806 0.920970
vn 0.157431 0.306069 0.912132
vn 0.157431 0.306069 0.912132
vn 0.171166 0.378654 0.882843
vn 0.335184 0.307171 0.863786
vn 0.045848 0.315806 0.920970
vn 0.002108 0.429670 0.876321
vn 0.171166 0.378654 0.882843
vn 0.002108 0.429670 0.876321
vn 0.100402 0.446999 0.862210
vn 0.171166 0.378654 0.882843
vn 0.002108 0.429670 0.876321
vn -0.049464 0.424550 0.877384
vn 0.100402 0.446999 0.862210
vn 0.002108 0.429670 0.876321
vn -0.126293 0.445122 0.859837
vn -0.049464 0.424550 0.877384
vn -0.126293 0.445122 0.859837
vn -0.153194 0.481227 0.836409
vn -0.049464 0.424550 0.877384
vn -0.013718 0.362749 0.905079
vn 0.002108 0.429670 0.876321
vn 0.045848 0.315806 0.920970
vn -0.013718 0.362749 0.905079
vn -0.126293 0.445122 0.859837
vn 0.002108 0.429670 0.876321
vn -0.070399 0.325984 0.916011
vn -0.022198 0.305697 0.925117
vn -0.128147 0.371951 0.892646
vn 0.260320 0.371202 0.864522
vn 0.253398 0.307394 0.890412
vn 0.382617 0.338535 0.832685
vn 0.584822 0.341338 0.707934
vn 0.728180 0.328140 0.571475
vn 0.704438 0.311304 0.608371
vn 0.584822 0.341338 0.707934
vn 0.704438 0.311304 0.608371
vn 0.634735 0.282061 0.691204
vn 0.451604 0.401839 0.769370
vn 0.584822 0.341338 0.707934
vn 0.634735 0.282061 0.691204
vn 0.451604 0.401839 0.769370
vn 0.547505 0.259869 0.767964
vn 0.382617 0.338535 0.832685
vn 0.547505 0.259869 0.767964
vn 0.455033 0.234621 0.831912
vn 0.382617 0.338535 0.832685
vn 0.455033 0.234621 0.831912
vn 0.298533 0.242079 0.896318
vn 0.382617 0.338535 0.832685
vn 0.362748 0.113463 0.897995
vn 0.455033 0.234621 0.831912
vn 0.501369 0.101914 0.832017
vn 0.628999 0.135397 0.737680
vn 0.501369 0.101914 0.832017
vn 0.547505 0.259869 0.767964
vn 0.501369 0.101914 0.832017
vn 0.455033 0.234621 0.831912
vn 0.547505 0.259869 0.767964
vn 0.547505 0.259869 0.767964
vn 0.451604 0.401839 0.769370
vn 0.634735 0.282061 0.691204
vn 0.634735 0.282061 0.691204
vn 0.704438 0.311304 0.608371
vn 0.784304 0.214261 0.551240
vn 0.634735 0.282061 0.691204
vn 0.784304 0.214261 0.551240
vn 0.749946 0.177969 0.607418
vn 0.501369 0.101914 0.832017
vn 0.628999 0.135397 0.737680
vn 0.697234 0.057058 0.686099
vn 0.697234 0.057058 0.686099
vn 0.443359 0.052125 0.867764
vn 0.501369 0.101914 0.832017
vn 0.697234 0.057058 0.686099
vn 0.628999 0.135397 0.737680
vn 0.749946 0.177969 0.607418
vn 0.634735 0.282061 0.691204
vn 0.749946 0.177969 0.607418
vn 0.628999 0.135397 0.737680
vn 0.628999 0.135397 0.737680
vn 0.547505 0.259869 0.767964
vn 0.634735 0.282061 0.691204
vn 0.749946 0.177969 0.607418
vn 0.873649 0.092698 0.442610
vn 0.697234 0.057058 0.686099
vn 0.697234 0.057058 0.686099
vn 0.840765 -0.019386 0.508651
vn 0.609988 0.039545 0.763771
vn 0.609988 0.039545 0.763771
vn 0.443359 0.052125 0.867764
vn 0.697234 0.057058 0.686099
vn 0.402914 0.091418 0.883657
vn 0.443359 0.052125 0.867764
vn 0.609988 0.039545 0.763771
vn 0.471389 0.098934 0.849240
vn 0.402914 0.091418 0.883657
vn 0.609988 0.039545 0.763771
vn 0.389145 0.252479 0.858934
vn 0.402914 0.091418 0.883657
vn 0.471389 0.098934 0.849240
vn 0.609988 0.039545 0.763771
vn 0.676406 0.088982 0.702887
vn 0.471389 0.098934 0.849240
vn 0.676406 0.088982 0.702887
vn 0.459843 0.226473 0.831528
vn 0.471389 0.098934 0.849240
vn 0.459843 0.226473 0.831528
vn 0.389145 0.252479 0.858934
vn 0.471389 0.098934 0.849240
vn 0.591338 0.220618 0.747984
vn 0.459843 0.226473 0.831528
vn 0.676406 0.088982 0.702887
vn 0.609988 0.039545 0.763771
vn 0.766713 -0.032782 0.611454
vn 0.676406 0.088982 0.702887
vn 0.766713 -0.032782 0.611454
vn 0.609988 0.039545 0.763771
vn 0.840765 -0.019386 0.508651
vn 0.697234 0.057058 0.686099
vn 0.873649 0.092698 0.442610
vn 0.840765 -0.019386 0.508651
vn 0.749946 0.177969 0.607418
vn 0.784304 0.214261 0.551240
vn 0.873649 0.092698 0.442610
vn 0.873649 0.092698 0.442610
vn 0.784304 0.214261 0.551240
vn 0.910740 0.195285 0.320724
vn 0.819369 0.235630 0.489722
vn 0.910740 0.195285 0.320724
vn 0.784304 0.214261 0.551240
vn 0.704438 0.311304 0.608371
vn 0.819369 0.235630 0.489722
vn 0.784304 0.214261 0.551240
vn 0.728180 0.328140 0.571475
vn 0.819369 0.235630 0.489722
vn 0.704438 0.311304 0.608371
vn 0.936083 0.180431 0.250464
vn 0.954877 0.184947 0.162947
vn 0.910740 0.195285 0.320724
vn 0.971883 0.139387 0.094834
vn 0.976597 0.136632 0.028159
vn 0.978413 0.057590 -0.110546
vn 0.976597 0.136632 0.028159
vn 0.954877 0.184947 0.162947
vn 0.967959 0.138733 0.128751
vn 0.954877 0.184947 0.162947
vn 0.936083 0.180431 0.250464
vn 0.967959 0.138733 0.128751
vn 0.967959 0.138733 0.128751
vn 0.936083 0.180431 0.250464
vn 0.956510 0.097989 0.217639
vn 0.936083 0.180431 0.250464
vn 0.906527 0.125079 0.363479
vn 0.956510 0.097989 0.217639
vn 0.956510 0.097989 0.217639
vn 0.906527 0.125079 0.363479
vn 0.922210 0.043721 0.342816
vn 0.956510 0.097989 0.217639
vn 0.922210 0.043721 0.342816
vn 0.965371 -0.016778 0.199575
vn 0.965371 -0.016778 0.199575
vn 0.922210 0.043721 0.342816
vn 0.927393 -0.055779 0.327159
vn 0.965371 -0.016778 0.199575
vn 0.927393 -0.055779 0.327159
vn 0.959758 -0.076632 0.211955
vn 0.982238 -0.044828 0.078684
vn 0.965371 -0.016778 0.199575
vn 0.959758 -0.076632 0.211955
vn 0.982238 -0.044828 0.078684
vn 0.959758 -0.076632 0.211955
vn 0.976835 -0.073929 0.114631
vn 0.976835 -0.073929 0.114631
vn 0.959758 -0.076632 0.211955
vn 0.953584 -0.043861 0.245452
vn 0.976835 -0.073929 0.114631
vn 0.953584 -0.043861 0.245452
vn 0.980071 -0.047919 0.100257
vn 0.985607 -0.035005 -0.022354
vn 0.980071 -0.047919 0.100257
vn 0.984499 -0.049498 -0.037904
vn 0.967230 -0.034724 -0.188252
vn 0.984499 -0.049498 -0.037904
vn 0.960049 -0.090103 -0.205434
vn 0.974067 -0.063168 -0.140802
vn 0.985607 -0.035005 -0.022354
vn 0.967230 -0.034724 -0.188252
vn 0.967230 -0.034724 -0.188252
vn 0.985607 -0.035005 -0.022354
vn 0.984499 -0.049498 -0.037904
vn 0.967230 -0.034724 -0.188252
vn 0.914264 -0.089515 -0.354695
vn 0.974067 -0.063168 -0.140802
vn 0.916974 -0.064231 -0.353195
vn 0.967230 -0.034724 -0.188252
vn 0.960049 -0.090103 -0.205434
vn 0.826012 -0.149316 -0.511276
vn 0.747904 -0.189012 -0.606634
vn 0.678295 -0.151515 -0.690638
vn 0.557539 -0.178705 -0.783255
vn 0.621982 -0.245423 -0.715607
vn 0.477744 -0.213093 -0.825112
vn 0.709037 -0.173314 -0.654689
vn 0.642968 -0.146660 -0.723742
vn 0.558182 -0.158750 -0.786967
vn 0.678295 -0.151515 -0.690638
vn 0.709037 -0.173314 -0.654689
vn 0.826012 -0.149316 -0.511276
vn 0.826012 -0.149316 -0.511276
vn 0.709037 -0.173314 -0.654689
vn 0.825788 -0.122763 -0.518428
vn 0.914264 -0.089515 -0.354695
vn 0.826012 -0.149316 -0.511276
vn 0.825788 -0.122763 -0.518428
vn 0.985607 -0.035005 -0.022354
vn 0.976835 -0.073929 0.114631
vn 0.980071 -0.047919 0.100257
vn 0.982238 -0.044828 0.078684
vn 0.976835 -0.073929 0.114631
vn 0.985607 -0.035005 -0.022354
vn 0.974067 -0.063168 -0.140802
vn 0.982238 -0.044828 0.078684
vn 0.985607 -0.035005 -0.022354
vn 0.879636 -0.106391 -0.427840
vn 0.943709 0.002069 -0.283441
vn 0.914264 -0.089515 -0.354695
vn 0.879636 -0.106391 -0.427840
vn 0.914264 -0.089515 -0.354695
vn 0.825788 -0.122763 -0.518428
vn 0.709037 -0.173314 -0.654689
vn 0.785165 -0.157208 -0.568415
vn 0.825788 -0.122763 -0.518428
vn 0.817585 -0.066864 -0.540518
vn 0.879636 -0.106391 -0.427840
vn 0.785165 -0.157208 -0.568415
vn 0.825788 -0.122763 -0.518428
vn 0.785165 -0.157208 -0.568415
vn 0.879636 -0.106391 -0.427840
vn 0.943709 0.002069 -0.283441
vn 0.982856 -0.004507 -0.083293
vn 0.974067 -0.063168 -0.140802
vn 0.982856 -0.004507 -0.083293
vn 0.982238 -0.044828 0.078684
vn 0.974067 -0.063168 -0.140802
vn 0.943709 0.002069 -0.283441
vn 0.974067 -0.063168 -0.140802
vn 0.914264 -0.089515 -0.354695
vn 0.982417 0.028362 0.083771
vn 0.965371 -0.016778 0.199575
vn 0.982238 -0.044828 0.078684
vn 0.982856 -0.004507 -0.083293
vn 0.982417 0.028362 0.083771
vn 0.982238 -0.044828 0.078684
vn 0.983912 0.063009 -0.032991
vn 0.982417 0.028362 0.083771
vn 0.982856 -0.004507 -0.083293
vn 0.969227 0.065485 -0.169376
vn 0.983912 0.063009 -0.032991
vn 0.982856 -0.004507 -0.083293
vn 0.969227 0.065485 -0.169376
vn 0.982856 -0.004507 -0.083293
vn 0.943709 0.002069 -0.283441
vn 0.894741 -0.004037 -0.409786
vn 0.943709 0.002069 -0.283441
vn 0.879636 -0.106391 -0.427840
vn 0.825871 0.038151 -0.530879
vn 0.894741 -0.004037 -0.409786
vn 0.817585 -0.066864 -0.540518
vn 0.817585 -0.066864 -0.540518
vn 0.894741 -0.004037 -0.409786
vn 0.879636 -0.106391 -0.427840
vn 0.851994 0.041866 -0.488770
vn 0.899384 0.096910 -0.388241
vn 0.825871 0.038151 -0.530879
vn 0.825871 0.038151 -0.530879
vn 0.899384 0.096910 -0.388241
vn 0.894741 -0.004037 -0.409786
vn 0.899384 0.096910 -0.388241
vn 0.943709 0.002069 -0.283441
vn 0.894741 -0.004037 -0.409786
vn 0.899384 0.096910 -0.388241
vn 0.949914 0.081381 -0.249977
vn 0.943709 0.002069 -0.283441
vn 0.920563 0.011987 -0.349557
vn 0.949914 0.081381 -0.249977
vn 0.899384 0.096910 -0.388241
vn 0.920563 0.011987 -0.349557
vn 0.899384 0.096910 -0.388241
vn 0.851994 0.041866 -0.488770
vn 0.753796 0.047253 -0.625989
vn 0.851994 0.041866 -0.488770
vn 0.825871 0.038151 -0.530879
vn 0.753796 0.047253 -0.625989
vn 0.825871 0.038151 -0.530879
vn 0.726682 -0.021360 -0.657757
vn 0.726682 -0.021360 -0.657757
vn 0.817585 -0.066864 -0.540518
vn 0.664089 -0.078869 -0.715375
vn 0.664089 -0.078869 -0.715375
vn 0.817585 -0.066864 -0.540518
vn 0.785165 -0.157208 -0.568415
vn 0.726682 -0.021360 -0.657757
vn 0.825871 0.038151 -0.530879
vn 0.817585 -0.066864 -0.540518
vn 0.726682 -0.021360 -0.657757
vn 0.674547 0.016679 -0.709859
vn 0.753796 0.047253 -0.625989
vn 0.764212 -0.002806 -0.615334
vn 0.851994 0.041866 -0.488770
vn 0.753796 0.047253 -0.625989
vn 0.762209 -0.082888 -0.612338
vn 0.856637 -0.047794 -0.480272
vn 0.764212 -0.002806 -0.615334
vn 0.764212 -0.002806 -0.615334
vn 0.856637 -0.047794 -0.480272
vn 0.851994 0.041866 -0.488770
vn 0.920563 0.011987 -0.349557
vn 0.851994 0.041866 -0.488770
vn 0.856637 -0.047794 -0.480272
vn 0.920563 0.011987 -0.349557
vn 0.962829 -0.027432 -0.210102
vn 0.949914 0.081381 -0.249977
vn 0.962829 -0.027432 -0.210102
vn 0.978413 0.057590 -0.110546
vn 0.949914 0.081381 -0.249977
vn 0.949914 0.081381 -0.249977
vn 0.978413 0.057590 -0.110546
vn 0.943709 0.002069 -0.283441
vn 0.969227 0.065485 -0.169376
vn 0.943709 0.002069 -0.283441
vn 0.978413 0.057590 -0.110546
vn 0.978413 0.057590 -0.110546
vn 0.976597 0.136632 0.028159
vn 0.969227 0.065485 -0.169376
vn 0.969227 0.065485 -0.169376
vn 0.976597 0.136632 0.028159
vn 0.983912 0.063009 -0.032991
vn 0.976597 0.136632 0.028159
vn 0.967959 0.138733 0.128751
vn 0.983912 0.063009 -0.032991
vn 0.983912 0.063009 -0.032991
vn 0.967959 0.138733 0.128751
vn 0.982417 0.028362 0.083771
vn 0.967959 0.138733 0.128751
vn 0.956510 0.097989 0.217639
vn 0.982417 0.028362 0.083771
vn 0.982417 0.028362 0.083771
vn 0.956510 0.097989 0.217639
vn 0.965371 -0.016778 0.199575
vn 0.923554 -0.107156 -0.325317
vn 0.962829 -0.027432 -0.210102
vn 0.920563 0.011987 -0.349557
vn 0.978413 0.057590 -0.110546
vn 0.985934 0.022011 0.024311
vn 0.971883 0.139387 0.094834
vn 0.982681 -0.058493 -0.063053
vn 0.985934 0.022011 0.024311
vn 0.978413 0.057590 -0.110546
vn 0.962829 -0.027432 -0.210102
vn 0.982681 -0.058493 -0.063053
vn 0.978413 0.057590 -0.110546
vn 0.962152 -0.151626 -0.154444
vn 0.982681 -0.058493 -0.063053
vn 0.962829 -0.027432 -0.210102
vn 0.923554 -0.107156 -0.325317
vn 0.962152 -0.151626 -0.154444
vn 0.962829 -0.027432 -0.210102
vn 0.845185 -0.143312 -0.481590
vn 0.923554 -0.107156 -0.325317
vn 0.856637 -0.047794 -0.480272
vn 0.856637 -0.047794 -0.480272
vn 0.923554 -0.107156 -0.325317
vn 0.920563 0.011987 -0.349557
vn 0.845185 -0.143312 -0.481590
vn 0.842348 -0.211233 -0.461782
vn 0.923554 -0.107156 -0.325317
vn 0.969831 -0.180831 -0.002415
vn 0.957996 -0.091875 0.213831
vn 0.979567 -0.091247 0.071882
vn 0.889907 -0.097491 0.408804
vn 0.904025 -0.119514 0.371274
vn 0.816474 -0.006859 0.546090
vn 0.676406 0.088982 0.702887
vn 0.816474 -0.006859 0.546090
vn 0.771496 0.124220 0.593970
vn 0.884986 0.051959 0.426868
vn 0.816474 -0.006859 0.546090
vn 0.904025 -0.119514 0.371274
vn 0.904025 -0.119514 0.371274
vn 0.889907 -0.097491 0.408804
vn 0.957996 -0.091875 0.213831
vn 0.969831 -0.180831 -0.002415
vn 0.971873 -0.160684 0.053082
vn 0.957996 -0.091875 0.213831
vn 0.974589 -0.011179 0.150270
vn 0.979567 -0.091247 0.071882
vn 0.957996 -0.091875 0.213831
vn 0.934798 -0.021054 0.310163
vn 0.957996 -0.091875 0.213831
vn 0.889907 -0.097491 0.408804
vn 0.889907 -0.097491 0.408804
vn 0.840765 -0.019386 0.508651
vn 0.934798 -0.021054 0.310163
vn 0.934798 -0.021054 0.310163
vn 0.840765 -0.019386 0.508651
vn 0.873649 0.092698 0.442610
vn 0.934798 -0.021054 0.310163
vn 0.873649 0.092698 0.442610
vn 0.951918 0.109086 0.231657
vn 0.951918 0.109086 0.231657
vn 0.873649 0.092698 0.442610
vn 0.910740 0.195285 0.320724
vn 0.951918 0.109086 0.231657
vn 0.910740 0.195285 0.320724
vn 0.954877 0.184947 0.162947
vn 0.951918 0.109086 0.231657
vn 0.954877 0.184947 0.162947
vn 0.971883 0.139387 0.094834
vn 0.954877 0.184947 0.162947
vn 0.976597 0.136632 0.028159
vn 0.971883 0.139387 0.094834
vn 0.868205 0.222744 0.406648
vn 0.936083 0.180431 0.250464
vn 0.819369 0.235630 0.489722
vn 0.819369 0.235630 0.489722
vn 0.936083 0.180431 0.250464
vn 0.910740 0.195285 0.320724
vn 0.728180 0.328140 0.571475
vn 0.820597 0.165955 0.514777
vn 0.868205 0.222744 0.406648
vn 0.728180 0.328140 0.571475
vn 0.868205 0.222744 0.406648
vn 0.819369 0.235630 0.489722
vn 0.936083 0.180431 0.250464
vn 0.868205 0.222744 0.406648
vn 0.906527 0.125079 0.363479
vn 0.853654 0.065332 0.483428
vn 0.906527 0.125079 0.363479
vn 0.820597 0.165955 0.514777
vn 0.985934 0.022011 0.024311
vn 0.951918 0.109086 0.231657
vn 0.971883 0.139387 0.094834
vn 0.985934 0.022011 0.024311
vn 0.974589 -0.011179 0.150270
vn 0.951918 0.109086 0.231657
vn 0.979567 -0.091247 0.071882
vn 0.974589 -0.011179 0.150270
vn 0.985934 0.022011 0.024311
vn 0.982681 -0.058493 -0.063053
vn 0.979567 -0.091247 0.071882
vn 0.985934 0.022011 0.024311
vn 0.979567 -0.091247 0.071882
vn 0.982681 -0.058493 -0.063053
vn 0.969831 -0.180831 -0.002415
vn 0.962152 -0.151626 -0.154444
vn 0.971873 -0.160684 0.053082
vn 0.969831 -0.180831 -0.002415
vn 0.917703 -0.215424 -0.287153
vn 0.842348 -0.211233 -0.461782
vn 0.876376 -0.173281 -0.412895
vn 0.785451 -0.183004 -0.560492
vn 0.876376 -0.173281 -0.412895
vn 0.842348 -0.211233 -0.461782
vn 0.750623 -0.169448 -0.608964
vn 0.785451 -0.183004 -0.560492
vn 0.842348 -0.211233 -0.461782
vn 0.750623 -0.169448 -0.608964
vn 0.845185 -0.143312 -0.481590
vn 0.762209 -0.082888 -0.612338
vn 0.750623 -0.169448 -0.608964
vn 0.842348 -0.211233 -0.461782
vn 0.845185 -0.143312 -0.481590
vn 0.762209 -0.082888 -0.612338
vn 0.845185 -0.143312 -0.481590
vn 0.856637 -0.047794 -0.480272
vn 0.614293 -0.139441 -0.748922
vn 0.762209 -0.082888 -0.612338
vn 0.611701 -0.070626 -0.760257
vn 0.611701 -0.070626 -0.760257
vn 0.764212 -0.002806 -0.615334
vn 0.606997 -0.007843 -0.767036
vn 0.606997 -0.007843 -0.767036
vn 0.753796 0.047253 -0.625989
vn 0.674547 0.016679 -0.709859
vn 0.750623 -0.169448 -0.608964
vn 0.762209 -0.082888 -0.612338
vn 0.614293 -0.139441 -0.748922
vn 0.611701 -0.070626 -0.760257
vn 0.762209 -0.082888 -0.612338
vn 0.764212 -0.002806 -0.615334
vn 0.606997 -0.007843 -0.767036
vn 0.764212 -0.002806 -0.615334
vn 0.753796 0.047253 -0.625989
vn 0.606997 -0.007843 -0.767036
vn 0.571617 -0.035067 -0.792330
vn 0.611701 -0.070626 -0.760257
vn 0.611701 -0.070626 -0.760257
vn 0.536428 -0.093594 -0.811435
vn 0.614293 -0.139441 -0.748922
vn 0.452857 -0.123458 -0.855914
vn 0.396627 -0.103832 -0.885094
vn 0.614293 -0.139441 -0.748922
vn 0.657409 -0.036181 -0.724647
vn 0.632867 -0.133427 -0.734803
vn 0.578119 -0.034705 -0.787742
vn 0.661463 0.021248 -0.721624
vn 0.578119 -0.034705 -0.787742
vn 0.589715 0.072121 -0.776843
vn 0.838036 0.245922 -0.452681
vn 0.850165 0.170284 -0.464235
vn 0.650088 0.136058 -0.719549
vn 0.626741 0.204668 -0.723943
vn 0.838036 0.245922 -0.452681
vn 0.650088 0.136058 -0.719549
vn 0.650088 0.136058 -0.719549
vn 0.841590 0.032634 -0.506663
vn 0.661463 0.021248 -0.721624
vn 0.661463 0.021248 -0.721624
vn 0.821408 -0.082000 -0.532803
vn 0.657409 -0.036181 -0.724647
vn 0.657409 -0.036181 -0.724647
vn 0.821408 -0.082000 -0.532803
vn 0.632867 -0.133427 -0.734803
vn 0.632867 -0.133427 -0.734803
vn 0.750623 -0.169448 -0.608964
vn 0.614293 -0.139441 -0.748922
vn 0.614293 -0.139441 -0.748922
vn 0.396627 -0.103832 -0.885094
vn 0.632867 -0.133427 -0.734803
vn 0.923554 -0.107156 -0.325317
vn 0.842348 -0.211233 -0.461782
vn 0.917703 -0.215424 -0.287153
vn 0.929890 -0.175056 -0.275370
vn 0.962152 -0.151626 -0.154444
vn 0.917703 -0.215424 -0.287153
vn 0.917703 -0.215424 -0.287153
vn 0.962152 -0.151626 -0.154444
vn 0.923554 -0.107156 -0.325317
vn 0.876376 -0.173281 -0.412895
vn 0.929890 -0.175056 -0.275370
vn 0.917703 -0.215424 -0.287153
vn 0.884986 0.051959 0.426868
vn 0.952634 -0.075820 0.241456
vn 0.934884 0.125871 0.284809
vn 0.983198 0.000301 0.079397
vn 0.934884 0.125871 0.284809
vn 0.952634 -0.075820 0.241456
vn 0.971873 -0.160684 0.053082
vn 0.983198 0.000301 0.079397
vn 0.952634 -0.075820 0.241456
vn 0.904025 -0.119514 0.371274
vn 0.952634 -0.075820 0.241456
vn 0.884986 0.051959 0.426868
vn 0.771496 0.124220 0.593970
vn 0.884986 0.051959 0.426868
vn 0.826350 0.214108 0.487886
vn 0.826350 0.214108 0.487886
vn 0.699685 0.404974 0.558183
vn 0.669585 0.310953 0.645697
vn 0.771496 0.124220 0.593970
vn 0.826350 0.214108 0.487886
vn 0.669585 0.310953 0.645697
vn 0.669585 0.310953 0.645697
vn 0.574700 0.343818 0.714804
vn 0.771496 0.124220 0.593970
vn 0.574700 0.343818 0.714804
vn 0.591338 0.220618 0.747984
vn 0.771496 0.124220 0.593970
vn 0.676406 0.088982 0.702887
vn 0.771496 0.124220 0.593970
vn 0.591338 0.220618 0.747984
vn 0.574700 0.343818 0.714804
vn 0.496155 0.323141 0.778560
vn 0.591338 0.220618 0.747984
vn 0.669585 0.310953 0.645697
vn 0.510449 0.423765 0.720622
vn 0.574700 0.343818 0.714804
vn 0.510449 0.423765 0.720622
vn 0.496155 0.323141 0.778560
vn 0.574700 0.343818 0.714804
vn 0.412954 0.375993 0.802455
vn 0.496155 0.323141 0.778560
vn 0.510449 0.423765 0.720622
vn 0.595112 0.408249 0.663879
vn 0.699685 0.404974 0.558183
vn 0.743537 0.489061 0.420843
vn 0.699685 0.404974 0.558183
vn 0.861966 0.325574 0.348147
vn 0.743537 0.489061 0.420843
vn 0.718478 0.472431 0.477763
vn 0.595112 0.408249 0.663879
vn 0.743537 0.489061 0.420843
vn 0.595112 0.408249 0.663879
vn 0.510449 0.423765 0.720622
vn 0.699685 0.404974 0.558183
vn 0.510449 0.423765 0.720622
vn 0.669585 0.310953 0.645697
vn 0.699685 0.404974 0.558183
vn 0.389145 0.252479 0.858934
vn 0.282078 0.154937 0.919902
vn 0.402914 0.091418 0.883657
vn 0.362748 0.113463 0.897995
vn 0.501369 0.101914 0.832017
vn 0.443359 0.052125 0.867764
vn 0.362748 0.113463 0.897995
vn 0.298533 0.242079 0.896318
vn 0.455033 0.234621 0.831912
vn 0.362748 0.113463 0.897995
vn 0.143882 0.202144 0.941890
vn 0.298533 0.242079 0.896318
vn 0.143882 0.202144 0.941890
vn 0.191144 0.303958 0.906530
vn 0.298533 0.242079 0.896318
vn 0.036584 0.251149 0.940460
vn 0.191144 0.303958 0.906530
vn 0.143882 0.202144 0.941890
vn 0.112320 0.123672 0.959068
vn 0.143882 0.202144 0.941890
vn 0.362748 0.113463 0.897995
vn 0.362748 0.113463 0.897995
vn 0.402914 0.091418 0.883657
vn 0.282078 0.154937 0.919902
vn 0.389145 0.252479 0.858934
vn 0.277038 0.339323 0.872132
vn 0.282078 0.154937 0.919902
vn 0.282078 0.154937 0.919902
vn 0.277038 0.339323 0.872132
vn 0.190223 0.189814 0.936364
vn 0.496155 0.323141 0.778560
vn 0.459843 0.226473 0.831528
vn 0.591338 0.220618 0.747984
vn 0.496155 0.323141 0.778560
vn 0.389145 0.252479 0.858934
vn 0.459843 0.226473 0.831528
vn 0.412954 0.375993 0.802455
vn 0.389145 0.252479 0.858934
vn 0.496155 0.323141 0.778560
vn 0.389145 0.252479 0.858934
vn 0.412954 0.375993 0.802455
vn 0.277038 0.339323 0.872132
vn 0.428074 0.463435 0.748601
vn 0.412954 0.375993 0.802455
vn 0.510449 0.423765 0.720622
vn 0.428074 0.463435 0.748601
vn 0.510449 0.423765 0.720622
vn 0.433909 0.505658 0.718222
vn 0.595112 0.408249 0.663879
vn 0.433909 0.505658 0.718222
vn 0.510449 0.423765 0.720622
vn 0.595112 0.408249 0.663879
vn 0.718478 0.472431 0.477763
vn 0.666626 0.396579 0.601698
vn 0.543146 0.493569 0.650923
vn 0.595112 0.408249 0.663879
vn 0.666626 0.396579 0.601698
vn 0.543146 0.493569 0.650923
vn 0.433909 0.505658 0.718222
vn 0.595112 0.408249 0.663879
vn 0.298936 0.551600 0.751667
vn 0.428074 0.463435 0.748601
vn 0.433909 0.505658 0.718222
vn 0.428074 0.463435 0.748601
vn 0.300832 0.469090 0.803454
vn 0.412954 0.375993 0.802455
vn 0.412954 0.375993 0.802455
vn 0.300832 0.469090 0.803454
vn 0.277038 0.339323 0.872132
vn 0.282078 0.154937 0.919902
vn 0.112320 0.123672 0.959068
vn 0.362748 0.113463 0.897995
vn 0.112320 0.123672 0.959068
vn 0.036584 0.251149 0.940460
vn 0.143882 0.202144 0.941890
vn 0.298533 0.242079 0.896318
vn 0.191144 0.303958 0.906530
vn 0.382617 0.338535 0.832685
vn 0.382617 0.338535 0.832685
vn 0.191144 0.303958 0.906530
vn 0.260320 0.371202 0.864522
vn 0.260320 0.371202 0.864522
vn 0.128918 0.400564 0.880453
vn 0.253398 0.307394 0.890412
vn 0.076191 0.389746 0.891071
vn 0.128918 0.400564 0.880453
vn 0.260320 0.371202 0.864522
vn 0.076191 0.389746 0.891071
vn -0.146634 0.428136 0.865042
vn 0.128918 0.400564 0.880453
vn -0.073074 0.351854 0.906478
vn -0.146634 0.428136 0.865042
vn 0.076191 0.389746 0.891071
vn -0.146634 0.428136 0.865042
vn -0.022198 0.305697 0.925117
vn 0.128918 0.400564 0.880453
vn 0.128918 0.400564 0.880453
vn 0.104119 0.295617 0.922848
vn 0.253398 0.307394 0.890412
vn 0.128918 0.400564 0.880453
vn -0.022198 0.305697 0.925117
vn 0.104119 0.295617 0.922848
vn -0.146634 0.428136 0.865042
vn -0.128147 0.371951 0.892646
vn -0.022198 0.305697 0.925117
vn -0.085994 0.173030 0.954303
vn -0.073074 0.351854 0.906478
vn 0.036584 0.251149 0.940460
vn 0.036584 0.251149 0.940460
vn 0.076191 0.389746 0.891071
vn 0.191144 0.303958 0.906530
vn 0.260320 0.371202 0.864522
vn 0.191144 0.303958 0.906530
vn 0.076191 0.389746 0.891071
vn 0.036584 0.251149 0.940460
vn -0.073074 0.351854 0.906478
vn 0.076191 0.389746 0.891071
vn -0.152282 0.253961 0.928345
vn -0.073074 0.351854 0.906478
vn -0.085994 0.173030 0.954303
vn -0.198533 0.164628 0.939302
vn -0.152282 0.253961 0.928345
vn -0.085994 0.173030 0.954303
vn -0.024819 0.163937 0.959302
vn 0.036584 0.251149 0.940460
vn 0.112320 0.123672 0.959068
vn 0.190223 0.189814 0.936364
vn 0.112320 0.123672 0.959068
vn 0.282078 0.154937 0.919902
vn 0.190223 0.189814 0.936364
vn -0.024819 0.163937 0.959302
vn 0.112320 0.123672 0.959068
vn -0.171861 0.152911 0.946313
vn -0.085994 0.173030 0.954303
vn -0.024819 0.163937 0.959302
vn -0.024819 0.163937 0.959302
vn -0.085994 0.173030 0.954303
vn 0.036584 0.251149 0.940460
vn -0.171861 0.152911 0.946313
vn -0.198533 0.164628 0.939302
vn -0.085994 0.173030 0.954303
vn 0.023094 0.186671 0.955308
vn -0.024819 0.163937 0.959302
vn 0.190223 0.189814 0.936364
vn 0.023094 0.186671 0.955308
vn -0.171861 0.152911 0.946313
vn -0.024819 0.163937 0.959302
vn -0.128664 0.170131 0.950130
vn -0.171861 0.152911 0.946313
vn 0.023094 0.186671 0.955308
vn -0.171861 0.152911 0.946313
vn -0.128664 0.170131 0.950130
vn -0.369149 0.143101 0.891328
vn 0.135134 0.313095 0.913299
vn 0.112239 0.193656 0.947787
vn 0.277038 0.339323 0.872132
vn 0.112239 0.193656 0.947787
vn 0.190223 0.189814 0.936364
vn 0.277038 0.339323 0.872132
vn 0.112239 0.193656 0.947787
vn 0.023094 0.186671 0.955308
vn 0.190223 0.189814 0.936364
vn -0.020268 0.280609 0.932835
vn 0.023094 0.186671 0.955308
vn 0.112239 0.193656 0.947787
vn -0.020268 0.280609 0.932835
vn -0.128664 0.170131 0.950130
vn 0.023094 0.186671 0.955308
vn -0.114258 0.332581 0.909386
vn -0.128664 0.170131 0.950130
vn -0.020268 0.280609 0.932835
vn 0.178249 0.442385 0.852220
vn 0.135134 0.313095 0.913299
vn 0.277038 0.339323 0.872132
vn 0.039175 0.388475 0.893937
vn 0.135134 0.313095 0.913299
vn 0.178249 0.442385 0.852220
vn 0.298936 0.551600 0.751667
vn 0.178249 0.442385 0.852220
vn 0.300832 0.469090 0.803454
vn 0.298936 0.551600 0.751667
vn 0.300832 0.469090 0.803454
vn 0.428074 0.463435 0.748601
vn 0.298936 0.551600 0.751667
vn 0.054259 0.530279 0.819422
vn 0.178249 0.442385 0.852220
vn 0.178249 0.442385 0.852220
vn 0.054259 0.530279 0.819422
vn 0.039175 0.388475 0.893937
vn 0.039175 0.388475 0.893937
vn -0.020268 0.280609 0.932835
vn 0.135134 0.313095 0.913299
vn 0.135134 0.313095 0.913299
vn -0.020268 0.280609 0.932835
vn 0.112239 0.193656 0.947787
vn -0.114258 0.332581 0.909386
vn -0.369149 0.143101 0.891328
vn -0.128664 0.170131 0.950130
vn 0.039175 0.388475 0.893937
vn -0.114258 0.332581 0.909386
vn -0.020268 0.280609 0.932835
vn -0.153119 0.453004 0.851565
vn -0.324131 0.293847 0.872342
vn -0.114258 0.332581 0.909386
vn 0.216311 0.553769 0.777241
vn 0.054259 0.530279 0.819422
vn 0.298936 0.551600 0.751667
vn 0.216311 0.553769 0.777241
vn 0.116854 0.549303 0.800700
vn 0.054259 0.530279 0.819422
vn 0.116854 0.549303 0.800700
vn -0.153119 0.453004 0.851565
vn 0.054259 0.530279 0.819422
vn -0.038757 0.502664 0.836963
vn -0.153119 0.453004 0.851565
vn 0.116854 0.549303 0.800700
vn 0.271278 0.374375 0.859905
vn 0.216311 0.553769 0.777241
vn 0.320975 0.474977 0.792441
vn 0.592180 0.561357 0.547911
vn 0.543146 0.493569 0.650923
vn 0.745802 0.436406 0.470177
vn 0.745802 0.436406 0.470177
vn 0.666626 0.396579 0.601698
vn 0.823398 0.366894 0.395875
vn 0.823398 0.366894 0.395875
vn 0.666626 0.396579 0.601698
vn 0.718478 0.472431 0.477763
vn 0.745802 0.436406 0.470177
vn 0.543146 0.493569 0.650923
vn 0.666626 0.396579 0.601698
vn 0.592180 0.561357 0.547911
vn 0.420059 0.532581 0.707286
vn 0.543146 0.493569 0.650923
vn 0.534048 0.513318 0.643397
vn 0.420059 0.532581 0.707286
vn 0.592180 0.561357 0.547911
vn 0.695224 0.599738 0.357664
vn 0.592180 0.561357 0.547911
vn 0.765570 0.528223 0.325782
vn 0.846429 0.404796 0.301565
vn 0.765570 0.528223 0.325782
vn 0.745802 0.436406 0.470177
vn 0.765570 0.528223 0.325782
vn 0.592180 0.561357 0.547911
vn 0.745802 0.436406 0.470177
vn 0.695224 0.599738 0.357664
vn 0.534048 0.513318 0.643397
vn 0.592180 0.561357 0.547911
vn 0.765570 0.528223 0.325782
vn 0.821362 0.538841 0.094865
vn 0.755105 0.631545 0.073843
vn 0.695224 0.599738 0.357664
vn 0.765570 0.528223 0.325782
vn 0.755105 0.631545 0.073843
vn 0.803332 0.546034 -0.173023
vn 0.767371 0.400644 -0.467255
vn 0.701995 0.504799 -0.469442
vn 0.701995 0.504799 -0.469442
vn 0.767371 0.400644 -0.467255
vn 0.550741 0.341702 -0.733885
vn 0.871655 0.430868 -0.166280
vn 0.803332 0.546034 -0.173023
vn 0.821362 0.538841 0.094865
vn 0.765570 0.528223 0.325782
vn 0.846429 0.404796 0.301565
vn 0.821362 0.538841 0.094865
vn 0.803332 0.546034 -0.173023
vn 0.755105 0.631545 0.073843
vn 0.821362 0.538841 0.094865
vn 0.871655 0.430868 -0.166280
vn 0.767371 0.400644 -0.467255
vn 0.803332 0.546034 -0.173023
vn 0.846429 0.404796 0.301565
vn 0.745802 0.436406 0.470177
vn 0.823398 0.366894 0.395875
vn 0.718478 0.472431 0.477763
vn 0.815904 0.450274 0.320341
vn 0.823398 0.366894 0.395875
vn 0.823398 0.366894 0.395875
vn 0.815904 0.450274 0.320341
vn 0.891524 0.371528 0.199298
vn 0.846429 0.404796 0.301565
vn 0.823398 0.366894 0.395875
vn 0.891524 0.371528 0.199298
vn 0.858627 0.435300 0.214154
vn 0.928882 0.326653 0.062599
vn 0.891524 0.371528 0.199298
vn 0.913440 0.356590 0.108504
vn 0.891524 0.371528 0.199298
vn 0.944006 0.286069 0.021547
vn 0.944006 0.286069 0.021547
vn 0.929441 0.285235 -0.165761
vn 0.913440 0.356590 0.108504
vn 0.944006 0.286069 0.021547
vn 0.891524 0.371528 0.199298
vn 0.928882 0.326653 0.062599
vn 0.858627 0.435300 0.214154
vn 0.962244 0.214953 -0.034303
vn 0.928882 0.326653 0.062599
vn 0.944006 0.286069 0.021547
vn 0.928882 0.326653 0.062599
vn 0.962678 0.145606 -0.156853
vn 0.934884 0.125871 0.284809
vn 0.975236 0.119782 0.086986
vn 0.941022 0.275139 0.109011
vn 0.858627 0.435300 0.214154
vn 0.861966 0.325574 0.348147
vn 0.941022 0.275139 0.109011
vn 0.858627 0.435300 0.214154
vn 0.941022 0.275139 0.109011
vn 0.962244 0.214953 -0.034303
vn 0.928882 0.326653 0.062599
vn 0.962244 0.214953 -0.034303
vn 0.962678 0.145606 -0.156853
vn 0.962244 0.214953 -0.034303
vn 0.978834 0.096942 -0.074326
vn 0.962678 0.145606 -0.156853
vn 0.978834 0.096942 -0.074326
vn 0.983198 0.000301 0.079397
vn 0.974807 -0.101585 -0.110838
vn 0.974807 -0.101585 -0.110838
vn 0.983198 0.000301 0.079397
vn 0.971873 -0.160684 0.053082
vn 0.953734 -0.038013 -0.245833
vn 0.978834 0.096942 -0.074326
vn 0.974807 -0.101585 -0.110838
vn 0.953734 -0.038013 -0.245833
vn 0.974807 -0.101585 -0.110838
vn 0.929890 -0.175056 -0.275370
vn 0.876376 -0.173281 -0.412895
vn 0.916856 0.001560 -0.359102
vn 0.953734 -0.038013 -0.245833
vn 0.916856 0.001560 -0.359102
vn 0.962678 0.145606 -0.156853
vn 0.953734 -0.038013 -0.245833
vn 0.962678 0.145606 -0.156853
vn 0.978834 0.096942 -0.074326
vn 0.953734 -0.038013 -0.245833
vn 0.821408 -0.082000 -0.532803
vn 0.916856 0.001560 -0.359102
vn 0.876376 -0.173281 -0.412895
vn 0.876376 -0.173281 -0.412895
vn 0.953734 -0.038013 -0.245833
vn 0.929890 -0.175056 -0.275370
vn 0.929890 -0.175056 -0.275370
vn 0.974807 -0.101585 -0.110838
vn 0.962152 -0.151626 -0.154444
vn 0.974807 -0.101585 -0.110838
vn 0.971873 -0.160684 0.053082
vn 0.962152 -0.151626 -0.154444
vn 0.971873 -0.160684 0.053082
vn 0.904025 -0.119514 0.371274
vn 0.957996 -0.091875 0.213831
vn 0.952634 -0.075820 0.241456
vn 0.904025 -0.119514 0.371274
vn 0.971873 -0.160684 0.053082
vn 0.632867 -0.133427 -0.734803
vn 0.785451 -0.183004 -0.560492
vn 0.750623 -0.169448 -0.608964
vn 0.821408 -0.082000 -0.532803
vn 0.876376 -0.173281 -0.412895
vn 0.785451 -0.183004 -0.560492
vn 0.841590 0.032634 -0.506663
vn 0.916856 0.001560 -0.359102
vn 0.821408 -0.082000 -0.532803
vn 0.841590 0.032634 -0.506663
vn 0.937131 0.155469 -0.262583
vn 0.916856 0.001560 -0.359102
vn 0.937131 0.155469 -0.262583
vn 0.962678 0.145606 -0.156853
vn 0.916856 0.001560 -0.359102
vn 0.937131 0.155469 -0.262583
vn 0.944006 0.286069 0.021547
vn 0.962678 0.145606 -0.156853
vn 0.850165 0.170284 -0.464235
vn 0.937131 0.155469 -0.262583
vn 0.841590 0.032634 -0.506663
vn 0.929441 0.285235 -0.165761
vn 0.937131 0.155469 -0.262583
vn 0.850165 0.170284 -0.464235
vn 0.838036 0.245922 -0.452681
vn 0.929441 0.285235 -0.165761
vn 0.850165 0.170284 -0.464235
vn 0.650088 0.136058 -0.719549
vn 0.850165 0.170284 -0.464235
vn 0.841590 0.032634 -0.506663
vn 0.661463 0.021248 -0.721624
vn 0.841590 0.032634 -0.506663
vn 0.821408 -0.082000 -0.532803
vn 0.632867 -0.133427 -0.734803
vn 0.821408 -0.082000 -0.532803
vn 0.785451 -0.183004 -0.560492
vn 0.657409 -0.036181 -0.724647
vn 0.578119 -0.034705 -0.787742
vn 0.661463 0.021248 -0.721624
vn 0.661463 0.021248 -0.721624
vn 0.589715 0.072121 -0.776843
vn 0.650088 0.136058 -0.719549
vn 0.372988 0.109256 -0.894412
vn 0.650088 0.136058 -0.719549
vn 0.589715 0.072121 -0.776843
vn 0.293828 0.012862 -0.928842
vn 0.372988 0.109256 -0.894412
vn 0.589715 0.072121 -0.776843
vn 0.293828 0.012862 -0.928842
vn 0.589715 0.072121 -0.776843
vn 0.578119 -0.034705 -0.787742
vn 0.396627 -0.103832 -0.885094
vn 0.293828 0.012862 -0.928842
vn 0.578119 -0.034705 -0.787742
vn 0.396627 -0.103832 -0.885094
vn 0.578119 -0.034705 -0.787742
vn 0.632867 -0.133427 -0.734803
vn 0.074705 -0.000663 -0.970300
vn 0.363626 -0.123621 -0.896349
vn 0.129823 -0.012247 -0.964556
vn 0.129823 -0.012247 -0.964556
vn 0.452857 -0.123458 -0.855914
vn 0.244759 -0.077656 -0.939562
vn 0.129823 -0.012247 -0.964556
vn 0.363626 -0.123621 -0.896349
vn 0.452857 -0.123458 -0.855914
vn 0.452857 -0.123458 -0.855914
vn 0.363626 -0.123621 -0.896349
vn 0.396627 -0.103832 -0.885094
vn 0.363626 -0.123621 -0.896349
vn 0.196074 -0.067073 -0.951391
vn 0.396627 -0.103832 -0.885094
vn 0.074705 -0.000663 -0.970300
vn 0.196074 -0.067073 -0.951391
vn 0.363626 -0.123621 -0.896349
vn 0.293828 0.012862 -0.928842
vn 0.196074 -0.067073 -0.951391
vn 0.179975 0.090767 -0.952580
vn 0.293048 0.192686 -0.909593
vn 0.447413 0.170861 -0.850783
vn 0.179975 0.090767 -0.952580
vn 0.360871 0.267402 -0.866534
vn 0.134666 0.091723 -0.959746
vn 0.301434 0.244016 -0.894862
vn 0.301434 0.244016 -0.894862
vn 0.134666 0.091723 -0.959746
vn 0.089276 0.063568 -0.967079
vn 0.301434 0.244016 -0.894862
vn 0.089276 0.063568 -0.967079
vn 0.237225 0.213123 -0.920936
vn 0.206347 0.228146 -0.924675
vn 0.237225 0.213123 -0.920936
vn 0.066580 0.111504 -0.964649
vn 0.144205 0.329395 -0.906364
vn 0.206347 0.228146 -0.924675
vn 0.066580 0.111504 -0.964649
vn 0.144205 0.329395 -0.906364
vn 0.055738 0.488660 -0.844040
vn 0.164645 0.591150 -0.762735
vn 0.384834 0.741219 -0.519812
vn 0.555733 0.635789 -0.504516
vn 0.341384 0.514562 -0.759497
vn 0.341384 0.514562 -0.759497
vn 0.555733 0.635789 -0.504516
vn 0.478286 0.457538 -0.722070
vn 0.555733 0.635789 -0.504516
vn 0.698219 0.514130 -0.465084
vn 0.478286 0.457538 -0.722070
vn 0.478286 0.457538 -0.722070
vn 0.698219 0.514130 -0.465084
vn 0.553131 0.451523 -0.671990
vn 0.698219 0.514130 -0.465084
vn 0.700830 0.529716 -0.443822
vn 0.553131 0.451523 -0.671990
vn 0.553131 0.451523 -0.671990
vn 0.700830 0.529716 -0.443822
vn 0.526753 0.443319 -0.697428
vn 0.526753 0.443319 -0.697428
vn 0.700830 0.529716 -0.443822
vn 0.701995 0.504799 -0.469442
vn 0.758380 0.589607 -0.224226
vn 0.803332 0.546034 -0.173023
vn 0.701995 0.504799 -0.469442
vn 0.700830 0.529716 -0.443822
vn 0.758380 0.589607 -0.224226
vn 0.701995 0.504799 -0.469442
vn 0.550741 0.341702 -0.733885
vn 0.767371 0.400644 -0.467255
vn 0.626741 0.204668 -0.723943
vn 0.838036 0.245922 -0.452681
vn 0.626741 0.204668 -0.723943
vn 0.767371 0.400644 -0.467255
vn 0.913440 0.356590 0.108504
vn 0.929441 0.285235 -0.165761
vn 0.871655 0.430868 -0.166280
vn 0.767371 0.400644 -0.467255
vn 0.871655 0.430868 -0.166280
vn 0.838036 0.245922 -0.452681
vn 0.838036 0.245922 -0.452681
vn 0.871655 0.430868 -0.166280
vn 0.929441 0.285235 -0.165761
vn 0.929441 0.285235 -0.165761
vn 0.944006 0.286069 0.021547
vn 0.937131 0.155469 -0.262583
vn 0.821362 0.538841 0.094865
vn 0.846429 0.404796 0.301565
vn 0.913440 0.356590 0.108504
vn 0.846429 0.404796 0.301565
vn 0.891524 0.371528 0.199298
vn 0.913440 0.356590 0.108504
vn 0.871655 0.430868 -0.166280
vn 0.821362 0.538841 0.094865
vn 0.913440 0.356590 0.108504
vn 0.626741 0.204668 -0.723943
vn 0.447413 0.170861 -0.850783
vn 0.550741 0.341702 -0.733885
vn 0.550741 0.341702 -0.733885
vn 0.447413 0.170861 -0.850783
vn 0.293048 0.192686 -0.909593
vn 0.526753 0.443319 -0.697428
vn 0.701995 0.504799 -0.469442
vn 0.550741 0.341702 -0.733885
vn 0.550741 0.341702 -0.733885
vn 0.360871 0.267402 -0.866534
vn 0.526753 0.443319 -0.697428
vn 0.360871 0.267402 -0.866534
vn 0.301434 0.244016 -0.894862
vn 0.438510 0.344340 -0.803034
vn 0.553131 0.451523 -0.671990
vn 0.364083 0.345291 -0.838064
vn 0.478286 0.457538 -0.722070
vn 0.237225 0.213123 -0.920936
vn 0.364083 0.345291 -0.838064
vn 0.553131 0.451523 -0.671990
vn 0.237225 0.213123 -0.920936
vn 0.553131 0.451523 -0.671990
vn 0.438510 0.344340 -0.803034
vn 0.526753 0.443319 -0.697428
vn 0.438510 0.344340 -0.803034
vn 0.553131 0.451523 -0.671990
vn 0.360871 0.267402 -0.866534
vn 0.438510 0.344340 -0.803034
vn 0.526753 0.443319 -0.697428
vn 0.438510 0.344340 -0.803034
vn 0.301434 0.244016 -0.894862
vn 0.237225 0.213123 -0.920936
vn 0.364083 0.345291 -0.838064
vn 0.237225 0.213123 -0.920936
vn 0.206347 0.228146 -0.924675
vn 0.206347 0.228146 -0.924675
vn 0.282805 0.378338 -0.854593
vn 0.364083 0.345291 -0.838064
vn 0.364083 0.345291 -0.838064
vn 0.282805 0.378338 -0.854593
vn 0.341384 0.514562 -0.759497
vn 0.384834 0.741219 -0.519812
vn 0.341384 0.514562 -0.759497
vn 0.164645 0.591150 -0.762735
vn 0.384834 0.741219 -0.519812
vn 0.164645 0.591150 -0.762735
vn 0.208863 0.790127 -0.547043
vn 0.630847 0.727019 -0.217447
vn 0.673741 0.720924 -0.037268
vn 0.764850 0.624184 -0.000000
vn 0.764850 0.624184 -0.000000
vn 0.673741 0.720924 -0.037268
vn 0.691537 0.696946 0.103469
vn 0.758654 0.503553 0.375587
vn 0.779472 0.577374 0.180428
vn 0.691537 0.696946 0.103469
vn 0.687994 0.653099 0.269902
vn 0.569628 0.763324 0.257569
vn 0.582779 0.549407 0.569055
vn 0.550980 0.587890 0.562562
vn 0.532799 0.523831 0.636149
vn 0.582779 0.549407 0.569055
vn 0.582779 0.549407 0.569055
vn 0.532799 0.523831 0.636149
vn 0.647316 0.296781 0.673654
vn 0.647316 0.296781 0.673654
vn 0.532799 0.523831 0.636149
vn 0.439551 0.168681 0.855182
vn 0.532799 0.523831 0.636149
vn 0.244628 0.100878 0.937454
vn 0.439551 0.168681 0.855182
vn 0.439551 0.168681 0.855182
vn 0.373233 -0.015913 0.900623
vn 0.536621 0.103535 0.810139
vn 0.449787 0.063792 0.863780
vn 0.536621 0.103535 0.810139
vn 0.339228 0.175275 0.897307
vn 0.536621 0.103535 0.810139
vn 0.323272 -0.023582 0.919069
vn 0.339228 0.175275 0.897307
vn 0.339228 0.175275 0.897307
vn 0.337395 0.360808 0.842583
vn 0.450079 0.415225 0.763325
vn 0.420059 0.532581 0.707286
vn 0.433909 0.505658 0.718222
vn 0.543146 0.493569 0.650923
vn 0.534048 0.513318 0.643397
vn 0.450079 0.415225 0.763325
vn 0.420059 0.532581 0.707286
vn 0.534048 0.513318 0.643397
vn 0.604145 0.408019 0.656031
vn 0.450079 0.415225 0.763325
vn 0.604145 0.408019 0.656031
vn 0.462510 0.228610 0.829520
vn 0.450079 0.415225 0.763325
vn 0.339228 0.175275 0.897307
vn 0.450079 0.415225 0.763325
vn 0.462510 0.228610 0.829520
vn 0.602109 0.216205 0.740837
vn 0.462510 0.228610 0.829520
vn 0.604145 0.408019 0.656031
vn 0.604145 0.408019 0.656031
vn 0.534048 0.513318 0.643397
vn 0.695224 0.599738 0.357664
vn 0.604145 0.408019 0.656031
vn 0.695224 0.599738 0.357664
vn 0.762248 0.535199 0.322305
vn 0.694888 0.357585 0.594229
vn 0.762248 0.535199 0.322305
vn 0.789220 0.537881 0.245711
vn 0.762248 0.535199 0.322305
vn 0.788766 0.592226 0.039137
vn 0.789220 0.537881 0.245711
vn 0.755105 0.631545 0.073843
vn 0.788766 0.592226 0.039137
vn 0.762248 0.535199 0.322305
vn 0.762248 0.535199 0.322305
vn 0.695224 0.599738 0.357664
vn 0.755105 0.631545 0.073843
vn 0.755105 0.631545 0.073843
vn 0.758380 0.589607 -0.224226
vn 0.788766 0.592226 0.039137
vn 0.788766 0.592226 0.039137
vn 0.764850 0.624184 -0.000000
vn 0.789220 0.537881 0.245711
vn 0.789220 0.537881 0.245711
vn 0.779472 0.577374 0.180428
vn 0.756420 0.404654 0.481076
vn 0.756420 0.404654 0.481076
vn 0.741799 0.373612 0.525517
vn 0.694888 0.357585 0.594229
vn 0.694888 0.357585 0.594229
vn 0.741799 0.373612 0.525517
vn 0.602109 0.216205 0.740837
vn 0.449787 0.063792 0.863780
vn 0.602109 0.216205 0.740837
vn 0.741799 0.373612 0.525517
vn 0.756420 0.404654 0.481076
vn 0.758654 0.503553 0.375587
vn 0.741799 0.373612 0.525517
vn 0.758654 0.503553 0.375587
vn 0.647316 0.296781 0.673654
vn 0.741799 0.373612 0.525517
vn 0.647316 0.296781 0.673654
vn 0.536621 0.103535 0.810139
vn 0.741799 0.373612 0.525517
vn 0.449787 0.063792 0.863780
vn 0.741799 0.373612 0.525517
vn 0.536621 0.103535 0.810139
vn 0.439551 0.168681 0.855182
vn 0.536621 0.103535 0.810139
vn 0.647316 0.296781 0.673654
vn 0.687994 0.653099 0.269902
vn 0.647316 0.296781 0.673654
vn 0.758654 0.503553 0.375587
vn 0.687994 0.653099 0.269902
vn 0.758654 0.503553 0.375587
vn 0.691537 0.696946 0.103469
vn 0.582779 0.549407 0.569055
vn 0.647316 0.296781 0.673654
vn 0.687994 0.653099 0.269902
vn 0.691537 0.696946 0.103469
vn 0.569628 0.763324 0.257569
vn 0.687994 0.653099 0.269902
vn 0.582779 0.549407 0.569055
vn 0.569628 0.763324 0.257569
vn 0.550980 0.587890 0.562562
vn 0.550980 0.587890 0.562562
vn 0.304801 0.383392 0.844997
vn 0.532799 0.523831 0.636149
vn 0.304801 0.383392 0.844997
vn 0.244628 0.100878 0.937454
vn 0.532799 0.523831 0.636149
vn 0.304801 0.383392 0.844997
vn 0.149831 0.276696 0.922415
vn 0.244628 0.100878 0.937454
vn 0.244628 0.100878 0.937454
vn 0.097779 0.120603 0.960995
vn 0.264601 -0.037680 0.936702
vn 0.263498 0.157701 0.924795
vn 0.264601 -0.037680 0.936702
vn 0.205012 0.164428 0.937981
vn 0.264601 -0.037680 0.936702
vn 0.097779 0.120603 0.960995
vn 0.205012 0.164428 0.937981
vn 0.205012 0.164428 0.937981
vn 0.045334 0.420415 0.879528
vn 0.233574 0.356193 0.877972
vn 0.450079 0.415225 0.763325
vn 0.320975 0.474977 0.792441
vn 0.420059 0.532581 0.707286
vn 0.420059 0.532581 0.707286
vn 0.320975 0.474977 0.792441
vn 0.433909 0.505658 0.718222
vn 0.450079 0.415225 0.763325
vn 0.337395 0.360808 0.842583
vn 0.320975 0.474977 0.792441
vn 0.339228 0.175275 0.897307
vn 0.271278 0.374375 0.859905
vn 0.337395 0.360808 0.842583
vn 0.320975 0.474977 0.792441
vn 0.337395 0.360808 0.842583
vn 0.271278 0.374375 0.859905
vn 0.339228 0.175275 0.897307
vn 0.263498 0.157701 0.924795
vn 0.271278 0.374375 0.859905
vn 0.271278 0.374375 0.859905
vn 0.263498 0.157701 0.924795
vn 0.233574 0.356193 0.877972
vn 0.263498 0.157701 0.924795
vn 0.205012 0.164428 0.937981
vn 0.233574 0.356193 0.877972
vn 0.264601 -0.037680 0.936702
vn 0.263498 0.157701 0.924795
vn 0.323272 -0.023582 0.919069
vn 0.373233 -0.015913 0.900623
vn 0.323272 -0.023582 0.919069
vn 0.536621 0.103535 0.810139
vn 0.373233 -0.015913 0.900623
vn 0.264601 -0.037680 0.936702
vn 0.323272 -0.023582 0.919069
vn 0.339228 0.175275 0.897307
vn 0.602109 0.216205 0.740837
vn 0.449787 0.063792 0.863780
vn 0.694888 0.357585 0.594229
vn 0.602109 0.216205 0.740837
vn 0.604145 0.408019 0.656031
vn 0.694888 0.357585 0.594229
vn 0.604145 0.408019 0.656031
vn 0.762248 0.535199 0.322305
vn 0.756420 0.404654 0.481076
vn 0.694888 0.357585 0.594229
vn 0.789220 0.537881 0.245711
vn 0.789220 0.537881 0.245711
vn 0.764850 0.624184 -0.000000
vn 0.779472 0.577374 0.180428
vn 0.758654 0.503553 0.375587
vn 0.756420 0.404654 0.481076
vn 0.779472 0.577374 0.180428
vn 0.764850 0.624184 -0.000000
vn 0.691537 0.696946 0.103469
vn 0.779472 0.577374 0.180428
vn 0.764850 0.624184 -0.000000
vn 0.739489 0.623540 -0.194686
vn 0.630847 0.727019 -0.217447
vn 0.739489 0.623540 -0.194686
vn 0.555733 0.635789 -0.504516
vn 0.630847 0.727019 -0.217447
vn 0.739489 0.623540 -0.194686
vn 0.698219 0.514130 -0.465084
vn 0.555733 0.635789 -0.504516
vn 0.478286 0.457538 -0.722070
vn 0.364083 0.345291 -0.838064
vn 0.341384 0.514562 -0.759497
vn 0.144205 0.329395 -0.906364
vn 0.164645 0.591150 -0.762735
vn 0.341384 0.514562 -0.759497
vn 0.144205 0.329395 -0.906364
vn 0.341384 0.514562 -0.759497
vn 0.282805 0.378338 -0.854593
vn 0.282805 0.378338 -0.854593
vn 0.206347 0.228146 -0.924675
vn 0.144205 0.329395 -0.906364
vn 0.208863 0.790127 -0.547043
vn 0.164645 0.591150 -0.762735
vn 0.046675 0.606353 -0.767055
vn 0.046675 0.606353 -0.767055
vn 0.058325 0.818207 -0.542782
vn 0.208863 0.790127 -0.547043
vn 0.384834 0.741219 -0.519812
vn 0.208863 0.790127 -0.547043
vn 0.427225 0.829515 -0.319783
vn 0.427225 0.829515 -0.319783
vn 0.491419 0.851761 -0.092850
vn 0.673741 0.720924 -0.037268
vn 0.691537 0.696946 0.103469
vn 0.535868 0.825365 0.084295
vn 0.569628 0.763324 0.257569
vn 0.550980 0.587890 0.562562
vn 0.569628 0.763324 0.257569
vn 0.397636 0.725427 0.531894
vn 0.397636 0.725427 0.531894
vn 0.304801 0.383392 0.844997
vn 0.550980 0.587890 0.562562
vn 0.211511 0.707963 0.646141
vn 0.149831 0.276696 0.922415
vn 0.304801 0.383392 0.844997
vn 0.211511 0.707963 0.646141
vn 0.304801 0.383392 0.844997
vn 0.397636 0.725427 0.531894
vn 0.569628 0.763324 0.257569
vn 0.411437 0.873206 0.207424
vn 0.397636 0.725427 0.531894
vn 0.194820 0.815428 0.515162
vn 0.211511 0.707963 0.646141
vn 0.397636 0.725427 0.531894
vn 0.411437 0.873206 0.207424
vn 0.194820 0.815428 0.515162
vn 0.397636 0.725427 0.531894
vn 0.194820 0.815428 0.515162
vn 0.078734 0.681816 0.700160
vn 0.211511 0.707963 0.646141
vn 0.211511 0.707963 0.646141
vn 0.078734 0.681816 0.700160
vn 0.149831 0.276696 0.922415
vn 0.149831 0.276696 0.922415
vn 0.084310 0.341237 0.909459
vn 0.065162 0.081400 0.967656
vn 0.149831 0.276696 0.922415
vn 0.065162 0.081400 0.967656
vn 0.244628 0.100878 0.937454
vn 0.439551 0.168681 0.855182
vn 0.244628 0.100878 0.937454
vn 0.373233 -0.015913 0.900623
vn 0.244628 0.100878 0.937454
vn 0.264601 -0.037680 0.936702
vn 0.373233 -0.015913 0.900623
vn 0.323272 -0.023582 0.919069
vn 0.263498 0.157701 0.924795
vn 0.339228 0.175275 0.897307
vn 0.097779 0.120603 0.960995
vn 0.021047 0.231971 0.945684
vn 0.205012 0.164428 0.937981
vn 0.205012 0.164428 0.937981
vn 0.021047 0.231971 0.945684
vn 0.045334 0.420415 0.879528
vn 0.233574 0.356193 0.877972
vn 0.116854 0.549303 0.800700
vn 0.271278 0.374375 0.859905
vn 0.271278 0.374375 0.859905
vn 0.116854 0.549303 0.800700
vn 0.216311 0.553769 0.777241
vn 0.298936 0.551600 0.751667
vn 0.433909 0.505658 0.718222
vn 0.320975 0.474977 0.792441
vn 0.298936 0.551600 0.751667
vn 0.320975 0.474977 0.792441
vn 0.216311 0.553769 0.777241
vn 0.233574 0.356193 0.877972
vn 0.045334 0.420415 0.879528
vn 0.116854 0.549303 0.800700
vn 0.045334 0.420415 0.879528
vn -0.038757 0.502664 0.836963
vn 0.116854 0.549303 0.800700
vn 0.045334 0.420415 0.879528
vn -0.165510 0.409219 0.870586
vn -0.038757 0.502664 0.836963
vn -0.165510 0.409219 0.870586
vn -0.273440 0.383803 0.855196
vn -0.038757 0.502664 0.836963
vn -0.038757 0.502664 0.836963
vn -0.273440 0.383803 0.855196
vn -0.153119 0.453004 0.851565
vn -0.153119 0.453004 0.851565
vn -0.114258 0.332581 0.909386
vn 0.054259 0.530279 0.819422
vn 0.039175 0.388475 0.893937
vn 0.054259 0.530279 0.819422
vn -0.114258 0.332581 0.909386
vn -0.273440 0.383803 0.855196
vn -0.324131 0.293847 0.872342
vn -0.153119 0.453004 0.851565
vn -0.114258 0.332581 0.909386
vn -0.324131 0.293847 0.872342
vn -0.369149 0.143101 0.891328
vn -0.198533 0.164628 0.939302
vn -0.369149 0.143101 0.891328
vn -0.379634 0.213127 0.873295
vn -0.473509 0.356732 0.778063
vn -0.379634 0.213127 0.873295
vn -0.506637 0.213358 0.808099
vn -0.369149 0.143101 0.891328
vn -0.506637 0.213358 0.808099
vn -0.379634 0.213127 0.873295
vn -0.520222 0.050368 0.825301
vn -0.506637 0.213358 0.808099
vn -0.369149 0.143101 0.891328
vn -0.443403 0.185909 0.849767
vn -0.520222 0.050368 0.825301
vn -0.369149 0.143101 0.891328
vn -0.324131 0.293847 0.872342
vn -0.443403 0.185909 0.849767
vn -0.369149 0.143101 0.891328
vn -0.520222 0.050368 0.825301
vn -0.555743 0.116713 0.795730
vn -0.601560 0.069882 0.768156
vn -0.506637 0.213358 0.808099
vn -0.601560 0.069882 0.768156
vn -0.392081 0.233199 0.862910
vn -0.520222 0.050368 0.825301
vn -0.601560 0.069882 0.768156
vn -0.506637 0.213358 0.808099
vn -0.443403 0.185909 0.849767
vn -0.555743 0.116713 0.795730
vn -0.520222 0.050368 0.825301
vn -0.555743 0.116713 0.795730
vn -0.443403 0.185909 0.849767
vn -0.426106 0.287554 0.830714
vn -0.426106 0.287554 0.830714
vn -0.443403 0.185909 0.849767
vn -0.324131 0.293847 0.872342
vn -0.426106 0.287554 0.830714
vn -0.324131 0.293847 0.872342
vn -0.273440 0.383803 0.855196
vn -0.330172 0.308899 0.865066
vn -0.426106 0.287554 0.830714
vn -0.273440 0.383803 0.855196
vn -0.330172 0.308899 0.865066
vn -0.273440 0.383803 0.855196
vn -0.165510 0.409219 0.870586
vn 0.045334 0.420415 0.879528
vn -0.048557 0.344321 0.910872
vn -0.165510 0.409219 0.870586
vn -0.330172 0.308899 0.865066
vn -0.165510 0.409219 0.870586
vn -0.226995 0.302494 0.898928
vn -0.048557 0.344321 0.910872
vn -0.226995 0.302494 0.898928
vn -0.165510 0.409219 0.870586
vn -0.126735 0.255691 0.931615
vn -0.226995 0.302494 0.898928
vn -0.048557 0.344321 0.910872
vn 0.021047 0.231971 0.945684
vn -0.048557 0.344321 0.910872
vn 0.045334 0.420415 0.879528
vn 0.021047 0.231971 0.945684
vn -0.126735 0.255691 0.931615
vn -0.048557 0.344321 0.910872
vn -0.047798 0.084596 0.968377
vn -0.126735 0.255691 0.931615
vn 0.021047 0.231971 0.945684
vn 0.097779 0.120603 0.960995
vn -0.047798 0.084596 0.968377
vn 0.021047 0.231971 0.945684
vn -0.172125 0.219490 0.933479
vn -0.243161 0.199037 0.922484
vn -0.047798 0.084596 0.968377
vn -0.047798 0.084596 0.968377
vn -0.243161 0.199037 0.922484
vn -0.126735 0.255691 0.931615
vn -0.126735 0.255691 0.931615
vn -0.243161 0.199037 0.922484
vn -0.226995 0.302494 0.898928
vn -0.340871 0.214554 0.888385
vn -0.410792 0.121539 0.876581
vn -0.330172 0.308899 0.865066
vn -0.340871 0.214554 0.888385
vn -0.330172 0.308899 0.865066
vn -0.226995 0.302494 0.898928
vn -0.243161 0.199037 0.922484
vn -0.340871 0.214554 0.888385
vn -0.226995 0.302494 0.898928
vn -0.243161 0.199037 0.922484
vn -0.334775 0.109800 0.908941
vn -0.340871 0.214554 0.888385
vn -0.426106 0.287554 0.830714
vn -0.410792 0.121539 0.876581
vn -0.497176 0.105993 0.833969
vn -0.555743 0.116713 0.795730
vn -0.497176 0.105993 0.833969
vn -0.528716 0.029350 0.821021
vn -0.555743 0.116713 0.795730
vn -0.528716 0.029350 0.821021
vn -0.488240 0.006088 0.845534
vn -0.601560 0.069882 0.768156
vn -0.488240 0.006088 0.845534
vn -0.433178 0.112639 0.867198
vn -0.392081 0.233199 0.862910
vn -0.601560 0.069882 0.768156
vn -0.433178 0.112639 0.867198
vn -0.555743 0.116713 0.795730
vn -0.488240 0.006088 0.845534
vn -0.601560 0.069882 0.768156
vn -0.410792 0.121539 0.876581
vn -0.426106 0.287554 0.830714
vn -0.330172 0.308899 0.865066
vn -0.426106 0.287554 0.830714
vn -0.497176 0.105993 0.833969
vn -0.555743 0.116713 0.795730
vn -0.334775 0.109800 0.908941
vn -0.410792 0.121539 0.876581
vn -0.340871 0.214554 0.888385
vn -0.334775 0.109800 0.908941
vn -0.283613 0.053141 0.930542
vn -0.410792 0.121539 0.876581
vn -0.283613 0.053141 0.930542
vn -0.367875 0.077412 0.899679
vn -0.410792 0.121539 0.876581
vn -0.410792 0.121539 0.876581
vn -0.367875 0.077412 0.899679
vn -0.497176 0.105993 0.833969
vn -0.497176 0.105993 0.833969
vn -0.367875 0.077412 0.899679
vn -0.528716 0.029350 0.821021
vn -0.367875 0.077412 0.899679
vn -0.317708 0.086955 0.917261
vn -0.528716 0.029350 0.821021
vn -0.317708 0.086955 0.917261
vn -0.222910 0.151105 0.936179
vn -0.528716 0.029350 0.821021
vn -0.528716 0.029350 0.821021
vn -0.222910 0.151105 0.936179
vn -0.488240 0.006088 0.845534
vn -0.222910 0.151105 0.936179
vn -0.068564 0.232967 0.943253
vn -0.488240 0.006088 0.845534
vn -0.488240 0.006088 0.845534
vn -0.068564 0.232967 0.943253
vn -0.433178 0.112639 0.867198
vn -0.433178 0.112639 0.867198
vn -0.028794 0.271859 0.935126
vn -0.392081 0.233199 0.862910
vn -0.369509 0.421655 0.801063
vn -0.506637 0.213358 0.808099
vn -0.392081 0.233199 0.862910
vn -0.392081 0.233199 0.862910
vn -0.063623 0.416073 0.880427
vn -0.369509 0.421655 0.801063
vn -0.063623 0.416073 0.880427
vn -0.136830 0.483150 0.838093
vn -0.369509 0.421655 0.801063
vn -0.063623 0.416073 0.880427
vn 0.001255 0.356723 0.907498
vn -0.136830 0.483150 0.838093
vn -0.136830 0.483150 0.838093
vn -0.330201 0.477772 0.787106
vn -0.369509 0.421655 0.801063
vn -0.369509 0.421655 0.801063
vn -0.473509 0.356732 0.778063
vn -0.506637 0.213358 0.808099
vn -0.330201 0.477772 0.787106
vn -0.383094 0.392789 0.809039
vn -0.473509 0.356732 0.778063
vn -0.369509 0.421655 0.801063
vn -0.330201 0.477772 0.787106
vn -0.473509 0.356732 0.778063
vn -0.383094 0.392789 0.809039
vn -0.330201 0.477772 0.787106
vn -0.287969 0.411836 0.837736
vn -0.240944 0.340600 0.882023
vn -0.287969 0.411836 0.837736
vn -0.205821 0.441088 0.846808
vn -0.330201 0.477772 0.787106
vn -0.205821 0.441088 0.846808
vn -0.287969 0.411836 0.837736
vn -0.136830 0.483150 0.838093
vn -0.205821 0.441088 0.846808
vn -0.330201 0.477772 0.787106
vn -0.205821 0.441088 0.846808
vn -0.114211 0.388809 0.887508
vn -0.240944 0.340600 0.882023
vn -0.473509 0.356732 0.778063
vn -0.383094 0.392789 0.809039
vn -0.379634 0.213127 0.873295
vn -0.198533 0.164628 0.939302
vn -0.379634 0.213127 0.873295
vn -0.282907 0.274052 0.892316
vn -0.369149 0.143101 0.891328
vn -0.198533 0.164628 0.939302
vn -0.171861 0.152911 0.946313
vn -0.282907 0.274052 0.892316
vn -0.152282 0.253961 0.928345
vn -0.198533 0.164628 0.939302
vn -0.152282 0.253961 0.928345
vn -0.178996 0.324107 0.902167
vn -0.073074 0.351854 0.906478
vn -0.282907 0.274052 0.892316
vn -0.178996 0.324107 0.902167
vn -0.152282 0.253961 0.928345
vn -0.240944 0.340600 0.882023
vn -0.178996 0.324107 0.902167
vn -0.282907 0.274052 0.892316
vn -0.192951 0.390508 0.873416
vn -0.073074 0.351854 0.906478
vn -0.178996 0.324107 0.902167
vn -0.128147 0.371951 0.892646
vn -0.013718 0.362749 0.905079
vn -0.070399 0.325984 0.916011
vn -0.022198 0.305697 0.925117
vn -0.070399 0.325984 0.916011
vn 0.104119 0.295617 0.922848
vn -0.070399 0.325984 0.916011
vn 0.045848 0.315806 0.920970
vn 0.104119 0.295617 0.922848
vn -0.070399 0.325984 0.916011
vn -0.013718 0.362749 0.905079
vn 0.045848 0.315806 0.920970
vn -0.128147 0.371951 0.892646
vn -0.126293 0.445122 0.859837
vn -0.013718 0.362749 0.905079
vn -0.192951 0.390508 0.873416
vn -0.126293 0.445122 0.859837
vn -0.128147 0.371951 0.892646
vn -0.192951 0.390508 0.873416
vn -0.128147 0.371951 0.892646
vn -0.146634 0.428136 0.865042
vn -0.192951 0.390508 0.873416
vn -0.146634 0.428136 0.865042
vn -0.073074 0.351854 0.906478
vn -0.049464 0.424550 0.877384
vn -0.161349 0.465713 0.843401
vn -0.004457 0.415501 0.882912
vn -0.004457 0.415501 0.882912
vn -0.074319 0.396521 0.888323
vn 0.074626 0.417545 0.878910
vn 0.074626 0.417545 0.878910
vn -0.074319 0.396521 0.888323
vn 0.082835 0.428935 0.872856
vn -0.004457 0.415501 0.882912
vn -0.161349 0.465713 0.843401
vn -0.074319 0.396521 0.888323
vn -0.237736 0.450371 0.833839
vn -0.274538 0.452960 0.821387
vn -0.153194 0.481227 0.836409
vn -0.282907 0.274052 0.892316
vn -0.287969 0.411836 0.837736
vn -0.240944 0.340600 0.882023
vn -0.282907 0.274052 0.892316
vn -0.379634 0.213127 0.873295
vn -0.383094 0.392789 0.809039
vn -0.383094 0.392789 0.809039
vn -0.287969 0.411836 0.837736
vn -0.282907 0.274052 0.892316
vn -0.240944 0.340600 0.882023
vn -0.114211 0.388809 0.887508
vn -0.178996 0.324107 0.902167
vn -0.114211 0.388809 0.887508
vn -0.122314 0.348654 0.902505
vn -0.178996 0.324107 0.902167
vn -0.205821 0.441088 0.846808
vn 0.001255 0.356723 0.907498
vn -0.114211 0.388809 0.887508
vn -0.178996 0.324107 0.902167
vn -0.122314 0.348654 0.902505
vn -0.192951 0.390508 0.873416
vn -0.192951 0.390508 0.873416
vn -0.194628 0.394629 0.871255
vn -0.126293 0.445122 0.859837
vn -0.274538 0.452960 0.821387
vn -0.161349 0.465713 0.843401
vn -0.153194 0.481227 0.836409
vn -0.153194 0.481227 0.836409
vn -0.161349 0.465713 0.843401
vn -0.049464 0.424550 0.877384
vn -0.126293 0.445122 0.859837
vn -0.237736 0.450371 0.833839
vn -0.153194 0.481227 0.836409
vn -0.122314 0.348654 0.902505
vn -0.179006 0.315415 0.905147
vn -0.192951 0.390508 0.873416
vn -0.126293 0.445122 0.859837
vn -0.194628 0.394629 0.871255
vn -0.237736 0.450371 0.833839
vn -0.274538 0.452960 0.821387
vn -0.311949 0.459908 0.804474
vn -0.161349 0.465713 0.843401
vn -0.066224 0.407369 0.884179
vn -0.062823 0.485128 0.845530
vn 0.021045 0.471607 0.854910
vn 0.181708 0.415097 0.864725
vn 0.082835 0.428935 0.872856
vn 0.204150 0.431213 0.852116
vn 0.082835 0.428935 0.872856
vn 0.021045 0.471607 0.854910
vn 0.204150 0.431213 0.852116
vn -0.289174 0.495464 0.792193
vn -0.245679 0.482799 0.813766
vn -0.209654 0.500547 0.813178
vn -0.241573 0.434963 0.840668
vn -0.289174 0.495464 0.792193
vn -0.209654 0.500547 0.813178
vn -0.241573 0.434963 0.840668
vn -0.209654 0.500547 0.813178
vn -0.215085 0.460589 0.834413
vn -0.302183 0.395969 0.840276
vn -0.241573 0.434963 0.840668
vn -0.215085 0.460589 0.834413
vn -0.311949 0.459908 0.804474
vn -0.215085 0.460589 0.834413
vn -0.161349 0.465713 0.843401
vn -0.179006 0.315415 0.905147
vn -0.194628 0.394629 0.871255
vn -0.192951 0.390508 0.873416
vn -0.094031 0.301783 0.921966
vn -0.122314 0.348654 0.902505
vn -0.114211 0.388809 0.887508
vn 0.001255 0.356723 0.907498
vn -0.094031 0.301783 0.921966
vn -0.114211 0.388809 0.887508
vn -0.016718 0.265341 0.937224
vn -0.094031 0.301783 0.921966
vn 0.001255 0.356723 0.907498
vn -0.095749 0.198495 0.948577
vn -0.094031 0.301783 0.921966
vn -0.016718 0.265341 0.937224
vn -0.068264 0.139099 0.961053
vn -0.095749 0.198495 0.948577
vn -0.016718 0.265341 0.937224
vn 0.058643 0.194570 0.952296
vn -0.068264 0.139099 0.961053
vn 0.074690 0.236748 0.941886
vn 0.058643 0.194570 0.952296
vn 0.074690 0.236748 0.941886
vn 0.156133 0.316552 0.908875
vn 0.156133 0.316552 0.908875
vn 0.001255 0.356723 0.907498
vn -0.063623 0.416073 0.880427
vn 0.147140 0.301823 0.915170
vn 0.156133 0.316552 0.908875
vn -0.063623 0.416073 0.880427
vn -0.028794 0.271859 0.935126
vn -0.063623 0.416073 0.880427
vn -0.392081 0.233199 0.862910
vn -0.028794 0.271859 0.935126
vn 0.147140 0.301823 0.915170
vn -0.063623 0.416073 0.880427
vn -0.433178 0.112639 0.867198
vn -0.068564 0.232967 0.943253
vn -0.028794 0.271859 0.935126
vn 0.045961 0.300769 0.925831
vn 0.147140 0.301823 0.915170
vn -0.222910 0.151105 0.936179
vn -0.317708 0.086955 0.917261
vn 0.045961 0.300769 0.925831
vn -0.222910 0.151105 0.936179
vn -0.222910 0.151105 0.936179
vn 0.147140 0.301823 0.915170
vn -0.068564 0.232967 0.943253
vn -0.028794 0.271859 0.935126
vn -0.068564 0.232967 0.943253
vn 0.147140 0.301823 0.915170
vn 0.045961 0.300769 0.925831
vn 0.215984 0.350006 0.884740
vn 0.147140 0.301823 0.915170
vn 0.161189 0.286474 0.917647
vn 0.215984 0.350006 0.884740
vn -0.076035 0.190065 0.951981
vn -0.159680 0.122940 0.952603
vn -0.076035 0.190065 0.951981
vn -0.367875 0.077412 0.899679
vn -0.159680 0.122940 0.952603
vn -0.367875 0.077412 0.899679
vn -0.283613 0.053141 0.930542
vn -0.283613 0.053141 0.930542
vn -0.265257 0.082061 0.933768
vn -0.316233 0.052754 0.920277
vn -0.172125 0.219490 0.933479
vn -0.334775 0.109800 0.908941
vn -0.243161 0.199037 0.922484
vn -0.201360 0.092295 0.948264
vn -0.172125 0.219490 0.933479
vn -0.047798 0.084596 0.968377
vn 0.065162 0.081400 0.967656
vn 0.097779 0.120603 0.960995
vn 0.244628 0.100878 0.937454
vn 0.065162 0.081400 0.967656
vn -0.047798 0.084596 0.968377
vn 0.097779 0.120603 0.960995
vn -0.065575 0.078863 0.967833
vn -0.047798 0.084596 0.968377
vn 0.065162 0.081400 0.967656
vn 0.084310 0.341237 0.909459
vn -0.065575 0.078863 0.967833
vn 0.065162 0.081400 0.967656
vn -0.207751 0.267233 0.914160
vn -0.201360 0.092295 0.948264
vn -0.065575 0.078863 0.967833
vn -0.065575 0.078863 0.967833
vn -0.201360 0.092295 0.948264
vn -0.047798 0.084596 0.968377
vn -0.305863 0.192916 0.905431
vn -0.172125 0.219490 0.933479
vn -0.201360 0.092295 0.948264
vn -0.172125 0.219490 0.933479
vn -0.305863 0.192916 0.905431
vn -0.234196 0.253723 0.911668
vn -0.265257 0.082061 0.933768
vn -0.172125 0.219490 0.933479
vn -0.234196 0.253723 0.911668
vn -0.275343 0.312774 0.882218
vn -0.234196 0.253723 0.911668
vn -0.305863 0.192916 0.905431
vn -0.305863 0.192916 0.905431
vn -0.201360 0.092295 0.948264
vn -0.373990 0.048961 0.899163
vn -0.376410 0.303171 0.848497
vn -0.363794 0.049131 0.903214
vn -0.207751 0.267233 0.914160
vn -0.275105 0.800196 0.502533
vn -0.207751 0.267233 0.914160
vn -0.077274 0.694599 0.688033
vn 0.049970 0.871164 0.456907
vn -0.077274 0.694599 0.688033
vn 0.078734 0.681816 0.700160
vn 0.049970 0.871164 0.456907
vn 0.078734 0.681816 0.700160
vn 0.194820 0.815428 0.515162
vn 0.411437 0.873206 0.207424
vn 0.168688 0.957271 0.175724
vn 0.194820 0.815428 0.515162
vn 0.049970 0.871164 0.456907
vn 0.194820 0.815428 0.515162
vn -0.025222 0.978251 0.136317
vn -0.025222 0.978251 0.136317
vn 0.194820 0.815428 0.515162
vn 0.168688 0.957271 0.175724
vn 0.168688 0.957271 0.175724
vn 0.411437 0.873206 0.207424
vn 0.128737 0.976729 -0.077203
vn 0.128737 0.976729 -0.077203
vn 0.411437 0.873206 0.207424
vn 0.339137 0.928048 0.008058
vn 0.411437 0.873206 0.207424
vn 0.535868 0.825365 0.084295
vn 0.339137 0.928048 0.008058
vn 0.128737 0.976729 -0.077203
vn 0.339137 0.928048 0.008058
vn 0.038007 0.960072 -0.227938
vn 0.038007 0.960072 -0.227938
vn 0.339137 0.928048 0.008058
vn 0.258083 0.938185 -0.169787
vn 0.491419 0.851761 -0.092850
vn 0.258083 0.938185 -0.169787
vn 0.339137 0.928048 0.008058
vn 0.491419 0.851761 -0.092850
vn 0.212715 0.889409 -0.368817
vn 0.258083 0.938185 -0.169787
vn 0.038007 0.960072 -0.227938
vn 0.258083 0.938185 -0.169787
vn 0.027632 0.916699 -0.362670
vn 0.027632 0.916699 -0.362670
vn 0.258083 0.938185 -0.169787
vn 0.212715 0.889409 -0.368817
vn 0.491419 0.851761 -0.092850
vn 0.427225 0.829515 -0.319783
vn 0.212715 0.889409 -0.368817
vn 0.427225 0.829515 -0.319783
vn 0.208863 0.790127 -0.547043
vn 0.212715 0.889409 -0.368817
vn -0.113657 0.914647 -0.351207
vn 0.038007 0.960072 -0.227938
vn 0.027632 0.916699 -0.362670
vn 0.212715 0.889409 -0.368817
vn 0.058325 0.818207 -0.542782
vn 0.027632 0.916699 -0.362670
vn -0.060023 0.978238 -0.125382
vn 0.038007 0.960072 -0.227938
vn -0.113657 0.914647 -0.351207
vn -0.178403 0.957850 -0.162858
vn -0.060023 0.978238 -0.125382
vn -0.113657 0.914647 -0.351207
vn -0.215847 0.899016 -0.343607
vn -0.178403 0.957850 -0.162858
vn -0.113657 0.914647 -0.351207
vn -0.060023 0.978238 -0.125382
vn 0.128737 0.976729 -0.077203
vn 0.038007 0.960072 -0.227938
vn -0.060023 0.978238 -0.125382
vn 0.168688 0.957271 0.175724
vn 0.128737 0.976729 -0.077203
vn -0.025222 0.978251 0.136317
vn 0.168688 0.957271 0.175724
vn -0.060023 0.978238 -0.125382
vn -0.178403 0.957850 -0.162858
vn -0.025222 0.978251 0.136317
vn -0.060023 0.978238 -0.125382
vn -0.286417 0.913641 -0.240576
vn -0.178403 0.957850 -0.162858
vn -0.215847 0.899016 -0.343607
vn -0.286417 0.913641 -0.240576
vn -0.215847 0.899016 -0.343607
vn -0.236523 0.904176 -0.316139
vn -0.236523 0.904176 -0.316139
vn -0.323960 0.910458 -0.202998
vn -0.286417 0.913641 -0.240576
vn -0.286417 0.913641 -0.240576
vn -0.199605 0.967141 0.037231
vn -0.178403 0.957850 -0.162858
vn -0.199605 0.967141 0.037231
vn -0.025222 0.978251 0.136317
vn -0.178403 0.957850 -0.162858
vn -0.079101 0.890732 0.414347
vn 0.049970 0.871164 0.456907
vn -0.025222 0.978251 0.136317
vn -0.199605 0.967141 0.037231
vn -0.079101 0.890732 0.414347
vn -0.025222 0.978251 0.136317
vn -0.079101 0.890732 0.414347
vn -0.077274 0.694599 0.688033
vn 0.049970 0.871164 0.456907
vn -0.079101 0.890732 0.414347
vn -0.275105 0.800196 0.502533
vn -0.077274 0.694599 0.688033
vn 0.084310 0.341237 0.909459
vn -0.077274 0.694599 0.688033
vn -0.061100 0.370865 0.899970
vn -0.061100 0.370865 0.899970
vn -0.054961 0.262714 0.936518
vn 0.084310 0.341237 0.909459
vn -0.054961 0.262714 0.936518
vn -0.065575 0.078863 0.967833
vn 0.084310 0.341237 0.909459
vn -0.207751 0.267233 0.914160
vn -0.065575 0.078863 0.967833
vn -0.054961 0.262714 0.936518
vn -0.054961 0.262714 0.936518
vn -0.061100 0.370865 0.899970
vn -0.207751 0.267233 0.914160
vn -0.077274 0.694599 0.688033
vn -0.207751 0.267233 0.914160
vn -0.061100 0.370865 0.899970
vn -0.376410 0.303171 0.848497
vn -0.207751 0.267233 0.914160
vn -0.275105 0.800196 0.502533
vn -0.079101 0.890732 0.414347
vn -0.199605 0.967141 0.037231
vn -0.275105 0.800196 0.502533
vn -0.275105 0.800196 0.502533
vn -0.199605 0.967141 0.037231
vn -0.360404 0.918917 0.044020
vn -0.406946 0.897534 0.069571
vn -0.275105 0.800196 0.502533
vn -0.360404 0.918917 0.044020
vn -0.360404 0.918917 0.044020
vn -0.199605 0.967141 0.037231
vn -0.286417 0.913641 -0.240576
vn -0.286417 0.913641 -0.240576
vn -0.406946 0.897534 0.069571
vn -0.360404 0.918917 0.044020
vn -0.507836 0.452668 0.705215
vn -0.275105 0.800196 0.502533
vn -0.406946 0.897534 0.069571
vn -0.507836 0.452668 0.705215
vn -0.406946 0.897534 0.069571
vn -0.636279 0.635727 0.401483
vn -0.507836 0.452668 0.705215
vn -0.636279 0.635727 0.401483
vn -0.636552 0.579022 0.477103
vn -0.550352 0.313665 0.746202
vn -0.507836 0.452668 0.705215
vn -0.636552 0.579022 0.477103
vn -0.565942 0.208657 0.770100
vn -0.636552 0.579022 0.477103
vn -0.418226 0.488060 0.738782
vn -0.264222 0.438041 0.832449
vn -0.565942 0.208657 0.770100
vn -0.418226 0.488060 0.738782
vn -0.636552 0.579022 0.477103
vn -0.316567 0.881777 0.309267
vn -0.418226 0.488060 0.738782
vn -0.316567 0.881777 0.309267
vn -0.266554 0.852816 0.415599
vn -0.418226 0.488060 0.738782
vn -0.266554 0.852816 0.415599
vn -0.050261 0.557824 0.801750
vn -0.418226 0.488060 0.738782
vn -0.418226 0.488060 0.738782
vn -0.050261 0.557824 0.801750
vn -0.264222 0.438041 0.832449
vn -0.264222 0.438041 0.832449
vn -0.388572 0.133802 0.884670
vn -0.565942 0.208657 0.770100
vn -0.565942 0.208657 0.770100
vn -0.550352 0.313665 0.746202
vn -0.636552 0.579022 0.477103
vn -0.565942 0.208657 0.770100
vn -0.527028 0.103577 0.816238
vn -0.550352 0.313665 0.746202
vn -0.526058 0.306480 0.765886
vn -0.507836 0.452668 0.705215
vn -0.550352 0.313665 0.746202
vn -0.171327 0.264444 0.922258
vn -0.124468 0.347939 0.902485
vn -0.399954 0.093372 0.884767
vn -0.171327 0.264444 0.922258
vn -0.399954 0.093372 0.884767
vn -0.402270 0.036784 0.887775
vn -0.402270 0.036784 0.887775
vn -0.399954 0.093372 0.884767
vn -0.363794 0.049131 0.903214
vn -0.207751 0.267233 0.914160
vn -0.363794 0.049131 0.903214
vn -0.201360 0.092295 0.948264
vn -0.373990 0.048961 0.899163
vn -0.201360 0.092295 0.948264
vn -0.363794 0.049131 0.903214
vn -0.363794 0.049131 0.903214
vn -0.399954 0.093372 0.884767
vn -0.373990 0.048961 0.899163
vn -0.399954 0.093372 0.884767
vn -0.275343 0.312774 0.882218
vn -0.373990 0.048961 0.899163
vn -0.373990 0.048961 0.899163
vn -0.275343 0.312774 0.882218
vn -0.305863 0.192916 0.905431
vn -0.124468 0.347939 0.902485
vn -0.275343 0.312774 0.882218
vn -0.399954 0.093372 0.884767
vn -0.124468 0.347939 0.902485
vn -0.240311 0.206161 0.921694
vn -0.275343 0.312774 0.882218
vn -0.275343 0.312774 0.882218
vn -0.240311 0.206161 0.921694
vn -0.234196 0.253723 0.911668
vn -0.265257 0.082061 0.933768
vn -0.283613 0.053141 0.930542
vn -0.334775 0.109800 0.908941
vn -0.265257 0.082061 0.933768
vn -0.334775 0.109800 0.908941
vn -0.172125 0.219490 0.933479
vn -0.240311 0.206161 0.921694
vn -0.265257 0.082061 0.933768
vn -0.234196 0.253723 0.911668
vn -0.240311 0.206161 0.921694
vn -0.246393 -0.003949 0.942245
vn -0.265257 0.082061 0.933768
vn -0.246393 -0.003949 0.942245
vn -0.283764 0.092733 0.927484
vn -0.265257 0.082061 0.933768
vn -0.265257 0.082061 0.933768
vn -0.283764 0.092733 0.927484
vn -0.316233 0.052754 0.920277
vn -0.283764 0.092733 0.927484
vn -0.142595 0.199270 0.942674
vn -0.316233 0.052754 0.920277
vn -0.316233 0.052754 0.920277
vn -0.142595 0.199270 0.942674
vn -0.283613 0.053141 0.930542
vn -0.142595 0.199270 0.942674
vn -0.005317 0.194897 0.953972
vn -0.283613 0.053141 0.930542
vn -0.283613 0.053141 0.930542
vn -0.005317 0.194897 0.953972
vn -0.159680 0.122940 0.952603
vn -0.005317 0.194897 0.953972
vn 0.161189 0.286474 0.917647
vn -0.159680 0.122940 0.952603
vn -0.159680 0.122940 0.952603
vn 0.161189 0.286474 0.917647
vn -0.076035 0.190065 0.951981
vn -0.367875 0.077412 0.899679
vn -0.076035 0.190065 0.951981
vn -0.317708 0.086955 0.917261
vn -0.076035 0.190065 0.951981
vn 0.045961 0.300769 0.925831
vn -0.317708 0.086955 0.917261
vn -0.076035 0.190065 0.951981
vn 0.215984 0.350006 0.884740
vn 0.045961 0.300769 0.925831
vn 0.215984 0.350006 0.884740
vn 0.168269 0.278378 0.918824
vn 0.147140 0.301823 0.915170
vn 0.168269 0.278378 0.918824
vn 0.156133 0.316552 0.908875
vn 0.147140 0.301823 0.915170
vn 0.058643 0.194570 0.952296
vn 0.156133 0.316552 0.908875
vn 0.168269 0.278378 0.918824
vn 0.168269 0.278378 0.918824
vn 0.023898 0.345121 0.911533
vn 0.058643 0.194570 0.952296
vn 0.001255 0.356723 0.907498
vn -0.205821 0.441088 0.846808
vn -0.136830 0.483150 0.838093
vn 0.156133 0.316552 0.908875
vn 0.074690 0.236748 0.941886
vn 0.001255 0.356723 0.907498
vn 0.074690 0.236748 0.941886
vn -0.016718 0.265341 0.937224
vn 0.001255 0.356723 0.907498
vn 0.074690 0.236748 0.941886
vn -0.068264 0.139099 0.961053
vn -0.016718 0.265341 0.937224
vn 0.058643 0.194570 0.952296
vn -0.135627 0.181848 0.947079
vn -0.068264 0.139099 0.961053
vn -0.135627 0.181848 0.947079
vn -0.117328 0.177584 0.950235
vn -0.068264 0.139099 0.961053
vn -0.179006 0.315415 0.905147
vn -0.244895 0.354571 0.875603
vn -0.194628 0.394629 0.871255
vn -0.094031 0.301783 0.921966
vn -0.179006 0.315415 0.905147
vn -0.122314 0.348654 0.902505
vn -0.244895 0.354571 0.875603
vn -0.237736 0.450371 0.833839
vn -0.194628 0.394629 0.871255
vn -0.244895 0.354571 0.875603
vn -0.311949 0.459908 0.804474
vn -0.237736 0.450371 0.833839
vn -0.311949 0.459908 0.804474
vn -0.274538 0.452960 0.821387
vn -0.237736 0.450371 0.833839
vn -0.258994 0.490855 0.805031
vn -0.302183 0.395969 0.840276
vn -0.215085 0.460589 0.834413
vn -0.209654 0.500547 0.813178
vn -0.152360 0.451796 0.852320
vn -0.215085 0.460589 0.834413
vn -0.289174 0.495464 0.792193
vn -0.358223 0.443329 0.794682
vn -0.245679 0.482799 0.813766
vn -0.289174 0.495464 0.792193
vn -0.359541 0.444071 0.793701
vn -0.358223 0.443329 0.794682
vn -0.289174 0.495464 0.792193
vn -0.241573 0.434963 0.840668
vn -0.359541 0.444071 0.793701
vn -0.241573 0.434963 0.840668
vn -0.302183 0.395969 0.840276
vn -0.359541 0.444071 0.793701
vn -0.320058 0.364522 0.847600
vn -0.311949 0.459908 0.804474
vn -0.244895 0.354571 0.875603
vn -0.256267 0.269586 0.901420
vn -0.244895 0.354571 0.875603
vn -0.179006 0.315415 0.905147
vn -0.200096 0.258866 0.918146
vn -0.256267 0.269586 0.901420
vn -0.179006 0.315415 0.905147
vn -0.150193 0.251523 0.929319
vn -0.200096 0.258866 0.918146
vn -0.179006 0.315415 0.905147
vn -0.150193 0.251523 0.929319
vn -0.179006 0.315415 0.905147
vn -0.094031 0.301783 0.921966
vn -0.095749 0.198495 0.948577
vn -0.150193 0.251523 0.929319
vn -0.094031 0.301783 0.921966
vn -0.117328 0.177584 0.950235
vn -0.150193 0.251523 0.929319
vn -0.095749 0.198495 0.948577
vn -0.068264 0.139099 0.961053
vn -0.117328 0.177584 0.950235
vn -0.095749 0.198495 0.948577
vn -0.154151 0.233391 0.933267
vn -0.117328 0.177584 0.950235
vn -0.135627 0.181848 0.947079
vn -0.247884 0.257673 0.907061
vn -0.154151 0.233391 0.933267
vn -0.135627 0.181848 0.947079
vn -0.120005 0.259091 0.931571
vn -0.135627 0.181848 0.947079
vn 0.058643 0.194570 0.952296
vn -0.265180 0.381563 0.858692
vn -0.247884 0.257673 0.907061
vn -0.120005 0.259091 0.931571
vn -0.202923 0.378938 0.876153
vn -0.120005 0.259091 0.931571
vn 0.023898 0.345121 0.911533
vn 0.061981 0.309908 0.921992
vn 0.142645 0.289678 0.919656
vn -0.142595 0.199270 0.942674
vn -0.283764 0.092733 0.927484
vn 0.061981 0.309908 0.921992
vn -0.142595 0.199270 0.942674
vn -0.142595 0.199270 0.942674
vn 0.142645 0.289678 0.919656
vn -0.005317 0.194897 0.953972
vn 0.142645 0.289678 0.919656
vn 0.161189 0.286474 0.917647
vn -0.005317 0.194897 0.953972
vn 0.142645 0.289678 0.919656
vn 0.023898 0.345121 0.911533
vn 0.161189 0.286474 0.917647
vn 0.215984 0.350006 0.884740
vn 0.161189 0.286474 0.917647
vn 0.023898 0.345121 0.911533
vn 0.142645 0.289678 0.919656
vn 0.058630 0.334579 0.913810
vn 0.023898 0.345121 0.911533
vn 0.023898 0.345121 0.911533
vn 0.168269 0.278378 0.918824
vn 0.215984 0.350006 0.884740
vn 0.058643 0.194570 0.952296
vn 0.023898 0.345121 0.911533
vn -0.120005 0.259091 0.931571
vn 0.023898 0.345121 0.911533
vn -0.217616 0.341280 0.887651
vn -0.202923 0.378938 0.876153
vn -0.093532 0.280506 0.928506
vn -0.217616 0.341280 0.887651
vn 0.058630 0.334579 0.913810
vn 0.023898 0.345121 0.911533
vn 0.058630 0.334579 0.913810
vn -0.217616 0.341280 0.887651
vn -0.060661 0.210094 0.948970
vn -0.093532 0.280506 0.928506
vn 0.076980 0.261286 0.935396
vn -0.060661 0.210094 0.948970
vn 0.076980 0.261286 0.935396
vn 0.060849 0.086573 0.967494
vn -0.107102 0.255242 0.934128
vn -0.214409 0.114918 0.943070
vn -0.124468 0.347939 0.902485
vn -0.171327 0.264444 0.922258
vn -0.107102 0.255242 0.934128
vn -0.124468 0.347939 0.902485
vn -0.124468 0.347939 0.902485
vn -0.214409 0.114918 0.943070
vn -0.240311 0.206161 0.921694
vn -0.214409 0.114918 0.943070
vn -0.246393 -0.003949 0.942245
vn -0.240311 0.206161 0.921694
vn -0.214409 0.114918 0.943070
vn -0.145172 0.089714 0.958439
vn -0.246393 -0.003949 0.942245
vn -0.145172 0.089714 0.958439
vn -0.054572 -0.017146 0.971458
vn -0.246393 -0.003949 0.942245
vn -0.246393 -0.003949 0.942245
vn -0.054572 -0.017146 0.971458
vn -0.283764 0.092733 0.927484
vn -0.054572 -0.017146 0.971458
vn 0.023727 0.176439 0.957177
vn -0.283764 0.092733 0.927484
vn 0.023727 0.176439 0.957177
vn 0.061981 0.309908 0.921992
vn -0.283764 0.092733 0.927484
vn 0.139099 0.222053 0.938236
vn 0.061981 0.309908 0.921992
vn 0.023727 0.176439 0.957177
vn -0.054572 -0.017146 0.971458
vn 0.139099 0.222053 0.938236
vn 0.023727 0.176439 0.957177
vn 0.060849 0.086573 0.967494
vn 0.139099 0.222053 0.938236
vn -0.054572 -0.017146 0.971458
vn -0.145172 0.089714 0.958439
vn 0.060849 0.086573 0.967494
vn -0.054572 -0.017146 0.971458
vn 0.060849 0.086573 0.967494
vn 0.076980 0.261286 0.935396
vn 0.139099 0.222053 0.938236
vn 0.076980 0.261286 0.935396
vn 0.058630 0.334579 0.913810
vn 0.139099 0.222053 0.938236
vn 0.139099 0.222053 0.938236
vn 0.058630 0.334579 0.913810
vn 0.061981 0.309908 0.921992
vn 0.142645 0.289678 0.919656
vn 0.061981 0.309908 0.921992
vn 0.058630 0.334579 0.913810
vn 0.076980 0.261286 0.935396
vn -0.093532 0.280506 0.928506
vn 0.058630 0.334579 0.913810
vn -0.149499 0.211989 0.938936
vn -0.093532 0.280506 0.928506
vn -0.060661 0.210094 0.948970
vn -0.054111 0.134429 0.962573
vn -0.060661 0.210094 0.948970
vn 0.060849 0.086573 0.967494
vn -0.054111 0.134429 0.962573
vn 0.060849 0.086573 0.967494
vn -0.145172 0.089714 0.958439
vn -0.052764 0.226760 0.945705
vn -0.145172 0.089714 0.958439
vn -0.107102 0.255242 0.934128
vn -0.073088 0.323680 0.916597
vn -0.107102 0.255242 0.934128
vn -0.171327 0.264444 0.922258
vn -0.073088 0.323680 0.916597
vn -0.052764 0.226760 0.945705
vn -0.107102 0.255242 0.934128
vn -0.107102 0.255242 0.934128
vn -0.145172 0.089714 0.958439
vn -0.214409 0.114918 0.943070
vn -0.054111 0.134429 0.962573
vn -0.145172 0.089714 0.958439
vn -0.052764 0.226760 0.945705
vn -0.073088 0.323680 0.916597
vn -0.111996 0.374742 0.893628
vn -0.052764 0.226760 0.945705
vn -0.050261 0.557824 0.801750
vn -0.111996 0.374742 0.893628
vn -0.264222 0.438041 0.832449
vn -0.264222 0.438041 0.832449
vn -0.073088 0.323680 0.916597
vn -0.388572 0.133802 0.884670
vn -0.388572 0.133802 0.884670
vn -0.527028 0.103577 0.816238
vn -0.565942 0.208657 0.770100
vn -0.527028 0.103577 0.816238
vn -0.402270 0.036784 0.887775
vn -0.363794 0.049131 0.903214
vn -0.376410 0.303171 0.848497
vn -0.527028 0.103577 0.816238
vn -0.363794 0.049131 0.903214
vn -0.526058 0.306480 0.765886
vn -0.527028 0.103577 0.816238
vn -0.376410 0.303171 0.848497
vn -0.275105 0.800196 0.502533
vn -0.526058 0.306480 0.765886
vn -0.376410 0.303171 0.848497
vn -0.507836 0.452668 0.705215
vn -0.526058 0.306480 0.765886
vn -0.275105 0.800196 0.502533
vn -0.526058 0.306480 0.765886
vn -0.550352 0.313665 0.746202
vn -0.527028 0.103577 0.816238
vn -0.388572 0.133802 0.884670
vn -0.402270 0.036784 0.887775
vn -0.527028 0.103577 0.816238
vn -0.171327 0.264444 0.922258
vn -0.402270 0.036784 0.887775
vn -0.388572 0.133802 0.884670
vn -0.388572 0.133802 0.884670
vn -0.073088 0.323680 0.916597
vn -0.171327 0.264444 0.922258
vn -0.264222 0.438041 0.832449
vn -0.111996 0.374742 0.893628
vn -0.073088 0.323680 0.916597
vn -0.050261 0.557824 0.801750
vn -0.061803 0.525653 0.821788
vn -0.111996 0.374742 0.893628
vn -0.061803 0.525653 0.821788
vn -0.096931 0.323771 0.914412
vn -0.111996 0.374742 0.893628
vn -0.096931 0.323771 0.914412
vn -0.052764 0.226760 0.945705
vn -0.111996 0.374742 0.893628
vn -0.113689 0.149863 0.955283
vn -0.060661 0.210094 0.948970
vn -0.054111 0.134429 0.962573
vn -0.161156 0.176221 0.944213
vn -0.149499 0.211989 0.938936
vn -0.060661 0.210094 0.948970
vn -0.113689 0.149863 0.955283
vn -0.161156 0.176221 0.944213
vn -0.060661 0.210094 0.948970
vn -0.052764 0.226760 0.945705
vn -0.113689 0.149863 0.955283
vn -0.054111 0.134429 0.962573
vn -0.261421 0.162741 0.924522
vn -0.337730 0.229817 0.885848
vn -0.113689 0.149863 0.955283
vn -0.096931 0.323771 0.914412
vn -0.113689 0.149863 0.955283
vn -0.052764 0.226760 0.945705
vn -0.096931 0.323771 0.914412
vn -0.261421 0.162741 0.924522
vn -0.113689 0.149863 0.955283
vn -0.273216 0.297962 0.887814
vn -0.261421 0.162741 0.924522
vn -0.096931 0.323771 0.914412
vn -0.061343 0.509492 0.831630
vn -0.096931 0.323771 0.914412
vn -0.061803 0.525653 0.821788
vn -0.203344 0.467669 0.833459
vn -0.273216 0.297962 0.887814
vn -0.061343 0.509492 0.831630
vn -0.061343 0.509492 0.831630
vn -0.273216 0.297962 0.887814
vn -0.096931 0.323771 0.914412
vn -0.447764 0.293877 0.817377
vn -0.273216 0.297962 0.887814
vn -0.203344 0.467669 0.833459
vn -0.061343 0.509492 0.831630
vn -0.185665 0.538905 0.794880
vn -0.203344 0.467669 0.833459
vn -0.185665 0.538905 0.794880
vn -0.409567 0.393608 0.795929
vn -0.203344 0.467669 0.833459
vn -0.291108 0.439180 0.823088
vn -0.409567 0.393608 0.795929
vn -0.185665 0.538905 0.794880
vn -0.066536 0.628020 0.748504
vn -0.185665 0.538905 0.794880
vn -0.061803 0.525653 0.821788
vn 0.012674 0.748174 0.635697
vn -0.061803 0.525653 0.821788
vn -0.050261 0.557824 0.801750
vn 0.012674 0.748174 0.635697
vn -0.050261 0.557824 0.801750
vn -0.266554 0.852816 0.415599
vn -0.316567 0.881777 0.309267
vn -0.142713 0.935055 0.281963
vn -0.266554 0.852816 0.415599
vn -0.266554 0.852816 0.415599
vn 0.078985 0.836023 0.513109
vn 0.012674 0.748174 0.635697
vn 0.049680 0.729895 0.654260
vn -0.061803 0.525653 0.821788
vn 0.012674 0.748174 0.635697
vn -0.066536 0.628020 0.748504
vn -0.061803 0.525653 0.821788
vn 0.049680 0.729895 0.654260
vn -0.061343 0.509492 0.831630
vn -0.061803 0.525653 0.821788
vn -0.185665 0.538905 0.794880
vn -0.185665 0.538905 0.794880
vn -0.202569 0.535006 0.793415
vn -0.291108 0.439180 0.823088
vn -0.412912 0.327804 0.822706
vn -0.488016 0.271911 0.802186
vn -0.291108 0.439180 0.823088
vn -0.202569 0.535006 0.793415
vn -0.412912 0.327804 0.822706
vn -0.291108 0.439180 0.823088
vn -0.370420 0.496547 0.757881
vn -0.412912 0.327804 0.822706
vn -0.202569 0.535006 0.793415
vn -0.033220 0.795062 0.577101
vn -0.202569 0.535006 0.793415
vn -0.066536 0.628020 0.748504
vn 0.095202 0.873142 0.446127
vn -0.066536 0.628020 0.748504
vn 0.049680 0.729895 0.654260
vn 0.249593 0.919509 0.258175
vn 0.049680 0.729895 0.654260
vn 0.078985 0.836023 0.513109
vn 0.078318 0.982074 0.077253
vn 0.078985 0.836023 0.513109
vn -0.142713 0.935055 0.281963
vn -0.391173 0.907247 -0.009731
vn 0.078318 0.982074 0.077253
vn -0.142713 0.935055 0.281963
vn -0.316567 0.881777 0.309267
vn -0.391173 0.907247 -0.009731
vn -0.142713 0.935055 0.281963
vn -0.266554 0.852816 0.415599
vn -0.142713 0.935055 0.281963
vn 0.078985 0.836023 0.513109
vn 0.249593 0.919509 0.258175
vn 0.078985 0.836023 0.513109
vn 0.078318 0.982074 0.077253
vn -0.391173 0.907247 -0.009731
vn -0.152662 0.964645 -0.148834
vn 0.078318 0.982074 0.077253
vn 0.217456 0.955441 -0.126287
vn 0.078318 0.982074 0.077253
vn -0.152662 0.964645 -0.148834
vn -0.391173 0.907247 -0.009731
vn -0.323960 0.910458 -0.202998
vn -0.152662 0.964645 -0.148834
vn -0.323960 0.910458 -0.202998
vn -0.236523 0.904176 -0.316139
vn -0.152662 0.964645 -0.148834
vn -0.236523 0.904176 -0.316139
vn -0.215847 0.899016 -0.343607
vn -0.196765 0.842230 -0.470724
vn -0.196765 0.842230 -0.470724
vn -0.215847 0.899016 -0.343607
vn -0.087263 0.820689 -0.535322
vn 0.027632 0.916699 -0.362670
vn -0.087263 0.820689 -0.535322
vn -0.113657 0.914647 -0.351207
vn 0.027632 0.916699 -0.362670
vn 0.058325 0.818207 -0.542782
vn -0.087263 0.820689 -0.535322
vn -0.087263 0.820689 -0.535322
vn -0.215847 0.899016 -0.343607
vn -0.113657 0.914647 -0.351207
vn 0.046675 0.606353 -0.767055
vn -0.087263 0.820689 -0.535322
vn 0.058325 0.818207 -0.542782
vn 0.212715 0.889409 -0.368817
vn 0.208863 0.790127 -0.547043
vn 0.058325 0.818207 -0.542782
vn 0.630847 0.727019 -0.217447
vn 0.384834 0.741219 -0.519812
vn 0.427225 0.829515 -0.319783
vn 0.427225 0.829515 -0.319783
vn 0.673741 0.720924 -0.037268
vn 0.630847 0.727019 -0.217447
vn 0.491419 0.851761 -0.092850
vn 0.691537 0.696946 0.103469
vn 0.673741 0.720924 -0.037268
vn 0.535868 0.825365 0.084295
vn 0.691537 0.696946 0.103469
vn 0.491419 0.851761 -0.092850
vn 0.339137 0.928048 0.008058
vn 0.535868 0.825365 0.084295
vn 0.491419 0.851761 -0.092850
vn 0.411437 0.873206 0.207424
vn 0.569628 0.763324 0.257569
vn 0.535868 0.825365 0.084295
vn 0.630847 0.727019 -0.217447
vn 0.555733 0.635789 -0.504516
vn 0.384834 0.741219 -0.519812
vn -0.042532 0.621265 -0.755636
vn -0.087263 0.820689 -0.535322
vn 0.046675 0.606353 -0.767055
vn -0.063186 0.700558 -0.683561
vn -0.087263 0.820689 -0.535322
vn -0.042532 0.621265 -0.755636
vn -0.063186 0.700558 -0.683561
vn -0.196765 0.842230 -0.470724
vn -0.087263 0.820689 -0.535322
vn -0.162604 0.895446 -0.379317
vn -0.236523 0.904176 -0.316139
vn -0.196765 0.842230 -0.470724
vn -0.162604 0.895446 -0.379317
vn 0.011835 0.949849 -0.268614
vn -0.152662 0.964645 -0.148834
vn -0.162604 0.895446 -0.379317
vn -0.152662 0.964645 -0.148834
vn -0.236523 0.904176 -0.316139
vn 0.217456 0.955441 -0.126287
vn -0.152662 0.964645 -0.148834
vn 0.011835 0.949849 -0.268614
vn 0.313537 0.932075 -0.095186
vn 0.078318 0.982074 0.077253
vn 0.217456 0.955441 -0.126287
vn 0.169975 0.918720 -0.317120
vn 0.217456 0.955441 -0.126287
vn 0.011835 0.949849 -0.268614
vn 0.169975 0.918720 -0.317120
vn 0.278659 0.864224 -0.383812
vn 0.217456 0.955441 -0.126287
vn 0.169975 0.918720 -0.317120
vn 0.011835 0.949849 -0.268614
vn 0.048526 0.767356 -0.611386
vn 0.048526 0.767356 -0.611386
vn 0.011835 0.949849 -0.268614
vn -0.028866 0.771070 -0.608058
vn 0.011835 0.949849 -0.268614
vn -0.162604 0.895446 -0.379317
vn -0.028866 0.771070 -0.608058
vn -0.028866 0.771070 -0.608058
vn -0.162604 0.895446 -0.379317
vn -0.063186 0.700558 -0.683561
vn -0.162604 0.895446 -0.379317
vn -0.196765 0.842230 -0.470724
vn -0.063186 0.700558 -0.683561
vn -0.042570 0.544847 -0.810783
vn -0.063186 0.700558 -0.683561
vn -0.042532 0.621265 -0.755636
vn 0.055738 0.488660 -0.844040
vn -0.042532 0.621265 -0.755636
vn 0.046675 0.606353 -0.767055
vn 0.055738 0.488660 -0.844040
vn 0.046675 0.606353 -0.767055
vn 0.164645 0.591150 -0.762735
vn -0.042570 0.544847 -0.810783
vn -0.042532 0.621265 -0.755636
vn 0.055738 0.488660 -0.844040
vn 0.144205 0.329395 -0.906364
vn -0.042570 0.544847 -0.810783
vn 0.055738 0.488660 -0.844040
vn -0.002105 0.265693 -0.937270
vn -0.042570 0.544847 -0.810783
vn 0.144205 0.329395 -0.906364
vn -0.002105 0.265693 -0.937270
vn -0.017244 0.642063 -0.739585
vn -0.042570 0.544847 -0.810783
vn -0.017244 0.642063 -0.739585
vn -0.063186 0.700558 -0.683561
vn -0.042570 0.544847 -0.810783
vn -0.017244 0.642063 -0.739585
vn -0.028866 0.771070 -0.608058
vn -0.063186 0.700558 -0.683561
vn 0.024367 0.198313 -0.953001
vn -0.017244 0.642063 -0.739585
vn -0.002105 0.265693 -0.937270
vn 0.024367 0.198313 -0.953001
vn 0.093281 0.586318 -0.777940
vn -0.017244 0.642063 -0.739585
vn -0.017244 0.642063 -0.739585
vn 0.048526 0.767356 -0.611386
vn -0.028866 0.771070 -0.608058
vn 0.093281 0.586318 -0.777940
vn 0.048526 0.767356 -0.611386
vn -0.017244 0.642063 -0.739585
vn 0.048526 0.767356 -0.611386
vn 0.151639 0.722229 -0.647205
vn 0.169975 0.918720 -0.317120
vn 0.151639 0.722229 -0.647205
vn 0.278659 0.864224 -0.383812
vn 0.169975 0.918720 -0.317120
vn 0.278659 0.864224 -0.383812
vn 0.313537 0.932075 -0.095186
vn 0.217456 0.955441 -0.126287
vn 0.249593 0.919509 0.258175
vn 0.078318 0.982074 0.077253
vn 0.313537 0.932075 -0.095186
vn 0.284941 0.945047 -0.045918
vn 0.249593 0.919509 0.258175
vn 0.313537 0.932075 -0.095186
vn 0.284941 0.945047 -0.045918
vn 0.313537 0.932075 -0.095186
vn 0.278659 0.864224 -0.383812
vn 0.278659 0.864224 -0.383812
vn 0.263593 0.890799 -0.331736
vn 0.284941 0.945047 -0.045918
vn 0.179463 0.906708 0.344378
vn 0.249593 0.919509 0.258175
vn 0.284941 0.945047 -0.045918
vn 0.179463 0.906708 0.344378
vn 0.284941 0.945047 -0.045918
vn 0.095202 0.873142 0.446127
vn 0.095202 0.873142 0.446127
vn 0.049680 0.729895 0.654260
vn 0.179463 0.906708 0.344378
vn 0.179463 0.906708 0.344378
vn 0.049680 0.729895 0.654260
vn 0.249593 0.919509 0.258175
vn 0.012674 0.748174 0.635697
vn 0.078985 0.836023 0.513109
vn 0.049680 0.729895 0.654260
vn 0.284941 0.945047 -0.045918
vn 0.126878 0.969562 0.141227
vn 0.095202 0.873142 0.446127
vn 0.284941 0.945047 -0.045918
vn 0.263593 0.890799 -0.331736
vn 0.126878 0.969562 0.141227
vn 0.119064 0.927913 -0.313730
vn 0.126878 0.969562 0.141227
vn 0.263593 0.890799 -0.331736
vn 0.219451 0.670424 -0.681418
vn 0.263593 0.890799 -0.331736
vn 0.278659 0.864224 -0.383812
vn 0.278659 0.864224 -0.383812
vn 0.151639 0.722229 -0.647205
vn 0.219451 0.670424 -0.681418
vn 0.093281 0.586318 -0.777940
vn 0.219451 0.670424 -0.681418
vn 0.151639 0.722229 -0.647205
vn 0.093281 0.586318 -0.777940
vn 0.151639 0.722229 -0.647205
vn 0.048526 0.767356 -0.611386
vn 0.104842 0.480137 -0.844237
vn 0.219451 0.670424 -0.681418
vn 0.093281 0.586318 -0.777940
vn 0.024367 0.198313 -0.953001
vn 0.104842 0.480137 -0.844237
vn 0.093281 0.586318 -0.777940
vn 0.014054 0.154882 -0.960972
vn 0.104842 0.480137 -0.844237
vn 0.024367 0.198313 -0.953001
vn 0.104842 0.480137 -0.844237
vn 0.100972 0.629117 -0.743847
vn 0.219451 0.670424 -0.681418
vn 0.219451 0.670424 -0.681418
vn 0.100972 0.629117 -0.743847
vn 0.263593 0.890799 -0.331736
vn 0.123705 0.845165 -0.489451
vn 0.119064 0.927913 -0.313730
vn 0.263593 0.890799 -0.331736
vn 0.100972 0.629117 -0.743847
vn 0.123705 0.845165 -0.489451
vn 0.263593 0.890799 -0.331736
vn 0.123705 0.845165 -0.489451
vn -0.076402 0.925675 -0.332509
vn 0.119064 0.927913 -0.313730
vn -0.033220 0.795062 0.577101
vn -0.066536 0.628020 0.748504
vn 0.095202 0.873142 0.446127
vn -0.153762 0.752633 0.612187
vn -0.202569 0.535006 0.793415
vn -0.033220 0.795062 0.577101
vn -0.153762 0.752633 0.612187
vn -0.370420 0.496547 0.757881
vn -0.202569 0.535006 0.793415
vn -0.185665 0.538905 0.794880
vn -0.066536 0.628020 0.748504
vn -0.202569 0.535006 0.793415
vn -0.357059 0.638681 0.653775
vn -0.370420 0.496547 0.757881
vn -0.153762 0.752633 0.612187
vn -0.153762 0.752633 0.612187
vn -0.395604 0.898418 0.110264
vn -0.357059 0.638681 0.653775
vn -0.370420 0.496547 0.757881
vn -0.357059 0.638681 0.653775
vn -0.498002 0.498295 0.681829
vn -0.564511 0.349587 0.719972
vn -0.370420 0.496547 0.757881
vn -0.498002 0.498295 0.681829
vn -0.680442 0.666749 0.255809
vn -0.498002 0.498295 0.681829
vn -0.637123 0.730308 0.186797
vn -0.498002 0.498295 0.681829
vn -0.357059 0.638681 0.653775
vn -0.637123 0.730308 0.186797
vn -0.357059 0.638681 0.653775
vn -0.395604 0.898418 0.110264
vn -0.637123 0.730308 0.186797
vn -0.564511 0.349587 0.719972
vn -0.680442 0.666749 0.255809
vn -0.567995 0.676896 0.434532
vn -0.543391 0.625512 0.529435
vn -0.564511 0.349587 0.719972
vn -0.567995 0.676896 0.434532
vn -0.543391 0.625512 0.529435
vn -0.567995 0.676896 0.434532
vn -0.460352 0.715760 0.494022
vn -0.179076 0.605468 0.748551
vn -0.543391 0.625512 0.529435
vn -0.460352 0.715760 0.494022
vn -0.284032 0.758161 0.557838
vn -0.179076 0.605468 0.748551
vn -0.460352 0.715760 0.494022
vn -0.460352 0.715760 0.494022
vn -0.567995 0.676896 0.434532
vn -0.320349 0.885490 0.294860
vn -0.567995 0.676896 0.434532
vn -0.458484 0.870567 -0.087538
vn -0.320349 0.885490 0.294860
vn -0.320349 0.885490 0.294860
vn -0.458484 0.870567 -0.087538
vn -0.378901 0.912254 0.021466
vn -0.284032 0.758161 0.557838
vn -0.320349 0.885490 0.294860
vn -0.378901 0.912254 0.021466
vn -0.378901 0.912254 0.021466
vn -0.458484 0.870567 -0.087538
vn -0.258088 0.740207 -0.592409
vn -0.389092 0.642692 -0.631807
vn -0.378901 0.912254 0.021466
vn -0.258088 0.740207 -0.592409
vn -0.225413 0.811544 0.508929
vn -0.284032 0.758161 0.557838
vn -0.378901 0.912254 0.021466
vn -0.453421 0.862563 -0.160012
vn -0.225413 0.811544 0.508929
vn -0.378901 0.912254 0.021466
vn -0.453421 0.862563 -0.160012
vn -0.378901 0.912254 0.021466
vn -0.389092 0.642692 -0.631807
vn -0.532979 0.342063 -0.746376
vn -0.587541 0.440379 -0.650396
vn -0.440435 0.509582 -0.711638
vn -0.587541 0.440379 -0.650396
vn -0.559852 0.763240 -0.277866
vn -0.440435 0.509582 -0.711638
vn -0.559852 0.763240 -0.277866
vn -0.389092 0.642692 -0.631807
vn -0.440435 0.509582 -0.711638
vn -0.350938 0.513700 -0.755817
vn -0.402911 0.363681 -0.812856
vn -0.440435 0.509582 -0.711638
vn -0.389092 0.642692 -0.631807
vn -0.350938 0.513700 -0.755817
vn -0.440435 0.509582 -0.711638
vn -0.532979 0.342063 -0.746376
vn -0.440435 0.509582 -0.711638
vn -0.402911 0.363681 -0.812856
vn -0.350938 0.513700 -0.755817
vn -0.260127 0.280312 -0.897162
vn -0.402911 0.363681 -0.812856
vn -0.332534 0.217473 -0.890769
vn -0.402911 0.363681 -0.812856
vn -0.260127 0.280312 -0.897162
vn -0.260127 0.280312 -0.897162
vn -0.350938 0.513700 -0.755817
vn -0.203866 0.430022 -0.852765
vn -0.258088 0.740207 -0.592409
vn -0.117876 0.369667 -0.894941
vn -0.203866 0.430022 -0.852765
vn -0.203866 0.430022 -0.852765
vn -0.389092 0.642692 -0.631807
vn -0.258088 0.740207 -0.592409
vn -0.350938 0.513700 -0.755817
vn -0.389092 0.642692 -0.631807
vn -0.203866 0.430022 -0.852765
vn -0.136806 0.206343 -0.942034
vn -0.203866 0.430022 -0.852765
vn -0.117876 0.369667 -0.894941
vn -0.117876 0.369667 -0.894941
vn -0.258088 0.740207 -0.592409
vn -0.258709 0.661022 -0.676904
vn -0.193524 0.613217 -0.738875
vn -0.094320 0.349511 -0.905447
vn -0.258709 0.661022 -0.676904
vn -0.342258 0.818662 -0.428040
vn -0.193524 0.613217 -0.738875
vn -0.258709 0.661022 -0.676904
vn -0.258709 0.661022 -0.676904
vn -0.509396 0.798329 -0.276742
vn -0.342258 0.818662 -0.428040
vn -0.081697 0.840064 -0.506253
vn -0.193524 0.613217 -0.738875
vn -0.200477 0.880980 -0.394225
vn -0.081697 0.840064 -0.506253
vn -0.076402 0.925675 -0.332509
vn 0.123705 0.845165 -0.489451
vn 0.123705 0.845165 -0.489451
vn -0.074950 0.628962 -0.746961
vn -0.081697 0.840064 -0.506253
vn -0.081697 0.840064 -0.506253
vn -0.200477 0.880980 -0.394225
vn -0.076402 0.925675 -0.332509
vn -0.017884 0.978626 0.134829
vn 0.126878 0.969562 0.141227
vn -0.076402 0.925675 -0.332509
vn -0.076402 0.925675 -0.332509
vn 0.126878 0.969562 0.141227
vn 0.119064 0.927913 -0.313730
vn -0.017884 0.978626 0.134829
vn -0.033220 0.795062 0.577101
vn 0.126878 0.969562 0.141227
vn -0.017884 0.978626 0.134829
vn -0.153762 0.752633 0.612187
vn -0.033220 0.795062 0.577101
vn 0.095202 0.873142 0.446127
vn 0.126878 0.969562 0.141227
vn -0.033220 0.795062 0.577101
vn -0.161897 0.968719 0.108116
vn -0.153762 0.752633 0.612187
vn -0.017884 0.978626 0.134829
vn -0.161897 0.968719 0.108116
vn -0.017884 0.978626 0.134829
vn -0.200477 0.880980 -0.394225
vn -0.200477 0.880980 -0.394225
vn -0.017884 0.978626 0.134829
vn -0.076402 0.925675 -0.332509
vn -0.395604 0.898418 0.110264
vn -0.161897 0.968719 0.108116
vn -0.200477 0.880980 -0.394225
vn -0.366219 0.916391 -0.048181
vn -0.395604 0.898418 0.110264
vn -0.200477 0.880980 -0.394225
vn -0.366219 0.916391 -0.048181
vn -0.200477 0.880980 -0.394225
vn -0.342258 0.818662 -0.428040
vn -0.509396 0.798329 -0.276742
vn -0.637123 0.730308 0.186797
vn -0.342258 0.818662 -0.428040
vn -0.342258 0.818662 -0.428040
vn -0.637123 0.730308 0.186797
vn -0.366219 0.916391 -0.048181
vn -0.637123 0.730308 0.186797
vn -0.395604 0.898418 0.110264
vn -0.366219 0.916391 -0.048181
vn -0.161897 0.968719 0.108116
vn -0.395604 0.898418 0.110264
vn -0.153762 0.752633 0.612187
vn -0.081697 0.840064 -0.506253
vn -0.074950 0.628962 -0.746961
vn -0.193524 0.613217 -0.738875
vn -0.342258 0.818662 -0.428040
vn -0.200477 0.880980 -0.394225
vn -0.193524 0.613217 -0.738875
vn -0.055393 0.505837 -0.834195
vn -0.193524 0.613217 -0.738875
vn -0.074950 0.628962 -0.746961
vn 0.123705 0.845165 -0.489451
vn 0.100972 0.629117 -0.743847
vn -0.074950 0.628962 -0.746961
vn 0.023728 0.326062 -0.918314
vn 0.100972 0.629117 -0.743847
vn 0.104842 0.480137 -0.844237
vn 0.104842 0.480137 -0.844237
vn 0.014054 0.154882 -0.960972
vn 0.023728 0.326062 -0.918314
vn 0.023728 0.326062 -0.918314
vn 0.014054 0.154882 -0.960972
vn -0.025689 0.137562 -0.963290
vn -0.025689 0.137562 -0.963290
vn -0.094320 0.349511 -0.905447
vn 0.023728 0.326062 -0.918314
vn 0.023728 0.326062 -0.918314
vn -0.055393 0.505837 -0.834195
vn 0.100972 0.629117 -0.743847
vn -0.055393 0.505837 -0.834195
vn -0.074950 0.628962 -0.746961
vn 0.100972 0.629117 -0.743847
vn -0.094320 0.349511 -0.905447
vn -0.193524 0.613217 -0.738875
vn -0.055393 0.505837 -0.834195
vn -0.094320 0.349511 -0.905447
vn -0.055393 0.505837 -0.834195
vn 0.023728 0.326062 -0.918314
vn -0.117876 0.369667 -0.894941
vn -0.094320 0.349511 -0.905447
vn -0.025689 0.137562 -0.963290
vn -0.025689 0.137562 -0.963290
vn -0.030740 0.094230 -0.968187
vn -0.117876 0.369667 -0.894941
vn -0.117876 0.369667 -0.894941
vn -0.258709 0.661022 -0.676904
vn -0.094320 0.349511 -0.905447
vn -0.258088 0.740207 -0.592409
vn -0.458484 0.870567 -0.087538
vn -0.258709 0.661022 -0.676904
vn -0.458484 0.870567 -0.087538
vn -0.509396 0.798329 -0.276742
vn -0.258709 0.661022 -0.676904
vn -0.680442 0.666749 0.255809
vn -0.637123 0.730308 0.186797
vn -0.509396 0.798329 -0.276742
vn -0.509396 0.798329 -0.276742
vn -0.567995 0.676896 0.434532
vn -0.680442 0.666749 0.255809
vn -0.498002 0.498295 0.681829
vn -0.680442 0.666749 0.255809
vn -0.564511 0.349587 0.719972
vn -0.481460 0.279428 0.803535
vn -0.564511 0.349587 0.719972
vn -0.382235 0.449776 0.780152
vn -0.227862 0.398587 0.861614
vn -0.481460 0.279428 0.803535
vn -0.382235 0.449776 0.780152
vn -0.564511 0.349587 0.719972
vn -0.481460 0.279428 0.803535
vn -0.412912 0.327804 0.822706
vn -0.564511 0.349587 0.719972
vn -0.412912 0.327804 0.822706
vn -0.370420 0.496547 0.757881
vn -0.488016 0.271911 0.802186
vn -0.409567 0.393608 0.795929
vn -0.291108 0.439180 0.823088
vn -0.203344 0.467669 0.833459
vn -0.409567 0.393608 0.795929
vn -0.447764 0.293877 0.817377
vn -0.426653 0.384115 0.791680
vn -0.337730 0.229817 0.885848
vn -0.447764 0.293877 0.817377
vn -0.447764 0.293877 0.817377
vn -0.337730 0.229817 0.885848
vn -0.273216 0.297962 0.887814
vn -0.273216 0.297962 0.887814
vn -0.337730 0.229817 0.885848
vn -0.261421 0.162741 0.924522
vn -0.113689 0.149863 0.955283
vn -0.337730 0.229817 0.885848
vn -0.161156 0.176221 0.944213
vn -0.237780 0.370038 0.871297
vn -0.057743 0.326826 0.916581
vn -0.161156 0.176221 0.944213
vn -0.337730 0.229817 0.885848
vn -0.237780 0.370038 0.871297
vn -0.161156 0.176221 0.944213
vn -0.057743 0.326826 0.916581
vn -0.106799 0.151695 0.955776
vn -0.161156 0.176221 0.944213
vn -0.161156 0.176221 0.944213
vn -0.106799 0.151695 0.955776
vn -0.149499 0.211989 0.938936
vn -0.106799 0.151695 0.955776
vn -0.177432 0.243327 0.926760
vn -0.149499 0.211989 0.938936
vn -0.149499 0.211989 0.938936
vn -0.177432 0.243327 0.926760
vn -0.093532 0.280506 0.928506
vn -0.177432 0.243327 0.926760
vn -0.217616 0.341280 0.887651
vn -0.093532 0.280506 0.928506
vn -0.177432 0.243327 0.926760
vn -0.212648 0.427839 0.851742
vn -0.217616 0.341280 0.887651
vn -0.177432 0.243327 0.926760
vn -0.018429 0.416254 0.882391
vn -0.212648 0.427839 0.851742
vn -0.212648 0.427839 0.851742
vn -0.048234 0.457312 0.861342
vn -0.264562 0.407655 0.847176
vn -0.264562 0.407655 0.847176
vn -0.265180 0.381563 0.858692
vn -0.212648 0.427839 0.851742
vn -0.212648 0.427839 0.851742
vn -0.202923 0.378938 0.876153
vn -0.217616 0.341280 0.887651
vn -0.120005 0.259091 0.931571
vn -0.202923 0.378938 0.876153
vn -0.265180 0.381563 0.858692
vn -0.212648 0.427839 0.851742
vn -0.265180 0.381563 0.858692
vn -0.202923 0.378938 0.876153
vn -0.264562 0.407655 0.847176
vn -0.241124 0.317968 0.890128
vn -0.265180 0.381563 0.858692
vn -0.265180 0.381563 0.858692
vn -0.241124 0.317968 0.890128
vn -0.247884 0.257673 0.907061
vn -0.241124 0.317968 0.890128
vn -0.154151 0.233391 0.933267
vn -0.247884 0.257673 0.907061
vn -0.241124 0.317968 0.890128
vn -0.137375 0.293556 0.919245
vn -0.154151 0.233391 0.933267
vn -0.117328 0.177584 0.950235
vn -0.154151 0.233391 0.933267
vn -0.211771 0.175173 0.934628
vn -0.137375 0.293556 0.919245
vn -0.211771 0.175173 0.934628
vn -0.154151 0.233391 0.933267
vn -0.126921 0.201515 0.944390
vn -0.298881 0.167810 0.912521
vn -0.211771 0.175173 0.934628
vn -0.298881 0.167810 0.912521
vn -0.228632 0.219915 0.921503
vn -0.185249 0.153418 0.943772
vn -0.211771 0.175173 0.934628
vn -0.185249 0.153418 0.943772
vn -0.117328 0.177584 0.950235
vn -0.247884 0.257673 0.907061
vn -0.135627 0.181848 0.947079
vn -0.120005 0.259091 0.931571
vn -0.256267 0.269586 0.901420
vn -0.320058 0.364522 0.847600
vn -0.244895 0.354571 0.875603
vn -0.256267 0.269586 0.901420
vn -0.275537 0.276118 0.893941
vn -0.320058 0.364522 0.847600
vn -0.341615 0.319755 0.856880
vn -0.320058 0.364522 0.847600
vn -0.275537 0.276118 0.893941
vn -0.275537 0.276118 0.893941
vn -0.249671 0.241002 0.911018
vn -0.341615 0.319755 0.856880
vn -0.249671 0.241002 0.911018
vn -0.370099 0.230405 0.873024
vn -0.341615 0.319755 0.856880
vn -0.370099 0.230405 0.873024
vn -0.428388 0.355511 0.803631
vn -0.341615 0.319755 0.856880
vn -0.311949 0.459908 0.804474
vn -0.320058 0.364522 0.847600
vn -0.382784 0.406278 0.802700
vn -0.447726 0.440505 0.750833
vn -0.311949 0.459908 0.804474
vn -0.382784 0.406278 0.802700
vn -0.258994 0.490855 0.805031
vn -0.311949 0.459908 0.804474
vn -0.447726 0.440505 0.750833
vn -0.258994 0.490855 0.805031
vn -0.215085 0.460589 0.834413
vn -0.311949 0.459908 0.804474
vn -0.447726 0.440505 0.750833
vn -0.427537 0.438063 0.763560
vn -0.258994 0.490855 0.805031
vn -0.341615 0.319755 0.856880
vn -0.428388 0.355511 0.803631
vn -0.382784 0.406278 0.802700
vn -0.320058 0.364522 0.847600
vn -0.341615 0.319755 0.856880
vn -0.382784 0.406278 0.802700
vn -0.428388 0.355511 0.803631
vn -0.480788 0.342763 0.779805
vn -0.382784 0.406278 0.802700
vn -0.559188 0.306005 0.742886
vn -0.491050 0.358282 0.766711
vn -0.480788 0.342763 0.779805
vn -0.480788 0.342763 0.779805
vn -0.491050 0.358282 0.766711
vn -0.447726 0.440505 0.750833
vn -0.480788 0.342763 0.779805
vn -0.447726 0.440505 0.750833
vn -0.382784 0.406278 0.802700
vn -0.766105 0.179739 0.586946
vn -0.709935 0.157900 0.657516
vn -0.791933 0.065739 0.576610
vn -0.808754 -0.011312 0.557086
vn -0.852924 0.011888 0.488789
vn -0.791933 0.065739 0.576610
vn -0.491050 0.358282 0.766711
vn -0.427537 0.438063 0.763560
vn -0.447726 0.440505 0.750833
vn -0.615066 0.335078 0.685540
vn -0.559188 0.306005 0.742886
vn -0.666704 0.235079 0.678848
vn -0.814605 0.138189 0.531709
vn -0.861037 0.127126 0.458099
vn -0.806001 0.177036 0.533302
vn -0.729004 0.244853 0.609654
vn -0.814605 0.138189 0.531709
vn -0.806001 0.177036 0.533302
vn -0.786646 0.078448 0.582086
vn -0.795911 0.124327 0.561727
vn -0.879975 0.050204 0.437031
vn -0.811564 0.099979 0.544379
vn -0.786646 0.078448 0.582086
vn -0.879975 0.050204 0.437031
vn -0.811564 0.099979 0.544379
vn -0.879975 0.050204 0.437031
vn -0.847448 0.053956 0.495268
vn -0.928172 0.173602 0.281825
vn -0.942653 0.219689 0.188400
vn -0.903199 0.277129 0.280519
vn -0.898308 0.344640 0.215807
vn -0.903199 0.277129 0.280519
vn -0.942653 0.219689 0.188400
vn -0.867167 0.251159 0.392506
vn -0.897276 0.146998 0.377587
vn -0.928172 0.173602 0.281825
vn -0.867167 0.251159 0.392506
vn -0.928172 0.173602 0.281825
vn -0.903199 0.277129 0.280519
vn -0.864944 0.396168 0.258478
vn -0.898308 0.344640 0.215807
vn -0.871359 0.453757 0.092320
vn -0.870437 0.454426 0.097444
vn -0.864944 0.396168 0.258478
vn -0.871359 0.453757 0.092320
vn -0.864368 0.335680 0.332706
vn -0.864944 0.396168 0.258478
vn -0.876375 0.399539 0.211756
vn -0.864368 0.335680 0.332706
vn -0.845534 0.323250 0.387259
vn -0.864944 0.396168 0.258478
vn -0.845534 0.323250 0.387259
vn -0.836614 0.165793 0.489099
vn -0.867167 0.251159 0.392506
vn -0.867167 0.251159 0.392506
vn -0.903199 0.277129 0.280519
vn -0.845534 0.323250 0.387259
vn -0.845534 0.323250 0.387259
vn -0.903199 0.277129 0.280519
vn -0.864944 0.396168 0.258478
vn -0.836614 0.165793 0.489099
vn -0.897276 0.146998 0.377587
vn -0.867167 0.251159 0.392506
vn -0.864944 0.396168 0.258478
vn -0.903199 0.277129 0.280519
vn -0.898308 0.344640 0.215807
vn -0.847448 0.053956 0.495268
vn -0.897276 0.146998 0.377587
vn -0.836614 0.165793 0.489099
vn -0.897276 0.146998 0.377587
vn -0.896286 -0.013550 0.406287
vn -0.937594 0.074697 0.293476
vn -0.897276 0.146998 0.377587
vn -0.937594 0.074697 0.293476
vn -0.928172 0.173602 0.281825
vn -0.970053 0.153002 0.092691
vn -0.951793 0.258665 0.023913
vn -0.942653 0.219689 0.188400
vn -0.970053 0.153002 0.092691
vn -0.976526 -0.036699 0.133118
vn -0.985663 0.033662 0.021981
vn -0.985663 0.033662 0.021981
vn -0.976526 -0.036699 0.133118
vn -0.985880 -0.026050 0.022510
vn -0.976526 -0.036699 0.133118
vn -0.978400 -0.058520 0.110190
vn -0.985880 -0.026050 0.022510
vn -0.975759 -0.145086 0.008765
vn -0.973625 -0.138708 0.076678
vn -0.959875 -0.172365 0.146965
vn -0.975759 -0.145086 0.008765
vn -0.959875 -0.172365 0.146965
vn -0.964432 -0.207808 -0.001803
vn -0.965732 -0.168249 -0.109470
vn -0.964432 -0.207808 -0.001803
vn -0.928503 -0.295332 -0.153267
vn -0.928503 -0.295332 -0.153267
vn -0.964432 -0.207808 -0.001803
vn -0.946125 -0.276970 -0.039162
vn -0.946125 -0.276970 -0.039162
vn -0.964432 -0.207808 -0.001803
vn -0.947835 -0.229801 0.146817
vn -0.964432 -0.207808 -0.001803
vn -0.959875 -0.172365 0.146965
vn -0.947835 -0.229801 0.146817
vn -0.946125 -0.276970 -0.039162
vn -0.947835 -0.229801 0.146817
vn -0.935772 -0.291379 0.112036
vn -0.911005 -0.281773 0.249790
vn -0.947835 -0.229801 0.146817
vn -0.919652 -0.203352 0.289609
vn -0.850554 -0.325751 0.374314
vn -0.873169 -0.401092 0.221571
vn -0.867081 -0.301016 0.357096
vn -0.894757 -0.245903 0.330596
vn -0.885223 -0.268423 0.338494
vn -0.887075 -0.290988 0.314877
vn -0.894757 -0.245903 0.330596
vn -0.887075 -0.290988 0.314877
vn -0.833361 -0.407020 0.332493
vn -0.783160 -0.522505 0.292320
vn -0.705703 -0.674871 0.144232
vn -0.691368 -0.662661 0.236900
vn -0.541796 -0.819713 0.099517
vn -0.518140 -0.814096 0.207842
vn -0.691368 -0.662661 0.236900
vn -0.638357 -0.699279 0.276340
vn -0.518140 -0.814096 0.207842
vn -0.489303 -0.822525 0.241025
vn -0.259306 -0.929728 0.208626
vn -0.379401 -0.883548 0.223751
vn -0.136380 -0.964750 0.162894
vn 0.006065 -0.975121 0.158406
vn -0.259306 -0.929728 0.208626
vn -0.136380 -0.964750 0.162894
vn 0.006065 -0.975121 0.158406
vn -0.136380 -0.964750 0.162894
vn 0.045020 -0.975900 0.147251
vn -0.379401 -0.883548 0.223751
vn -0.489303 -0.822525 0.241025
vn -0.354282 -0.906442 0.168139
vn -0.379401 -0.883548 0.223751
vn -0.354282 -0.906442 0.168139
vn -0.209599 -0.957019 0.127622
vn -0.209599 -0.957019 0.127622
vn -0.066295 -0.984549 0.054230
vn -0.082353 -0.974240 0.142109
vn 0.075817 -0.978195 0.117110
vn -0.066295 -0.984549 0.054230
vn 0.062241 -0.986080 0.022884
vn 0.358774 -0.919956 0.035024
vn 0.206743 -0.965977 0.027312
vn 0.340695 -0.926647 -0.039425
vn 0.548685 -0.821155 -0.017312
vn 0.358774 -0.919956 0.035024
vn 0.340695 -0.926647 -0.039425
vn 0.650635 -0.741567 0.043559
vn 0.573472 -0.801505 0.064390
vn 0.548685 -0.821155 -0.017312
vn 0.665138 -0.728729 -0.040351
vn 0.629959 -0.733333 -0.198579
vn 0.699892 -0.693170 -0.066947
vn 0.748412 -0.642821 -0.036245
vn 0.699892 -0.693170 -0.066947
vn 0.672383 -0.702199 -0.170299
vn 0.699892 -0.693170 -0.066947
vn 0.629959 -0.733333 -0.198579
vn 0.672383 -0.702199 -0.170299
vn 0.665138 -0.728729 -0.040351
vn 0.586490 -0.782709 -0.135345
vn 0.629959 -0.733333 -0.198579
vn 0.629959 -0.733333 -0.198579
vn 0.586490 -0.782709 -0.135345
vn 0.567245 -0.775731 -0.224647
vn 0.567245 -0.775731 -0.224647
vn 0.464618 -0.792552 -0.357680
vn 0.542666 -0.752610 -0.333567
vn 0.629959 -0.733333 -0.198579
vn 0.567245 -0.775731 -0.224647
vn 0.542666 -0.752610 -0.333567
vn 0.369469 -0.670351 -0.615189
vn 0.298705 -0.678360 -0.643424
vn 0.222104 -0.557385 -0.773134
vn 0.135554 -0.569090 -0.784267
vn 0.222104 -0.557385 -0.773134
vn 0.298705 -0.678360 -0.643424
vn 0.135554 -0.569090 -0.784267
vn 0.298705 -0.678360 -0.643424
vn 0.177582 -0.685548 -0.678693
vn 0.177582 -0.685548 -0.678693
vn 0.351075 -0.765304 -0.509121
vn 0.213631 -0.791122 -0.543849
vn 0.213631 -0.791122 -0.543849
vn 0.148886 -0.874621 -0.428688
vn 0.044135 -0.802495 -0.566315
vn 0.213631 -0.791122 -0.543849
vn 0.044135 -0.802495 -0.566315
vn 0.105906 -0.688492 -0.690271
vn 0.177582 -0.685548 -0.678693
vn 0.213631 -0.791122 -0.543849
vn 0.105906 -0.688492 -0.690271
vn 0.148886 -0.874621 -0.428688
vn -0.034364 -0.880444 -0.440781
vn 0.044135 -0.802495 -0.566315
vn -0.034364 -0.880444 -0.440781
vn -0.115423 -0.786470 -0.578212
vn 0.044135 -0.802495 -0.566315
vn -0.034364 -0.880444 -0.440781
vn -0.204762 -0.854809 -0.444705
vn -0.115423 -0.786470 -0.578212
vn -0.384434 -0.895243 -0.161731
vn -0.293316 -0.912293 -0.237426
vn -0.297339 -0.935633 -0.110664
vn -0.477351 -0.860707 -0.083855
vn -0.384434 -0.895243 -0.161731
vn -0.297339 -0.935633 -0.110664
vn -0.648321 -0.741658 0.068493
vn -0.626221 -0.763055 0.029793
vn -0.512562 -0.844440 0.002127
vn -0.648321 -0.741658 0.068493
vn -0.512562 -0.844440 0.002127
vn -0.541796 -0.819713 0.099517
vn -0.541796 -0.819713 0.099517
vn -0.459283 -0.859146 0.161554
vn -0.518140 -0.814096 0.207842
vn -0.638357 -0.699279 0.276340
vn -0.691368 -0.662661 0.236900
vn -0.518140 -0.814096 0.207842
vn -0.354282 -0.906442 0.168139
vn -0.489303 -0.822525 0.241025
vn -0.518140 -0.814096 0.207842
vn -0.459283 -0.859146 0.161554
vn -0.354282 -0.906442 0.168139
vn -0.518140 -0.814096 0.207842
vn -0.354282 -0.906442 0.168139
vn -0.313786 -0.930791 0.105961
vn -0.209599 -0.957019 0.127622
vn -0.066295 -0.984549 0.054230
vn -0.209599 -0.957019 0.127622
vn -0.188010 -0.968572 0.055443
vn 0.650635 -0.741567 0.043559
vn 0.549216 -0.819243 -0.052675
vn 0.665138 -0.728729 -0.040351
vn 0.586490 -0.782709 -0.135345
vn 0.512059 -0.828759 -0.161062
vn 0.567245 -0.775731 -0.224647
vn 0.512059 -0.828759 -0.161062
vn 0.416387 -0.852543 -0.271307
vn 0.567245 -0.775731 -0.224647
vn 0.464618 -0.792552 -0.357680
vn 0.567245 -0.775731 -0.224647
vn 0.416387 -0.852543 -0.271307
vn 0.416387 -0.852543 -0.271307
vn 0.362709 -0.894092 -0.209637
vn 0.257815 -0.900853 -0.309060
vn 0.362709 -0.894092 -0.209637
vn 0.269919 -0.922481 -0.225992
vn 0.257815 -0.900853 -0.309060
vn 0.257815 -0.900853 -0.309060
vn 0.269919 -0.922481 -0.225992
vn 0.158014 -0.921106 -0.316427
vn 0.148886 -0.874621 -0.428688
vn 0.257815 -0.900853 -0.309060
vn 0.158014 -0.921106 -0.316427
vn 0.063868 -0.954928 -0.242779
vn -0.030509 -0.931274 -0.324433
vn 0.158014 -0.921106 -0.316427
vn -0.030509 -0.931274 -0.324433
vn -0.117332 -0.950551 -0.240001
vn -0.205817 -0.907441 -0.327758
vn -0.117332 -0.950551 -0.240001
vn -0.206035 -0.950878 -0.170551
vn -0.205817 -0.907441 -0.327758
vn -0.033520 -0.969212 -0.187544
vn -0.117332 -0.950551 -0.240001
vn -0.030509 -0.931274 -0.324433
vn 0.063868 -0.954928 -0.242779
vn -0.033520 -0.969212 -0.187544
vn -0.030509 -0.931274 -0.324433
vn 0.172386 -0.955711 -0.180402
vn 0.063868 -0.954928 -0.242779
vn 0.158014 -0.921106 -0.316427
vn 0.269919 -0.922481 -0.225992
vn 0.172386 -0.955711 -0.180402
vn 0.158014 -0.921106 -0.316427
vn 0.396072 -0.899471 -0.099813
vn 0.297949 -0.934324 -0.119447
vn 0.269919 -0.922481 -0.225992
vn 0.396072 -0.899471 -0.099813
vn 0.269919 -0.922481 -0.225992
vn 0.362709 -0.894092 -0.209637
vn 0.512059 -0.828759 -0.161062
vn 0.362709 -0.894092 -0.209637
vn 0.416387 -0.852543 -0.271307
vn 0.512059 -0.828759 -0.161062
vn 0.396072 -0.899471 -0.099813
vn 0.362709 -0.894092 -0.209637
vn 0.650635 -0.741567 0.043559
vn 0.548685 -0.821155 -0.017312
vn 0.549216 -0.819243 -0.052675
vn 0.665138 -0.728729 -0.040351
vn 0.549216 -0.819243 -0.052675
vn 0.586490 -0.782709 -0.135345
vn 0.549216 -0.819243 -0.052675
vn 0.396072 -0.899471 -0.099813
vn 0.512059 -0.828759 -0.161062
vn 0.396072 -0.899471 -0.099813
vn 0.549216 -0.819243 -0.052675
vn 0.548685 -0.821155 -0.017312
vn 0.548685 -0.821155 -0.017312
vn 0.326463 -0.929588 -0.074162
vn 0.396072 -0.899471 -0.099813
vn 0.396072 -0.899471 -0.099813
vn 0.326463 -0.929588 -0.074162
vn 0.297949 -0.934324 -0.119447
vn 0.297949 -0.934324 -0.119447
vn 0.172386 -0.955711 -0.180402
vn 0.269919 -0.922481 -0.225992
vn 0.172386 -0.955711 -0.180402
vn 0.068613 -0.974702 -0.146084
vn 0.063868 -0.954928 -0.242779
vn 0.068613 -0.974702 -0.146084
vn -0.033520 -0.969212 -0.187544
vn 0.063868 -0.954928 -0.242779
vn -0.033520 -0.969212 -0.187544
vn -0.206035 -0.950878 -0.170551
vn -0.117332 -0.950551 -0.240001
vn -0.205817 -0.907441 -0.327758
vn -0.206035 -0.950878 -0.170551
vn -0.293316 -0.912293 -0.237426
vn -0.206035 -0.950878 -0.170551
vn -0.297339 -0.935633 -0.110664
vn -0.293316 -0.912293 -0.237426
vn -0.648321 -0.741658 0.068493
vn -0.541796 -0.819713 0.099517
vn -0.705703 -0.674871 0.144232
vn -0.783160 -0.522505 0.292320
vn -0.794852 -0.550702 0.195352
vn -0.705703 -0.674871 0.144232
vn -0.691368 -0.662661 0.236900
vn -0.705703 -0.674871 0.144232
vn -0.541796 -0.819713 0.099517
vn -0.313786 -0.930791 0.105961
vn -0.459283 -0.859146 0.161554
vn -0.415018 -0.892923 0.079920
vn -0.354282 -0.906442 0.168139
vn -0.459283 -0.859146 0.161554
vn -0.313786 -0.930791 0.105961
vn -0.459283 -0.859146 0.161554
vn -0.541796 -0.819713 0.099517
vn -0.415018 -0.892923 0.079920
vn -0.313786 -0.930791 0.105961
vn -0.188010 -0.968572 0.055443
vn -0.209599 -0.957019 0.127622
vn 0.062241 -0.986080 0.022884
vn -0.066295 -0.984549 0.054230
vn -0.071345 -0.985619 -0.014873
vn 0.206743 -0.965977 0.027312
vn 0.062241 -0.986080 0.022884
vn 0.059110 -0.985549 -0.043676
vn 0.340695 -0.926647 -0.039425
vn 0.206743 -0.965977 0.027312
vn 0.203340 -0.964787 -0.065811
vn 0.203340 -0.964787 -0.065811
vn 0.195672 -0.962793 -0.105041
vn 0.340695 -0.926647 -0.039425
vn 0.340695 -0.926647 -0.039425
vn 0.195672 -0.962793 -0.105041
vn 0.326463 -0.929588 -0.074162
vn 0.548685 -0.821155 -0.017312
vn 0.340695 -0.926647 -0.039425
vn 0.326463 -0.929588 -0.074162
vn 0.326463 -0.929588 -0.074162
vn 0.195672 -0.962793 -0.105041
vn 0.297949 -0.934324 -0.119447
vn 0.297949 -0.934324 -0.119447
vn 0.195672 -0.962793 -0.105041
vn 0.172386 -0.955711 -0.180402
vn 0.172386 -0.955711 -0.180402
vn 0.195672 -0.962793 -0.105041
vn 0.068613 -0.974702 -0.146084
vn -0.415018 -0.892923 0.079920
vn -0.287336 -0.945323 -0.016374
vn -0.313786 -0.930791 0.105961
vn -0.066295 -0.984549 0.054230
vn -0.188010 -0.968572 0.055443
vn -0.071345 -0.985619 -0.014873
vn 0.062241 -0.986080 0.022884
vn -0.071345 -0.985619 -0.014873
vn 0.059110 -0.985549 -0.043676
vn 0.206743 -0.965977 0.027312
vn 0.059110 -0.985549 -0.043676
vn 0.203340 -0.964787 -0.065811
vn 0.203340 -0.964787 -0.065811
vn 0.059110 -0.985549 -0.043676
vn 0.068613 -0.974702 -0.146084
vn 0.203340 -0.964787 -0.065811
vn 0.068613 -0.974702 -0.146084
vn 0.195672 -0.962793 -0.105041
vn 0.059110 -0.985549 -0.043676
vn -0.045669 -0.980810 -0.110960
vn 0.068613 -0.974702 -0.146084
vn -0.069052 -0.983354 -0.069699
vn -0.287336 -0.945323 -0.016374
vn -0.206035 -0.950878 -0.170551
vn -0.069052 -0.983354 -0.069699
vn -0.206035 -0.950878 -0.170551
vn -0.045669 -0.980810 -0.110960
vn 0.059110 -0.985549 -0.043676
vn -0.069052 -0.983354 -0.069699
vn -0.045669 -0.980810 -0.110960
vn -0.415018 -0.892923 0.079920
vn -0.541796 -0.819713 0.099517
vn -0.512562 -0.844440 0.002127
vn -0.415018 -0.892923 0.079920
vn -0.512562 -0.844440 0.002127
vn -0.287336 -0.945323 -0.016374
vn -0.287336 -0.945323 -0.016374
vn -0.512562 -0.844440 0.002127
vn -0.477351 -0.860707 -0.083855
vn 0.059110 -0.985549 -0.043676
vn -0.071345 -0.985619 -0.014873
vn -0.069052 -0.983354 -0.069699
vn -0.071345 -0.985619 -0.014873
vn -0.287336 -0.945323 -0.016374
vn -0.069052 -0.983354 -0.069699
vn -0.071345 -0.985619 -0.014873
vn -0.188010 -0.968572 0.055443
vn -0.287336 -0.945323 -0.016374
vn -0.188010 -0.968572 0.055443
vn -0.313786 -0.930791 0.105961
vn -0.287336 -0.945323 -0.016374
vn -0.287336 -0.945323 -0.016374
vn -0.297339 -0.935633 -0.110664
vn -0.206035 -0.950878 -0.170551
vn -0.045669 -0.980810 -0.110960
vn -0.033520 -0.969212 -0.187544
vn 0.068613 -0.974702 -0.146084
vn -0.206035 -0.950878 -0.170551
vn -0.033520 -0.969212 -0.187544
vn -0.045669 -0.980810 -0.110960
vn -0.287336 -0.945323 -0.016374
vn -0.477351 -0.860707 -0.083855
vn -0.297339 -0.935633 -0.110664
vn -0.512562 -0.844440 0.002127
vn -0.626221 -0.763055 0.029793
vn -0.477351 -0.860707 -0.083855
vn -0.384434 -0.895243 -0.161731
vn -0.477351 -0.860707 -0.083855
vn -0.455473 -0.843772 -0.234245
vn -0.293316 -0.912293 -0.237426
vn -0.384434 -0.895243 -0.161731
vn -0.381667 -0.847988 -0.328752
vn -0.293316 -0.912293 -0.237426
vn -0.381667 -0.847988 -0.328752
vn -0.205817 -0.907441 -0.327758
vn -0.030509 -0.931274 -0.324433
vn 0.148886 -0.874621 -0.428688
vn 0.158014 -0.921106 -0.316427
vn 0.257815 -0.900853 -0.309060
vn 0.148886 -0.874621 -0.428688
vn 0.318195 -0.842356 -0.400662
vn 0.213631 -0.791122 -0.543849
vn 0.318195 -0.842356 -0.400662
vn 0.148886 -0.874621 -0.428688
vn -0.030509 -0.931274 -0.324433
vn -0.034364 -0.880444 -0.440781
vn 0.148886 -0.874621 -0.428688
vn -0.030509 -0.931274 -0.324433
vn -0.204762 -0.854809 -0.444705
vn -0.034364 -0.880444 -0.440781
vn -0.204762 -0.854809 -0.444705
vn -0.030509 -0.931274 -0.324433
vn -0.205817 -0.907441 -0.327758
vn -0.205817 -0.907441 -0.327758
vn -0.290861 -0.832465 -0.439077
vn -0.204762 -0.854809 -0.444705
vn -0.115423 -0.786470 -0.578212
vn -0.204762 -0.854809 -0.444705
vn -0.191617 -0.779717 -0.567291
vn -0.191617 -0.779717 -0.567291
vn -0.204762 -0.854809 -0.444705
vn -0.290861 -0.832465 -0.439077
vn -0.191617 -0.779717 -0.567291
vn -0.162724 -0.684713 -0.683120
vn -0.115423 -0.786470 -0.578212
vn -0.115423 -0.786470 -0.578212
vn -0.036973 -0.651688 -0.730666
vn 0.044135 -0.802495 -0.566315
vn 0.044135 -0.802495 -0.566315
vn -0.036973 -0.651688 -0.730666
vn 0.105906 -0.688492 -0.690271
vn -0.115423 -0.786470 -0.578212
vn -0.162724 -0.684713 -0.683120
vn -0.036973 -0.651688 -0.730666
vn 0.135554 -0.569090 -0.784267
vn -0.036973 -0.651688 -0.730666
vn 0.019874 -0.529564 -0.821381
vn 0.105906 -0.688492 -0.690271
vn 0.135554 -0.569090 -0.784267
vn 0.177582 -0.685548 -0.678693
vn 0.105906 -0.688492 -0.690271
vn -0.036973 -0.651688 -0.730666
vn 0.135554 -0.569090 -0.784267
vn -0.036973 -0.651688 -0.730666
vn -0.073471 -0.547026 -0.807202
vn 0.019874 -0.529564 -0.821381
vn 0.239665 -0.473569 -0.820740
vn 0.097071 -0.341510 -0.908120
vn 0.177274 -0.261980 -0.921846
vn 0.177274 -0.261980 -0.921846
vn 0.151376 -0.160184 -0.948548
vn 0.285797 -0.385428 -0.850543
vn 0.440142 -0.501894 -0.717090
vn 0.285797 -0.385428 -0.850543
vn 0.351015 -0.309301 -0.856903
vn 0.351015 -0.309301 -0.856903
vn 0.203408 -0.153665 -0.940087
vn 0.431784 -0.268430 -0.834058
vn 0.431784 -0.268430 -0.834058
vn 0.468297 -0.191262 -0.835501
vn 0.572033 -0.322677 -0.726347
vn 0.468297 -0.191262 -0.835501
vn 0.649598 -0.238756 -0.693580
vn 0.572033 -0.322677 -0.726347
vn 0.431784 -0.268430 -0.834058
vn 0.203408 -0.153665 -0.940087
vn 0.193715 -0.094555 -0.949596
vn 0.468297 -0.191262 -0.835501
vn 0.604460 -0.187884 -0.746440
vn 0.649598 -0.238756 -0.693580
vn 0.383291 -0.148491 -0.884640
vn 0.468297 -0.191262 -0.835501
vn 0.193715 -0.094555 -0.949596
vn 0.383291 -0.148491 -0.884640
vn 0.199785 -0.056885 -0.951283
vn 0.604460 -0.187884 -0.746440
vn 0.660972 -0.160632 -0.704839
vn 0.799395 -0.211635 -0.530749
vn 0.649598 -0.238756 -0.693580
vn 0.649598 -0.238756 -0.693580
vn 0.604460 -0.187884 -0.746440
vn 0.660972 -0.160632 -0.704839
vn 0.660972 -0.160632 -0.704839
vn 0.696567 -0.109206 -0.680611
vn 0.799395 -0.211635 -0.530749
vn 0.799395 -0.211635 -0.530749
vn 0.696567 -0.109206 -0.680611
vn 0.842609 -0.109357 -0.494445
vn 0.920075 -0.039407 -0.348853
vn 0.908689 -0.140163 -0.352730
vn 0.857982 0.001467 -0.480239
vn 0.918391 0.038263 -0.353267
vn 0.857982 0.001467 -0.480239
vn 0.845547 0.083755 -0.494412
vn 0.901150 0.097867 -0.384001
vn 0.845547 0.083755 -0.494412
vn 0.800326 0.163536 -0.545654
vn 0.901150 0.097867 -0.384001
vn 0.800326 0.163536 -0.545654
vn 0.859567 0.155206 -0.452360
vn 0.857982 0.001467 -0.480239
vn 0.908689 -0.140163 -0.352730
vn 0.842609 -0.109357 -0.494445
vn 0.920075 -0.039407 -0.348853
vn 0.857982 0.001467 -0.480239
vn 0.918391 0.038263 -0.353267
vn 0.727004 0.220587 -0.620855
vn 0.859567 0.155206 -0.452360
vn 0.800326 0.163536 -0.545654
vn 0.543419 0.214740 -0.784136
vn 0.727004 0.220587 -0.620855
vn 0.670976 0.140260 -0.699839
vn 0.543419 0.214740 -0.784136
vn 0.364534 0.185670 -0.885547
vn 0.455202 0.238844 -0.830657
vn 0.503428 0.196853 -0.814090
vn 0.455202 0.238844 -0.830657
vn 0.362583 0.207636 -0.881588
vn 0.503428 0.196853 -0.814090
vn 0.628752 0.192107 -0.725582
vn 0.605884 0.242749 -0.729789
vn 0.503428 0.196853 -0.814090
vn 0.362583 0.207636 -0.881588
vn 0.412953 0.168336 -0.868051
vn 0.521159 0.144898 -0.813805
vn 0.503428 0.196853 -0.814090
vn 0.412953 0.168336 -0.868051
vn 0.503428 0.196853 -0.814090
vn 0.521159 0.144898 -0.813805
vn 0.628752 0.192107 -0.725582
vn 0.656669 0.008852 -0.726121
vn 0.564812 0.037187 -0.796971
vn 0.555930 -0.040986 -0.802846
vn 0.632311 -0.040721 -0.745836
vn 0.555930 -0.040986 -0.802846
vn 0.553331 -0.100452 -0.799508
vn 0.745922 -0.245899 -0.588982
vn 0.699823 -0.287537 -0.624675
vn 0.808982 -0.264972 -0.491983
vn 0.808982 -0.264972 -0.491983
vn 0.869025 -0.281784 -0.367560
vn 0.851502 -0.185422 -0.456157
vn 0.851502 -0.185422 -0.456157
vn 0.918509 -0.232185 -0.271558
vn 0.909120 -0.161941 -0.342460
vn 0.909120 -0.161941 -0.342460
vn 0.953105 -0.165232 -0.191138
vn 0.943776 -0.101395 -0.265053
vn 0.943776 -0.101395 -0.265053
vn 0.973249 -0.095307 -0.128209
vn 0.964948 -0.047230 -0.196815
vn 0.847091 -0.269097 -0.422494
vn 0.699823 -0.287537 -0.624675
vn 0.723003 -0.268979 -0.606745
vn 0.745922 -0.245899 -0.588982
vn 0.808982 -0.264972 -0.491983
vn 0.851502 -0.185422 -0.456157
vn 0.477744 -0.213093 -0.825112
vn 0.621982 -0.245423 -0.715607
vn 0.482427 -0.247136 -0.813170
vn 0.477744 -0.213093 -0.825112
vn 0.470580 -0.174156 -0.837876
vn 0.557539 -0.178705 -0.783255
vn 0.678295 -0.151515 -0.690638
vn 0.557539 -0.178705 -0.783255
vn 0.642968 -0.146660 -0.723742
vn 0.477744 -0.213093 -0.825112
vn 0.381278 -0.176156 -0.880556
vn 0.470580 -0.174156 -0.837876
vn 0.470580 -0.174156 -0.837876
vn 0.381278 -0.176156 -0.880556
vn 0.369329 -0.161528 -0.888198
vn 0.470580 -0.174156 -0.837876
vn 0.462725 -0.147731 -0.847004
vn 0.642968 -0.146660 -0.723742
vn 0.642968 -0.146660 -0.723742
vn 0.462725 -0.147731 -0.847004
vn 0.558182 -0.158750 -0.786967
vn 0.726682 -0.021360 -0.657757
vn 0.664089 -0.078869 -0.715375
vn 0.674547 0.016679 -0.709859
vn 0.515670 -0.077797 -0.826016
vn 0.664089 -0.078869 -0.715375
vn 0.558182 -0.158750 -0.786967
vn 0.462725 -0.147731 -0.847004
vn 0.387684 -0.097533 -0.889633
vn 0.558182 -0.158750 -0.786967
vn 0.558182 -0.158750 -0.786967
vn 0.664089 -0.078869 -0.715375
vn 0.709037 -0.173314 -0.654689
vn 0.664089 -0.078869 -0.715375
vn 0.785165 -0.157208 -0.568415
vn 0.709037 -0.173314 -0.654689
vn 0.674547 0.016679 -0.709859
vn 0.521538 -0.003902 -0.825973
vn 0.571759 0.012493 -0.792887
vn 0.606997 -0.007843 -0.767036
vn 0.571759 0.012493 -0.792887
vn 0.571617 -0.035067 -0.792330
vn 0.611701 -0.070626 -0.760257
vn 0.571617 -0.035067 -0.792330
vn 0.536428 -0.093594 -0.811435
vn 0.614293 -0.139441 -0.748922
vn 0.536428 -0.093594 -0.811435
vn 0.452857 -0.123458 -0.855914
vn 0.536428 -0.093594 -0.811435
vn 0.244759 -0.077656 -0.939562
vn 0.452857 -0.123458 -0.855914
vn 0.393268 -0.008769 -0.892384
vn 0.365520 0.001500 -0.903831
vn 0.134539 -0.000960 -0.964002
vn 0.365520 0.001500 -0.903831
vn 0.393268 -0.008769 -0.892384
vn 0.571759 0.012493 -0.792887
vn 0.674547 0.016679 -0.709859
vn 0.571759 0.012493 -0.792887
vn 0.606997 -0.007843 -0.767036
vn 0.393268 -0.008769 -0.892384
vn 0.571617 -0.035067 -0.792330
vn 0.571759 0.012493 -0.792887
vn 0.365520 0.001500 -0.903831
vn 0.571759 0.012493 -0.792887
vn 0.521538 -0.003902 -0.825973
vn 0.515670 -0.077797 -0.826016
vn 0.674547 0.016679 -0.709859
vn 0.664089 -0.078869 -0.715375
vn 0.515670 -0.077797 -0.826016
vn 0.521538 -0.003902 -0.825973
vn 0.674547 0.016679 -0.709859
vn 0.387684 -0.097533 -0.889633
vn 0.521538 -0.003902 -0.825973
vn 0.515670 -0.077797 -0.826016
vn 0.387684 -0.097533 -0.889633
vn 0.515670 -0.077797 -0.826016
vn 0.558182 -0.158750 -0.786967
vn 0.914264 -0.089515 -0.354695
vn 0.916974 -0.064231 -0.353195
vn 0.826012 -0.149316 -0.511276
vn 0.678295 -0.151515 -0.690638
vn 0.642968 -0.146660 -0.723742
vn 0.709037 -0.173314 -0.654689
vn 0.369329 -0.161528 -0.888198
vn 0.462725 -0.147731 -0.847004
vn 0.470580 -0.174156 -0.837876
vn 0.470580 -0.174156 -0.837876
vn 0.642968 -0.146660 -0.723742
vn 0.557539 -0.178705 -0.783255
vn 0.317666 -0.129113 -0.912449
vn 0.229487 -0.071002 -0.943813
vn 0.387684 -0.097533 -0.889633
vn 0.317666 -0.129113 -0.912449
vn 0.387684 -0.097533 -0.889633
vn 0.462725 -0.147731 -0.847004
vn 0.369329 -0.161528 -0.888198
vn 0.317666 -0.129113 -0.912449
vn 0.462725 -0.147731 -0.847004
vn 0.217451 -0.134247 -0.939911
vn 0.317666 -0.129113 -0.912449
vn 0.369329 -0.161528 -0.888198
vn 0.217451 -0.134247 -0.939911
vn 0.381278 -0.176156 -0.880556
vn 0.250406 -0.123492 -0.933337
vn 0.381278 -0.176156 -0.880556
vn 0.217451 -0.134247 -0.939911
vn 0.369329 -0.161528 -0.888198
vn 0.381278 -0.176156 -0.880556
vn 0.477744 -0.213093 -0.825112
vn 0.482427 -0.247136 -0.813170
vn 0.529061 -0.145782 -0.808674
vn 0.449808 -0.150416 -0.853293
vn 0.586138 -0.224112 -0.750953
vn 0.699838 -0.184580 -0.661302
vn 0.689393 -0.110749 -0.687442
vn 0.596193 -0.135603 -0.763693
vn 0.596193 -0.135603 -0.763693
vn 0.553331 -0.100452 -0.799508
vn 0.529061 -0.145782 -0.808674
vn 0.555930 -0.040986 -0.802846
vn 0.564812 0.037187 -0.796971
vn 0.470490 0.018458 -0.855097
vn 0.549633 0.102005 -0.801796
vn 0.693575 0.082394 -0.687211
vn 0.591295 0.125570 -0.769043
vn 0.656669 0.008852 -0.726121
vn 0.763928 0.006328 -0.615651
vn 0.693575 0.082394 -0.687211
vn 0.549633 0.102005 -0.801796
vn 0.656669 0.008852 -0.726121
vn 0.693575 0.082394 -0.687211
vn 0.714881 0.105171 -0.662509
vn 0.591295 0.125570 -0.769043
vn 0.693575 0.082394 -0.687211
vn 0.549633 0.102005 -0.801796
vn 0.591295 0.125570 -0.769043
vn 0.521159 0.144898 -0.813805
vn 0.521159 0.144898 -0.813805
vn 0.591295 0.125570 -0.769043
vn 0.628752 0.192107 -0.725582
vn 0.720961 0.163229 -0.644450
vn 0.628752 0.192107 -0.725582
vn 0.714881 0.105171 -0.662509
vn 0.430610 0.133945 -0.865504
vn 0.549633 0.102005 -0.801796
vn 0.521159 0.144898 -0.813805
vn 0.412953 0.168336 -0.868051
vn 0.430610 0.133945 -0.865504
vn 0.521159 0.144898 -0.813805
vn 0.529061 -0.145782 -0.808674
vn 0.586138 -0.224112 -0.750953
vn 0.596193 -0.135603 -0.763693
vn 0.586138 -0.224112 -0.750953
vn 0.449808 -0.150416 -0.853293
vn 0.482427 -0.247136 -0.813170
vn 0.482427 -0.247136 -0.813170
vn 0.449808 -0.150416 -0.853293
vn 0.381278 -0.176156 -0.880556
vn 0.347276 -0.083849 -0.907055
vn 0.381278 -0.176156 -0.880556
vn 0.449808 -0.150416 -0.853293
vn 0.553331 -0.100452 -0.799508
vn 0.441721 -0.104467 -0.863990
vn 0.529061 -0.145782 -0.808674
vn 0.549633 0.102005 -0.801796
vn 0.564812 0.037187 -0.796971
vn 0.656669 0.008852 -0.726121
vn 0.656669 0.008852 -0.726121
vn 0.555930 -0.040986 -0.802846
vn 0.632311 -0.040721 -0.745836
vn 0.596193 -0.135603 -0.763693
vn 0.689393 -0.110749 -0.687442
vn 0.632311 -0.040721 -0.745836
vn 0.553331 -0.100452 -0.799508
vn 0.596193 -0.135603 -0.763693
vn 0.632311 -0.040721 -0.745836
vn 0.465752 -0.057328 -0.855951
vn 0.441721 -0.104467 -0.863990
vn 0.553331 -0.100452 -0.799508
vn 0.465752 -0.057328 -0.855951
vn 0.553331 -0.100452 -0.799508
vn 0.555930 -0.040986 -0.802846
vn 0.465752 -0.057328 -0.855951
vn 0.555930 -0.040986 -0.802846
vn 0.470490 0.018458 -0.855097
vn 0.464471 0.064427 -0.856139
vn 0.470490 0.018458 -0.855097
vn 0.564812 0.037187 -0.796971
vn 0.464471 0.064427 -0.856139
vn 0.564812 0.037187 -0.796971
vn 0.549633 0.102005 -0.801796
vn 0.549633 0.102005 -0.801796
vn 0.430610 0.133945 -0.865504
vn 0.464471 0.064427 -0.856139
vn 0.369494 0.094658 -0.897431
vn 0.464471 0.064427 -0.856139
vn 0.430610 0.133945 -0.865504
vn 0.412953 0.168336 -0.868051
vn 0.369494 0.094658 -0.897431
vn 0.430610 0.133945 -0.865504
vn 0.529061 -0.145782 -0.808674
vn 0.441721 -0.104467 -0.863990
vn 0.449808 -0.150416 -0.853293
vn 0.347276 -0.083849 -0.907055
vn 0.441721 -0.104467 -0.863990
vn 0.465752 -0.057328 -0.855951
vn 0.377648 0.012445 -0.898883
vn 0.465752 -0.057328 -0.855951
vn 0.470490 0.018458 -0.855097
vn 0.464471 0.064427 -0.856139
vn 0.377648 0.012445 -0.898883
vn 0.470490 0.018458 -0.855097
vn 0.369494 0.094658 -0.897431
vn 0.377648 0.012445 -0.898883
vn 0.464471 0.064427 -0.856139
vn 0.293306 0.099696 -0.923889
vn 0.369494 0.094658 -0.897431
vn 0.412953 0.168336 -0.868051
vn 0.242703 0.119229 -0.935851
vn 0.293306 0.099696 -0.923889
vn 0.412953 0.168336 -0.868051
vn 0.362583 0.207636 -0.881588
vn 0.258867 0.171106 -0.923757
vn 0.412953 0.168336 -0.868051
vn 0.412953 0.168336 -0.868051
vn 0.258867 0.171106 -0.923757
vn 0.242703 0.119229 -0.935851
vn 0.233967 0.162557 -0.931683
vn 0.362583 0.207636 -0.881588
vn 0.455202 0.238844 -0.830657
vn 0.233967 0.162557 -0.931683
vn 0.455202 0.238844 -0.830657
vn 0.364534 0.185670 -0.885547
vn 0.362583 0.207636 -0.881588
vn 0.233967 0.162557 -0.931683
vn 0.151577 0.104550 -0.956013
vn 0.065235 0.050169 -0.969708
vn 0.151577 0.104550 -0.956013
vn 0.059900 0.021582 -0.971067
vn 0.233967 0.162557 -0.931683
vn 0.059900 0.021582 -0.971067
vn 0.151577 0.104550 -0.956013
vn 0.233967 0.162557 -0.931683
vn 0.125327 0.061072 -0.963335
vn 0.059900 0.021582 -0.971067
vn 0.151577 0.104550 -0.956013
vn 0.065235 0.050169 -0.969708
vn 0.258867 0.171106 -0.923757
vn 0.258867 0.171106 -0.923757
vn 0.065235 0.050169 -0.969708
vn 0.150856 0.094932 -0.957096
vn 0.065235 0.050169 -0.969708
vn 0.037695 0.029852 -0.971940
vn 0.150856 0.094932 -0.957096
vn 0.150856 0.094932 -0.957096
vn 0.037695 0.029852 -0.971940
vn 0.135076 0.070328 -0.961439
vn 0.441721 -0.104467 -0.863990
vn 0.347276 -0.083849 -0.907055
vn 0.449808 -0.150416 -0.853293
vn 0.320364 -0.018306 -0.920176
vn 0.256171 -0.052139 -0.938309
vn 0.347276 -0.083849 -0.907055
vn 0.320364 -0.018306 -0.920176
vn 0.347276 -0.083849 -0.907055
vn 0.465752 -0.057328 -0.855951
vn 0.320364 -0.018306 -0.920176
vn 0.465752 -0.057328 -0.855951
vn 0.377648 0.012445 -0.898883
vn 0.369494 0.094658 -0.897431
vn 0.271672 0.063071 -0.933404
vn 0.377648 0.012445 -0.898883
vn 0.271672 0.063071 -0.933404
vn 0.320364 -0.018306 -0.920176
vn 0.377648 0.012445 -0.898883
vn 0.293306 0.099696 -0.923889
vn 0.271672 0.063071 -0.933404
vn 0.369494 0.094658 -0.897431
vn 0.256171 -0.052139 -0.938309
vn 0.255509 -0.088050 -0.935881
vn 0.347276 -0.083849 -0.907055
vn 0.347276 -0.083849 -0.907055
vn 0.250406 -0.123492 -0.933337
vn 0.381278 -0.176156 -0.880556
vn 0.255509 -0.088050 -0.935881
vn 0.194305 -0.087663 -0.950120
vn 0.250406 -0.123492 -0.933337
vn 0.347276 -0.083849 -0.907055
vn 0.255509 -0.088050 -0.935881
vn 0.250406 -0.123492 -0.933337
vn 0.256171 -0.052139 -0.938309
vn 0.320364 -0.018306 -0.920176
vn 0.212167 0.011288 -0.950258
vn 0.256171 -0.052139 -0.938309
vn 0.165524 -0.045326 -0.958260
vn 0.255509 -0.088050 -0.935881
vn 0.145406 -0.017044 -0.962320
vn 0.256171 -0.052139 -0.938309
vn 0.212167 0.011288 -0.950258
vn 0.271672 0.063071 -0.933404
vn 0.212167 0.011288 -0.950258
vn 0.320364 -0.018306 -0.920176
vn 0.135076 0.070328 -0.961439
vn 0.271672 0.063071 -0.933404
vn 0.293306 0.099696 -0.923889
vn 0.135076 0.070328 -0.961439
vn 0.293306 0.099696 -0.923889
vn 0.242703 0.119229 -0.935851
vn 0.150856 0.094932 -0.957096
vn 0.242703 0.119229 -0.935851
vn 0.258867 0.171106 -0.923757
vn 0.150856 0.094932 -0.957096
vn 0.135076 0.070328 -0.961439
vn 0.242703 0.119229 -0.935851
vn 0.134851 0.035828 -0.963315
vn 0.271672 0.063071 -0.933404
vn 0.135076 0.070328 -0.961439
vn 0.031463 0.013477 -0.972509
vn 0.134851 0.035828 -0.963315
vn 0.135076 0.070328 -0.961439
vn 0.134851 0.035828 -0.963315
vn 0.212167 0.011288 -0.950258
vn 0.271672 0.063071 -0.933404
vn 0.145406 -0.017044 -0.962320
vn 0.165524 -0.045326 -0.958260
vn 0.256171 -0.052139 -0.938309
vn 0.165524 -0.045326 -0.958260
vn 0.194305 -0.087663 -0.950120
vn 0.255509 -0.088050 -0.935881
vn 0.165524 -0.045326 -0.958260
vn 0.090632 -0.063233 -0.966977
vn 0.194305 -0.087663 -0.950120
vn 0.194305 -0.087663 -0.950120
vn 0.217451 -0.134247 -0.939911
vn 0.250406 -0.123492 -0.933337
vn 0.217451 -0.134247 -0.939911
vn 0.128289 -0.075718 -0.961947
vn 0.317666 -0.129113 -0.912449
vn 0.387684 -0.097533 -0.889633
vn 0.365520 0.001500 -0.903831
vn 0.521538 -0.003902 -0.825973
vn 0.134539 -0.000960 -0.964002
vn 0.365520 0.001500 -0.903831
vn 0.229487 -0.071002 -0.943813
vn 0.229487 -0.071002 -0.943813
vn 0.365520 0.001500 -0.903831
vn 0.387684 -0.097533 -0.889633
vn 0.393268 -0.008769 -0.892384
vn 0.134539 -0.000960 -0.964002
vn 0.133117 0.000580 -0.964195
vn 0.349929 -0.049039 -0.908534
vn 0.133117 0.000580 -0.964195
vn 0.055425 0.000377 -0.971558
vn 0.179975 0.090767 -0.952580
vn 0.372988 0.109256 -0.894412
vn 0.293828 0.012862 -0.928842
vn 0.650088 0.136058 -0.719549
vn 0.372988 0.109256 -0.894412
vn 0.447413 0.170861 -0.850783
vn 0.650088 0.136058 -0.719549
vn 0.447413 0.170861 -0.850783
vn 0.626741 0.204668 -0.723943
vn 0.179975 0.090767 -0.952580
vn 0.447413 0.170861 -0.850783
vn 0.372988 0.109256 -0.894412
vn 0.074705 -0.000663 -0.970300
vn 0.179975 0.090767 -0.952580
vn 0.196074 -0.067073 -0.951391
vn 0.396627 -0.103832 -0.885094
vn 0.196074 -0.067073 -0.951391
vn 0.293828 0.012862 -0.928842
vn 0.055425 0.000377 -0.971558
vn 0.074705 -0.000663 -0.970300
vn 0.129823 -0.012247 -0.964556
vn 0.055425 0.000377 -0.971558
vn 0.129823 -0.012247 -0.964556
vn 0.244759 -0.077656 -0.939562
vn 0.349929 -0.049039 -0.908534
vn 0.244759 -0.077656 -0.939562
vn 0.536428 -0.093594 -0.811435
vn 0.349929 -0.049039 -0.908534
vn 0.536428 -0.093594 -0.811435
vn 0.571617 -0.035067 -0.792330
vn 0.393268 -0.008769 -0.892384
vn 0.349929 -0.049039 -0.908534
vn 0.571617 -0.035067 -0.792330
vn 0.393268 -0.008769 -0.892384
vn 0.133117 0.000580 -0.964195
vn 0.349929 -0.049039 -0.908534
vn 0.055425 0.000377 -0.971558
vn 0.244759 -0.077656 -0.939562
vn 0.349929 -0.049039 -0.908534
vn 0.084075 -0.040873 -0.968719
vn 0.055425 0.000377 -0.971558
vn 0.133117 0.000580 -0.964195
vn 0.134539 -0.000960 -0.964002
vn 0.084075 -0.040873 -0.968719
vn 0.133117 0.000580 -0.964195
vn 0.084075 -0.040873 -0.968719
vn 0.134539 -0.000960 -0.964002
vn 0.229487 -0.071002 -0.943813
vn 0.229487 -0.071002 -0.943813
vn 0.317666 -0.129113 -0.912449
vn 0.084075 -0.040873 -0.968719
vn 0.317666 -0.129113 -0.912449
vn 0.128289 -0.075718 -0.961947
vn 0.084075 -0.040873 -0.968719
vn 0.217451 -0.134247 -0.939911
vn 0.036704 -0.024135 -0.972131
vn 0.128289 -0.075718 -0.961947
vn 0.134851 0.035828 -0.963315
vn 0.145406 -0.017044 -0.962320
vn 0.212167 0.011288 -0.950258
vn 0.031463 0.013477 -0.972509
vn 0.040777 0.010366 -0.972210
vn 0.134851 0.035828 -0.963315
vn 0.037695 0.029852 -0.971940
vn 0.031463 0.013477 -0.972509
vn 0.135076 0.070328 -0.961439
vn 0.059900 0.021582 -0.971067
vn 0.037695 0.029852 -0.971940
vn 0.065235 0.050169 -0.969708
vn 0.362583 0.207636 -0.881588
vn 0.151577 0.104550 -0.956013
vn 0.258867 0.171106 -0.923757
vn 0.051938 0.000354 -0.971745
vn 0.059900 0.021582 -0.971067
vn 0.125327 0.061072 -0.963335
vn 0.660972 -0.160632 -0.704839
vn 0.477986 -0.097210 -0.845839
vn 0.696567 -0.109206 -0.680611
vn 0.697028 -0.039405 -0.687504
vn 0.857982 0.001467 -0.480239
vn 0.842609 -0.109357 -0.494445
vn 0.697028 -0.039405 -0.687504
vn 0.842609 -0.109357 -0.494445
vn 0.696567 -0.109206 -0.680611
vn 0.691887 0.051586 -0.691763
vn 0.857982 0.001467 -0.480239
vn 0.697028 -0.039405 -0.687504
vn 0.691887 0.051586 -0.691763
vn 0.845547 0.083755 -0.494412
vn 0.857982 0.001467 -0.480239
vn 0.670976 0.140260 -0.699839
vn 0.845547 0.083755 -0.494412
vn 0.691887 0.051586 -0.691763
vn 0.483031 0.135226 -0.837950
vn 0.670976 0.140260 -0.699839
vn 0.691887 0.051586 -0.691763
vn 0.360943 0.003991 -0.905611
vn 0.483031 0.135226 -0.837950
vn 0.691887 0.051586 -0.691763
vn 0.360943 0.003991 -0.905611
vn 0.691887 0.051586 -0.691763
vn 0.697028 -0.039405 -0.687504
vn 0.477986 -0.097210 -0.845839
vn 0.360943 0.003991 -0.905611
vn 0.697028 -0.039405 -0.687504
vn 0.477986 -0.097210 -0.845839
vn 0.697028 -0.039405 -0.687504
vn 0.696567 -0.109206 -0.680611
vn 0.477986 -0.097210 -0.845839
vn 0.143643 -0.008163 -0.962690
vn 0.360943 0.003991 -0.905611
vn 0.167885 0.053152 -0.957471
vn 0.483031 0.135226 -0.837950
vn 0.360943 0.003991 -0.905611
vn 0.255615 0.140770 -0.929584
vn 0.543419 0.214740 -0.784136
vn 0.483031 0.135226 -0.837950
vn 0.360943 0.003991 -0.905611
vn 0.143643 -0.008163 -0.962690
vn 0.167885 0.053152 -0.957471
vn 0.134473 -0.040558 -0.963184
vn 0.167885 0.053152 -0.957471
vn 0.143643 -0.008163 -0.962690
vn 0.477986 -0.097210 -0.845839
vn 0.199785 -0.056885 -0.951283
vn 0.143643 -0.008163 -0.962690
vn 0.134473 -0.040558 -0.963184
vn 0.143643 -0.008163 -0.962690
vn 0.199785 -0.056885 -0.951283
vn 0.134473 -0.040558 -0.963184
vn 0.199785 -0.056885 -0.951283
vn 0.383291 -0.148491 -0.884640
vn 0.604460 -0.187884 -0.746440
vn 0.199785 -0.056885 -0.951283
vn 0.477986 -0.097210 -0.845839
vn 0.383291 -0.148491 -0.884640
vn 0.193715 -0.094555 -0.949596
vn 0.134473 -0.040558 -0.963184
vn 0.193715 -0.094555 -0.949596
vn 0.203408 -0.153665 -0.940087
vn 0.137521 -0.101081 -0.958440
vn 0.137521 -0.101081 -0.958440
vn 0.351015 -0.309301 -0.856903
vn 0.151376 -0.160184 -0.948548
vn 0.351015 -0.309301 -0.856903
vn 0.285797 -0.385428 -0.850543
vn 0.151376 -0.160184 -0.948548
vn 0.137521 -0.101081 -0.958440
vn 0.203408 -0.153665 -0.940087
vn 0.351015 -0.309301 -0.856903
vn 0.351015 -0.309301 -0.856903
vn 0.431784 -0.268430 -0.834058
vn 0.513687 -0.418207 -0.721531
vn 0.724177 -0.365936 -0.553904
vn 0.650829 -0.486628 -0.552442
vn 0.572033 -0.322677 -0.726347
vn 0.724177 -0.365936 -0.553904
vn 0.768020 -0.467062 -0.401857
vn 0.650829 -0.486628 -0.552442
vn 0.768020 -0.467062 -0.401857
vn 0.704375 -0.559720 -0.400552
vn 0.650829 -0.486628 -0.552442
vn 0.513687 -0.418207 -0.721531
vn 0.650829 -0.486628 -0.552442
vn 0.573164 -0.584391 -0.544229
vn 0.513687 -0.418207 -0.721531
vn 0.573164 -0.584391 -0.544229
vn 0.440142 -0.501894 -0.717090
vn 0.362424 -0.547987 -0.726634
vn 0.285797 -0.385428 -0.850543
vn 0.440142 -0.501894 -0.717090
vn 0.239665 -0.473569 -0.820740
vn 0.177274 -0.261980 -0.921846
vn 0.285797 -0.385428 -0.850543
vn 0.239665 -0.473569 -0.820740
vn 0.285797 -0.385428 -0.850543
vn 0.362424 -0.547987 -0.726634
vn 0.239665 -0.473569 -0.820740
vn 0.362424 -0.547987 -0.726634
vn 0.309551 -0.594500 -0.714880
vn 0.309551 -0.594500 -0.714880
vn 0.369469 -0.670351 -0.615189
vn 0.222104 -0.557385 -0.773134
vn 0.222104 -0.557385 -0.773134
vn 0.239665 -0.473569 -0.820740
vn 0.309551 -0.594500 -0.714880
vn 0.222104 -0.557385 -0.773134
vn 0.097071 -0.341510 -0.908120
vn 0.239665 -0.473569 -0.820740
vn 0.177274 -0.261980 -0.921846
vn 0.097071 -0.341510 -0.908120
vn 0.060481 -0.155031 -0.959195
vn 0.019299 -0.056623 -0.971310
vn 0.177274 -0.261980 -0.921846
vn 0.060481 -0.155031 -0.959195
vn 0.177274 -0.261980 -0.921846
vn 0.019299 -0.056623 -0.971310
vn 0.151376 -0.160184 -0.948548
vn 0.137521 -0.101081 -0.958440
vn 0.019299 -0.056623 -0.971310
vn 0.193715 -0.094555 -0.949596
vn 0.137521 -0.101081 -0.958440
vn 0.151376 -0.160184 -0.948548
vn 0.019299 -0.056623 -0.971310
vn 0.051938 0.000354 -0.971745
vn 0.167885 0.053152 -0.957471
vn 0.134473 -0.040558 -0.963184
vn 0.193715 -0.094555 -0.949596
vn 0.051938 0.000354 -0.971745
vn 0.134473 -0.040558 -0.963184
vn 0.135554 -0.569090 -0.784267
vn 0.097071 -0.341510 -0.908120
vn 0.222104 -0.557385 -0.773134
vn 0.051466 -0.429584 -0.874893
vn 0.097071 -0.341510 -0.908120
vn 0.135554 -0.569090 -0.784267
vn 0.019874 -0.529564 -0.821381
vn 0.051466 -0.429584 -0.874893
vn 0.135554 -0.569090 -0.784267
vn 0.002409 -0.229348 -0.946528
vn 0.060481 -0.155031 -0.959195
vn 0.097071 -0.341510 -0.908120
vn 0.051466 -0.429584 -0.874893
vn 0.002409 -0.229348 -0.946528
vn 0.097071 -0.341510 -0.908120
vn -0.020905 -0.415722 -0.882581
vn -0.038652 -0.258534 -0.938437
vn 0.002409 -0.229348 -0.946528
vn -0.020905 -0.415722 -0.882581
vn 0.002409 -0.229348 -0.946528
vn 0.051466 -0.429584 -0.874893
vn -0.020905 -0.415722 -0.882581
vn 0.051466 -0.429584 -0.874893
vn 0.019874 -0.529564 -0.821381
vn -0.020905 -0.415722 -0.882581
vn 0.019874 -0.529564 -0.821381
vn -0.073471 -0.547026 -0.807202
vn -0.038262 -0.120321 -0.965119
vn 0.002409 -0.229348 -0.946528
vn -0.038652 -0.258534 -0.938437
vn -0.082734 -0.451201 -0.861914
vn -0.086605 -0.335380 -0.911359
vn -0.038652 -0.258534 -0.938437
vn -0.082734 -0.451201 -0.861914
vn -0.038652 -0.258534 -0.938437
vn -0.020905 -0.415722 -0.882581
vn -0.162724 -0.684713 -0.683120
vn -0.073471 -0.547026 -0.807202
vn -0.036973 -0.651688 -0.730666
vn -0.180576 -0.614346 -0.741151
vn -0.073471 -0.547026 -0.807202
vn -0.162724 -0.684713 -0.683120
vn -0.082734 -0.451201 -0.861914
vn -0.073471 -0.547026 -0.807202
vn -0.180576 -0.614346 -0.741151
vn -0.331183 -0.745437 -0.549095
vn -0.191617 -0.779717 -0.567291
vn -0.290861 -0.832465 -0.439077
vn -0.551694 -0.810687 -0.116787
vn -0.477351 -0.860707 -0.083855
vn -0.626221 -0.763055 0.029793
vn -0.794852 -0.550702 0.195352
vn -0.842728 -0.493031 0.142223
vn -0.753734 -0.622939 0.133911
vn -0.753734 -0.622939 0.133911
vn -0.842728 -0.493031 0.142223
vn -0.791630 -0.581388 0.097258
vn -0.700039 -0.689671 0.094718
vn -0.753734 -0.622939 0.133911
vn -0.728689 -0.664133 0.051575
vn -0.700039 -0.689671 0.094718
vn -0.728689 -0.664133 0.051575
vn -0.662265 -0.731957 0.027720
vn -0.626221 -0.763055 0.029793
vn -0.648321 -0.741658 0.068493
vn -0.700039 -0.689671 0.094718
vn -0.700039 -0.689671 0.094718
vn -0.648321 -0.741658 0.068493
vn -0.705703 -0.674871 0.144232
vn -0.753734 -0.622939 0.133911
vn -0.705703 -0.674871 0.144232
vn -0.794852 -0.550702 0.195352
vn -0.705703 -0.674871 0.144232
vn -0.753734 -0.622939 0.133911
vn -0.700039 -0.689671 0.094718
vn -0.728689 -0.664133 0.051575
vn -0.791630 -0.581388 0.097258
vn -0.719638 -0.673730 -0.054477
vn -0.719638 -0.673730 -0.054477
vn -0.791630 -0.581388 0.097258
vn -0.814859 -0.557000 0.007917
vn -0.814859 -0.557000 0.007917
vn -0.815691 -0.545309 -0.105994
vn -0.739960 -0.639045 -0.135082
vn -0.739960 -0.639045 -0.135082
vn -0.719638 -0.673730 -0.054477
vn -0.814859 -0.557000 0.007917
vn -0.751351 -0.561098 -0.303982
vn -0.739960 -0.639045 -0.135082
vn -0.815691 -0.545309 -0.105994
vn -0.751351 -0.561098 -0.303982
vn -0.709352 -0.643582 -0.236158
vn -0.739960 -0.639045 -0.135082
vn -0.645392 -0.698475 -0.262043
vn -0.522607 -0.779792 -0.302787
vn -0.601331 -0.758226 -0.194265
vn -0.677122 -0.698000 -0.168752
vn -0.601331 -0.758226 -0.194265
vn -0.643397 -0.744635 -0.081185
vn -0.719638 -0.673730 -0.054477
vn -0.643397 -0.744635 -0.081185
vn -0.662265 -0.731957 0.027720
vn -0.719638 -0.673730 -0.054477
vn -0.662265 -0.731957 0.027720
vn -0.728689 -0.664133 0.051575
vn -0.683681 -0.601594 -0.375834
vn -0.627170 -0.660774 -0.375376
vn -0.709352 -0.643582 -0.236158
vn -0.677122 -0.698000 -0.168752
vn -0.709352 -0.643582 -0.236158
vn -0.645392 -0.698475 -0.262043
vn -0.677122 -0.698000 -0.168752
vn -0.645392 -0.698475 -0.262043
vn -0.601331 -0.758226 -0.194265
vn -0.677122 -0.698000 -0.168752
vn -0.643397 -0.744635 -0.081185
vn -0.719638 -0.673730 -0.054477
vn -0.739960 -0.639045 -0.135082
vn -0.677122 -0.698000 -0.168752
vn -0.719638 -0.673730 -0.054477
vn -0.739960 -0.639045 -0.135082
vn -0.709352 -0.643582 -0.236158
vn -0.677122 -0.698000 -0.168752
vn -0.601331 -0.758226 -0.194265
vn -0.551694 -0.810687 -0.116787
vn -0.643397 -0.744635 -0.081185
vn -0.643397 -0.744635 -0.081185
vn -0.551694 -0.810687 -0.116787
vn -0.662265 -0.731957 0.027720
vn -0.551694 -0.810687 -0.116787
vn -0.626221 -0.763055 0.029793
vn -0.662265 -0.731957 0.027720
vn -0.662265 -0.731957 0.027720
vn -0.626221 -0.763055 0.029793
vn -0.700039 -0.689671 0.094718
vn -0.455473 -0.843772 -0.234245
vn -0.477351 -0.860707 -0.083855
vn -0.551694 -0.810687 -0.116787
vn -0.381667 -0.847988 -0.328752
vn -0.384434 -0.895243 -0.161731
vn -0.455473 -0.843772 -0.234245
vn -0.290861 -0.832465 -0.439077
vn -0.205817 -0.907441 -0.327758
vn -0.381667 -0.847988 -0.328752
vn -0.426087 -0.785464 -0.414935
vn -0.290861 -0.832465 -0.439077
vn -0.381667 -0.847988 -0.328752
vn -0.381667 -0.847988 -0.328752
vn -0.455473 -0.843772 -0.234245
vn -0.522607 -0.779792 -0.302787
vn -0.522607 -0.779792 -0.302787
vn -0.455473 -0.843772 -0.234245
vn -0.551694 -0.810687 -0.116787
vn -0.522607 -0.779792 -0.302787
vn -0.551694 -0.810687 -0.116787
vn -0.601331 -0.758226 -0.194265
vn -0.426087 -0.785464 -0.414935
vn -0.381667 -0.847988 -0.328752
vn -0.522607 -0.779792 -0.302787
vn -0.331183 -0.745437 -0.549095
vn -0.290861 -0.832465 -0.439077
vn -0.426087 -0.785464 -0.414935
vn -0.429607 -0.736715 -0.491097
vn -0.331183 -0.745437 -0.549095
vn -0.426087 -0.785464 -0.414935
vn -0.429607 -0.736715 -0.491097
vn -0.426087 -0.785464 -0.414935
vn -0.522607 -0.779792 -0.302787
vn -0.550508 -0.716047 -0.393678
vn -0.522607 -0.779792 -0.302787
vn -0.645392 -0.698475 -0.262043
vn -0.627170 -0.660774 -0.375376
vn -0.550508 -0.716047 -0.393678
vn -0.645392 -0.698475 -0.262043
vn -0.645392 -0.698475 -0.262043
vn -0.709352 -0.643582 -0.236158
vn -0.627170 -0.660774 -0.375376
vn -0.522607 -0.779792 -0.302787
vn -0.550508 -0.716047 -0.393678
vn -0.429607 -0.736715 -0.491097
vn -0.751351 -0.561098 -0.303982
vn -0.666961 -0.536591 -0.484714
vn -0.683681 -0.601594 -0.375834
vn -0.751351 -0.561098 -0.303982
vn -0.683681 -0.601594 -0.375834
vn -0.709352 -0.643582 -0.236158
vn -0.876566 -0.415472 0.178683
vn -0.865731 -0.471108 0.049788
vn -0.842728 -0.493031 0.142223
vn -0.814859 -0.557000 0.007917
vn -0.842728 -0.493031 0.142223
vn -0.865731 -0.471108 0.049788
vn -0.865731 -0.471108 0.049788
vn -0.897647 -0.409204 -0.023330
vn -0.815691 -0.545309 -0.105994
vn -0.897647 -0.409204 -0.023330
vn -0.810779 -0.493785 -0.266289
vn -0.815691 -0.545309 -0.105994
vn -0.815691 -0.545309 -0.105994
vn -0.810779 -0.493785 -0.266289
vn -0.751351 -0.561098 -0.303982
vn -0.915899 -0.295199 0.214908
vn -0.905886 -0.377492 0.101349
vn -0.876566 -0.415472 0.178683
vn -0.876566 -0.415472 0.178683
vn -0.905886 -0.377492 0.101349
vn -0.865731 -0.471108 0.049788
vn -0.905886 -0.377492 0.101349
vn -0.897647 -0.409204 -0.023330
vn -0.865731 -0.471108 0.049788
vn -0.897647 -0.409204 -0.023330
vn -0.865410 -0.415729 -0.225011
vn -0.810779 -0.493785 -0.266289
vn -0.782028 -0.418366 -0.426803
vn -0.865410 -0.415729 -0.225011
vn -0.852221 -0.395428 -0.297717
vn -0.782028 -0.418366 -0.426803
vn -0.852221 -0.395428 -0.297717
vn -0.844126 -0.286566 -0.417099
vn -0.734050 -0.204787 -0.618028
vn -0.844126 -0.286566 -0.417099
vn -0.878146 -0.159543 -0.414598
vn -0.878146 -0.159543 -0.414598
vn -0.940949 -0.096480 -0.276370
vn -0.894398 -0.050406 -0.407523
vn -0.894398 -0.050406 -0.407523
vn -0.940949 -0.096480 -0.276370
vn -0.879305 -0.066453 -0.436240
vn -0.970136 -0.091715 -0.151573
vn -0.940949 -0.096480 -0.276370
vn -0.914795 -0.228128 -0.286669
vn -0.945477 -0.222896 -0.170088
vn -0.970136 -0.091715 -0.151573
vn -0.914795 -0.228128 -0.286669
vn -0.844126 -0.286566 -0.417099
vn -0.924550 -0.292940 -0.178835
vn -0.914795 -0.228128 -0.286669
vn -0.975607 -0.143500 -0.028428
vn -0.970136 -0.091715 -0.151573
vn -0.945477 -0.222896 -0.170088
vn -0.944419 -0.280291 -0.053642
vn -0.975607 -0.143500 -0.028428
vn -0.945477 -0.222896 -0.170088
vn -0.944419 -0.280291 -0.053642
vn -0.945477 -0.222896 -0.170088
vn -0.924550 -0.292940 -0.178835
vn -0.924550 -0.292940 -0.178835
vn -0.945477 -0.222896 -0.170088
vn -0.914795 -0.228128 -0.286669
vn -0.944419 -0.280291 -0.053642
vn -0.924550 -0.292940 -0.178835
vn -0.865410 -0.415729 -0.225011
vn -0.922020 -0.351183 0.012639
vn -0.944419 -0.280291 -0.053642
vn -0.865410 -0.415729 -0.225011
vn -0.865410 -0.415729 -0.225011
vn -0.924550 -0.292940 -0.178835
vn -0.852221 -0.395428 -0.297717
vn -0.924550 -0.292940 -0.178835
vn -0.844126 -0.286566 -0.417099
vn -0.852221 -0.395428 -0.297717
vn -0.914795 -0.228128 -0.286669
vn -0.878146 -0.159543 -0.414598
vn -0.844126 -0.286566 -0.417099
vn -0.878146 -0.159543 -0.414598
vn -0.764356 -0.090721 -0.608645
vn -0.736646 -0.141658 -0.632017
vn -0.734050 -0.204787 -0.618028
vn -0.878146 -0.159543 -0.414598
vn -0.736646 -0.141658 -0.632017
vn -0.736646 -0.141658 -0.632017
vn -0.468919 -0.167157 -0.840161
vn -0.734050 -0.204787 -0.618028
vn -0.365133 -0.112896 -0.897124
vn -0.124342 -0.033239 -0.964779
vn -0.468919 -0.167157 -0.840161
vn -0.736646 -0.141658 -0.632017
vn -0.365133 -0.112896 -0.897124
vn -0.468919 -0.167157 -0.840161
vn -0.223264 -0.131162 -0.939007
vn -0.115071 -0.072800 -0.963790
vn -0.376440 -0.231866 -0.870006
vn -0.638175 -0.312716 -0.675151
vn -0.223264 -0.131162 -0.939007
vn -0.376440 -0.231866 -0.870006
vn -0.482916 -0.311918 -0.790998
vn -0.376440 -0.231866 -0.870006
vn -0.260649 -0.206414 -0.916244
vn -0.260649 -0.206414 -0.916244
vn -0.070575 -0.048866 -0.969408
vn -0.197081 -0.162361 -0.939982
vn -0.197081 -0.162361 -0.939982
vn -0.070575 -0.048866 -0.969408
vn -0.151556 -0.123113 -0.953871
vn -0.151556 -0.123113 -0.953871
vn -0.113950 -0.099078 -0.961646
vn -0.279028 -0.220261 -0.907814
vn -0.443175 -0.330351 -0.806233
vn -0.151556 -0.123113 -0.953871
vn -0.279028 -0.220261 -0.907814
vn -0.381535 -0.315460 -0.841902
vn -0.279028 -0.220261 -0.907814
vn -0.230970 -0.220698 -0.920754
vn -0.230970 -0.220698 -0.920754
vn -0.113950 -0.099078 -0.961646
vn -0.096184 -0.107951 -0.962608
vn -0.126091 -0.264635 -0.929276
vn -0.038262 -0.120321 -0.965119
vn -0.086605 -0.335380 -0.911359
vn -0.188164 -0.539627 -0.793832
vn -0.086605 -0.335380 -0.911359
vn -0.082734 -0.451201 -0.861914
vn -0.020905 -0.415722 -0.882581
vn -0.073471 -0.547026 -0.807202
vn -0.082734 -0.451201 -0.861914
vn -0.082734 -0.451201 -0.861914
vn -0.180576 -0.614346 -0.741151
vn -0.188164 -0.539627 -0.793832
vn -0.188164 -0.539627 -0.793832
vn -0.188808 -0.436515 -0.852941
vn -0.086605 -0.335380 -0.911359
vn -0.188808 -0.436515 -0.852941
vn -0.126091 -0.264635 -0.929276
vn -0.086605 -0.335380 -0.911359
vn -0.038262 -0.120321 -0.965119
vn -0.038652 -0.258534 -0.938437
vn -0.086605 -0.335380 -0.911359
vn 0.051938 0.000354 -0.971745
vn 0.193715 -0.094555 -0.949596
vn 0.019299 -0.056623 -0.971310
vn 0.060481 -0.155031 -0.959195
vn -0.038262 -0.120321 -0.965119
vn 0.019299 -0.056623 -0.971310
vn -0.038262 -0.120321 -0.965119
vn 0.051938 0.000354 -0.971745
vn 0.019299 -0.056623 -0.971310
vn 0.060481 -0.155031 -0.959195
vn 0.002409 -0.229348 -0.946528
vn -0.038262 -0.120321 -0.965119
vn -0.096184 -0.107951 -0.962608
vn 0.051938 0.000354 -0.971745
vn -0.038262 -0.120321 -0.965119
vn -0.126091 -0.264635 -0.929276
vn -0.096184 -0.107951 -0.962608
vn -0.038262 -0.120321 -0.965119
vn 0.051938 0.000354 -0.971745
vn 0.037695 0.029852 -0.971940
vn 0.059900 0.021582 -0.971067
vn -0.096184 -0.107951 -0.962608
vn -0.113950 -0.099078 -0.961646
vn 0.051938 0.000354 -0.971745
vn -0.126091 -0.264635 -0.929276
vn -0.195047 -0.261254 -0.918548
vn -0.096184 -0.107951 -0.962608
vn -0.261334 -0.661296 -0.675663
vn -0.188164 -0.539627 -0.793832
vn -0.180576 -0.614346 -0.741151
vn -0.269201 -0.603597 -0.723333
vn -0.188164 -0.539627 -0.793832
vn -0.261334 -0.661296 -0.675663
vn -0.331183 -0.745437 -0.549095
vn -0.261334 -0.661296 -0.675663
vn -0.162724 -0.684713 -0.683120
vn -0.180576 -0.614346 -0.741151
vn -0.162724 -0.684713 -0.683120
vn -0.261334 -0.661296 -0.675663
vn -0.358498 -0.666307 -0.625676
vn -0.261334 -0.661296 -0.675663
vn -0.331183 -0.745437 -0.549095
vn -0.162724 -0.684713 -0.683120
vn -0.191617 -0.779717 -0.567291
vn -0.331183 -0.745437 -0.549095
vn -0.358498 -0.666307 -0.625676
vn -0.331183 -0.745437 -0.549095
vn -0.429607 -0.736715 -0.491097
vn -0.358498 -0.666307 -0.625676
vn -0.269201 -0.603597 -0.723333
vn -0.261334 -0.661296 -0.675663
vn -0.358498 -0.666307 -0.625676
vn -0.374001 -0.603826 -0.676279
vn -0.269201 -0.603597 -0.723333
vn -0.269201 -0.603597 -0.723333
vn -0.188808 -0.436515 -0.852941
vn -0.188164 -0.539627 -0.793832
vn -0.269719 -0.519268 -0.784049
vn -0.126091 -0.264635 -0.929276
vn -0.188808 -0.436515 -0.852941
vn -0.188808 -0.436515 -0.852941
vn -0.269201 -0.603597 -0.723333
vn -0.269719 -0.519268 -0.784049
vn -0.278946 -0.423325 -0.835151
vn -0.195047 -0.261254 -0.918548
vn -0.126091 -0.264635 -0.929276
vn -0.278946 -0.423325 -0.835151
vn -0.126091 -0.264635 -0.929276
vn -0.269719 -0.519268 -0.784049
vn -0.278946 -0.423325 -0.835151
vn -0.269719 -0.519268 -0.784049
vn -0.374001 -0.603826 -0.676279
vn -0.495582 -0.659806 -0.534699
vn -0.358498 -0.666307 -0.625676
vn -0.429607 -0.736715 -0.491097
vn -0.550508 -0.716047 -0.393678
vn -0.495582 -0.659806 -0.534699
vn -0.429607 -0.736715 -0.491097
vn -0.495582 -0.659806 -0.534699
vn -0.374001 -0.603826 -0.676279
vn -0.358498 -0.666307 -0.625676
vn -0.495582 -0.659806 -0.534699
vn -0.420237 -0.521981 -0.714804
vn -0.374001 -0.603826 -0.676279
vn -0.269719 -0.519268 -0.784049
vn -0.269201 -0.603597 -0.723333
vn -0.374001 -0.603826 -0.676279
vn -0.318970 -0.347246 -0.854999
vn -0.230970 -0.220698 -0.920754
vn -0.195047 -0.261254 -0.918548
vn -0.195047 -0.261254 -0.918548
vn -0.230970 -0.220698 -0.920754
vn -0.096184 -0.107951 -0.962608
vn -0.070575 -0.048866 -0.969408
vn 0.051938 0.000354 -0.971745
vn -0.113950 -0.099078 -0.961646
vn -0.070575 -0.048866 -0.969408
vn -0.113950 -0.099078 -0.961646
vn -0.151556 -0.123113 -0.953871
vn -0.230970 -0.220698 -0.920754
vn -0.279028 -0.220261 -0.907814
vn -0.113950 -0.099078 -0.961646
vn -0.443175 -0.330351 -0.806233
vn -0.279028 -0.220261 -0.907814
vn -0.381535 -0.315460 -0.841902
vn -0.443175 -0.330351 -0.806233
vn -0.381535 -0.315460 -0.841902
vn -0.568013 -0.436921 -0.669263
vn -0.568013 -0.436921 -0.669263
vn -0.495170 -0.455924 -0.711914
vn -0.666961 -0.536591 -0.484714
vn -0.568013 -0.436921 -0.669263
vn -0.666961 -0.536591 -0.484714
vn -0.719859 -0.524089 -0.420024
vn -0.810779 -0.493785 -0.266289
vn -0.865410 -0.415729 -0.225011
vn -0.782028 -0.418366 -0.426803
vn -0.704508 -0.476421 -0.493894
vn -0.810779 -0.493785 -0.266289
vn -0.782028 -0.418366 -0.426803
vn -0.782028 -0.418366 -0.426803
vn -0.720216 -0.398083 -0.537183
vn -0.704508 -0.476421 -0.493894
vn -0.704508 -0.476421 -0.493894
vn -0.720216 -0.398083 -0.537183
vn -0.596919 -0.399114 -0.667674
vn -0.596919 -0.399114 -0.667674
vn -0.508776 -0.368429 -0.750634
vn -0.704508 -0.476421 -0.493894
vn -0.720216 -0.398083 -0.537183
vn -0.638175 -0.312716 -0.675151
vn -0.596919 -0.399114 -0.667674
vn -0.810779 -0.493785 -0.266289
vn -0.704508 -0.476421 -0.493894
vn -0.719859 -0.524089 -0.420024
vn -0.719859 -0.524089 -0.420024
vn -0.704508 -0.476421 -0.493894
vn -0.568013 -0.436921 -0.669263
vn -0.508776 -0.368429 -0.750634
vn -0.443175 -0.330351 -0.806233
vn -0.568013 -0.436921 -0.669263
vn -0.443175 -0.330351 -0.806233
vn -0.197081 -0.162361 -0.939982
vn -0.151556 -0.123113 -0.953871
vn -0.070575 -0.048866 -0.969408
vn -0.124342 -0.033239 -0.964779
vn 0.051938 0.000354 -0.971745
vn -0.115071 -0.072800 -0.963790
vn -0.124342 -0.033239 -0.964779
vn -0.070575 -0.048866 -0.969408
vn -0.124342 -0.033239 -0.964779
vn -0.236765 -0.013497 -0.944559
vn 0.051938 0.000354 -0.971745
vn -0.260649 -0.206414 -0.916244
vn -0.115071 -0.072800 -0.963790
vn -0.070575 -0.048866 -0.969408
vn -0.376440 -0.231866 -0.870006
vn -0.115071 -0.072800 -0.963790
vn -0.260649 -0.206414 -0.916244
vn -0.223264 -0.131162 -0.939007
vn -0.124342 -0.033239 -0.964779
vn -0.115071 -0.072800 -0.963790
vn -0.236765 -0.013497 -0.944559
vn -0.237794 0.011292 -0.944335
vn 0.051938 0.000354 -0.971745
vn -0.365133 -0.112896 -0.897124
vn -0.236765 -0.013497 -0.944559
vn -0.124342 -0.033239 -0.964779
vn -0.468919 -0.167157 -0.840161
vn -0.124342 -0.033239 -0.964779
vn -0.223264 -0.131162 -0.939007
vn -0.237794 0.011292 -0.944335
vn 0.037695 0.029852 -0.971940
vn 0.051938 0.000354 -0.971745
vn -0.237794 0.011292 -0.944335
vn -0.052963 -0.000361 -0.971691
vn 0.037695 0.029852 -0.971940
vn 0.084075 -0.040873 -0.968719
vn 0.128289 -0.075718 -0.961947
vn 0.036704 -0.024135 -0.972131
vn 0.090632 -0.063233 -0.966977
vn 0.036704 -0.024135 -0.972131
vn 0.217451 -0.134247 -0.939911
vn 0.090632 -0.063233 -0.966977
vn 0.217451 -0.134247 -0.939911
vn 0.194305 -0.087663 -0.950120
vn 0.040777 0.010366 -0.972210
vn 0.145406 -0.017044 -0.962320
vn 0.134851 0.035828 -0.963315
vn 0.165524 -0.045326 -0.958260
vn 0.040625 -0.021591 -0.972037
vn 0.090632 -0.063233 -0.966977
vn 0.000000 0.000000 -0.973095
vn 0.055425 0.000377 -0.971558
vn 0.084075 -0.040873 -0.968719
vn -0.024888 -0.000433 -0.972785
vn 0.036704 -0.024135 -0.972131
vn 0.090632 -0.063233 -0.966977
vn 0.165524 -0.045326 -0.958260
vn 0.041072 -0.003965 -0.972243
vn 0.040625 -0.021591 -0.972037
vn 0.145406 -0.017044 -0.962320
vn 0.041072 -0.003965 -0.972243
vn 0.165524 -0.045326 -0.958260
vn 0.041072 -0.003965 -0.972243
vn 0.145406 -0.017044 -0.962320
vn 0.040777 0.010366 -0.972210
vn -0.092650 0.006237 -0.968774
vn 0.037695 0.029852 -0.971940
vn -0.052963 -0.000361 -0.971691
vn -0.052963 -0.000361 -0.971691
vn -0.280241 0.021317 -0.932768
vn -0.092650 0.006237 -0.968774
vn 0.134666 0.091723 -0.959746
vn 0.360871 0.267402 -0.866534
vn 0.293048 0.192686 -0.909593
vn 0.293048 0.192686 -0.909593
vn 0.360871 0.267402 -0.866534
vn 0.550741 0.341702 -0.733885
vn 0.089276 0.063568 -0.967079
vn 0.134666 0.091723 -0.959746
vn 0.179975 0.090767 -0.952580
vn 0.293048 0.192686 -0.909593
vn 0.179975 0.090767 -0.952580
vn 0.134666 0.091723 -0.959746
vn 0.000000 0.000000 -0.973095
vn 0.074705 -0.000663 -0.970300
vn 0.055425 0.000377 -0.971558
vn 0.040625 -0.021591 -0.972037
vn -0.024888 -0.000433 -0.972785
vn 0.090632 -0.063233 -0.966977
vn 0.000000 0.000000 -0.973095
vn 0.041072 -0.003965 -0.972243
vn 0.040777 0.010366 -0.972210
vn 0.037695 0.029852 -0.971940
vn -0.111801 -0.011497 -0.966759
vn 0.031463 0.013477 -0.972509
vn -0.111801 -0.011497 -0.966759
vn 0.037695 0.029852 -0.971940
vn -0.092650 0.006237 -0.968774
vn -0.576000 -0.007062 -0.789960
vn -0.299973 0.017102 -0.926862
vn -0.280241 0.021317 -0.932768
vn -0.631348 -0.012734 -0.747600
vn -0.280241 0.021317 -0.932768
vn -0.237794 0.011292 -0.944335
vn -0.237794 0.011292 -0.944335
vn -0.280241 0.021317 -0.932768
vn -0.052963 -0.000361 -0.971691
vn -0.299973 0.017102 -0.926862
vn -0.092650 0.006237 -0.968774
vn -0.280241 0.021317 -0.932768
vn 0.036704 -0.024135 -0.972131
vn -0.024888 -0.000433 -0.972785
vn 0.084075 -0.040873 -0.968719
vn 0.074705 -0.000663 -0.970300
vn 0.000000 0.000000 -0.973095
vn 0.179975 0.090767 -0.952580
vn 0.000000 0.000000 -0.973095
vn 0.089276 0.063568 -0.967079
vn 0.179975 0.090767 -0.952580
vn 0.031463 0.013477 -0.972509
vn -0.147438 -0.070034 -0.959691
vn 0.040777 0.010366 -0.972210
vn -0.111801 -0.011497 -0.966759
vn -0.147438 -0.070034 -0.959691
vn 0.031463 0.013477 -0.972509
vn -0.263420 -0.012289 -0.937683
vn -0.111801 -0.011497 -0.966759
vn -0.092650 0.006237 -0.968774
vn -0.299973 0.017102 -0.926862
vn -0.263420 -0.012289 -0.937683
vn -0.092650 0.006237 -0.968774
vn -0.000000 -0.000000 -0.973095
vn 0.040777 0.010366 -0.972210
vn -0.074465 -0.005545 -0.970303
vn 0.000000 0.000000 -0.973095
vn 0.040625 -0.021591 -0.972037
vn 0.041072 -0.003965 -0.972243
vn 0.237225 0.213123 -0.920936
vn 0.089276 0.063568 -0.967079
vn 0.066580 0.111504 -0.964649
vn -0.000000 -0.000000 -0.973095
vn 0.000000 0.000000 -0.973095
vn 0.040777 0.010366 -0.972210
vn -0.263420 -0.012289 -0.937683
vn -0.147438 -0.070034 -0.959691
vn -0.111801 -0.011497 -0.966759
vn -0.000224 0.033024 -0.972552
vn 0.014054 0.154882 -0.960972
vn 0.024367 0.198313 -0.953001
vn 0.066580 0.111504 -0.964649
vn 0.024367 0.198313 -0.953001
vn -0.002105 0.265693 -0.937270
vn 0.066580 0.111504 -0.964649
vn -0.002105 0.265693 -0.937270
vn 0.144205 0.329395 -0.906364
vn -0.044579 -0.026819 -0.971742
vn -0.074465 -0.005545 -0.970303
vn 0.040777 0.010366 -0.972210
vn -0.044579 -0.026819 -0.971742
vn 0.040777 0.010366 -0.972210
vn -0.147438 -0.070034 -0.959691
vn -0.222868 -0.127834 -0.939543
vn -0.044579 -0.026819 -0.971742
vn -0.147438 -0.070034 -0.959691
vn -0.152081 -0.082654 -0.958012
vn -0.074465 -0.005545 -0.970303
vn -0.044579 -0.026819 -0.971742
vn -0.190667 -0.140664 -0.944647
vn -0.152081 -0.082654 -0.958012
vn -0.044579 -0.026819 -0.971742
vn -0.190667 -0.140664 -0.944647
vn -0.044579 -0.026819 -0.971742
vn -0.222868 -0.127834 -0.939543
vn -0.082855 -0.000564 -0.969657
vn 0.000000 0.000000 -0.973095
vn -0.000000 -0.000000 -0.973095
vn -0.207842 -0.079589 -0.948019
vn -0.000000 -0.000000 -0.973095
vn -0.074465 -0.005545 -0.970303
vn -0.310349 -0.156826 -0.910688
vn -0.207842 -0.079589 -0.948019
vn -0.074465 -0.005545 -0.970303
vn -0.310349 -0.156826 -0.910688
vn -0.074465 -0.005545 -0.970303
vn -0.152081 -0.082654 -0.958012
vn -0.310349 -0.156826 -0.910688
vn -0.152081 -0.082654 -0.958012
vn -0.439037 -0.213423 -0.845696
vn -0.617320 -0.221160 -0.727111
vn -0.310349 -0.156826 -0.910688
vn -0.439037 -0.213423 -0.845696
vn -0.617320 -0.221160 -0.727111
vn -0.439037 -0.213423 -0.845696
vn -0.677717 -0.274841 -0.653277
vn -0.855810 -0.275648 -0.400743
vn -0.710077 -0.196005 -0.647347
vn -0.677717 -0.274841 -0.653277
vn -0.777085 -0.273768 -0.535425
vn -0.785555 -0.378520 -0.455589
vn -0.614932 -0.332446 -0.686898
vn -0.811160 -0.374942 -0.412787
vn -0.677717 -0.274841 -0.653277
vn -0.614932 -0.332446 -0.686898
vn -0.614932 -0.332446 -0.686898
vn -0.785555 -0.378520 -0.455589
vn -0.811160 -0.374942 -0.412787
vn -0.785555 -0.378520 -0.455589
vn -0.866269 -0.375369 -0.283081
vn -0.811160 -0.374942 -0.412787
vn -0.811160 -0.374942 -0.412787
vn -0.897452 -0.341231 -0.224354
vn -0.855810 -0.275648 -0.400743
vn -0.951295 -0.251445 -0.071162
vn -0.937473 -0.205719 -0.225238
vn -0.897452 -0.341231 -0.224354
vn -0.951295 -0.251445 -0.071162
vn -0.897452 -0.341231 -0.224354
vn -0.923049 -0.337083 -0.087858
vn -0.929076 -0.302038 0.136278
vn -0.951295 -0.251445 -0.071162
vn -0.923049 -0.337083 -0.087858
vn -0.920127 -0.236162 0.262762
vn -0.929076 -0.302038 0.136278
vn -0.941394 -0.293459 0.033225
vn -0.931280 -0.176598 0.269789
vn -0.920127 -0.236162 0.262762
vn -0.951717 -0.232775 0.114220
vn -0.951717 -0.232775 0.114220
vn -0.920127 -0.236162 0.262762
vn -0.941394 -0.293459 0.033225
vn -0.978400 -0.058520 0.110190
vn -0.967422 -0.097069 0.164659
vn -0.956251 -0.124125 0.205477
vn -0.978400 -0.058520 0.110190
vn -0.956251 -0.124125 0.205477
vn -0.973625 -0.138708 0.076678
vn -0.959875 -0.172365 0.146965
vn -0.973625 -0.138708 0.076678
vn -0.956251 -0.124125 0.205477
vn -0.956251 -0.124125 0.205477
vn -0.919877 -0.135069 0.325380
vn -0.959875 -0.172365 0.146965
vn -0.911005 -0.281773 0.249790
vn -0.919652 -0.203352 0.289609
vn -0.885191 -0.230800 0.364474
vn -0.867081 -0.301016 0.357096
vn -0.911005 -0.281773 0.249790
vn -0.885191 -0.230800 0.364474
vn -0.867081 -0.301016 0.357096
vn -0.885191 -0.230800 0.364474
vn -0.857737 -0.277892 0.395193
vn -0.867081 -0.301016 0.357096
vn -0.857737 -0.277892 0.395193
vn -0.850554 -0.325751 0.374314
vn -0.885223 -0.268423 0.338494
vn -0.850554 -0.325751 0.374314
vn -0.867271 -0.292024 0.363823
vn -0.833361 -0.407020 0.332493
vn -0.887075 -0.290988 0.314877
vn -0.855315 -0.391934 0.293535
vn -0.833361 -0.407020 0.332493
vn -0.794852 -0.550702 0.195352
vn -0.783160 -0.522505 0.292320
vn -0.833361 -0.407020 0.332493
vn -0.855315 -0.391934 0.293535
vn -0.794852 -0.550702 0.195352
vn -0.855315 -0.391934 0.293535
vn -0.838555 -0.437646 0.277534
vn -0.794852 -0.550702 0.195352
vn -0.838555 -0.437646 0.277534
vn -0.842728 -0.493031 0.142223
vn -0.794852 -0.550702 0.195352
vn -0.867271 -0.292024 0.363823
vn -0.859455 -0.351006 0.329747
vn -0.838555 -0.437646 0.277534
vn -0.814859 -0.557000 0.007917
vn -0.791630 -0.581388 0.097258
vn -0.842728 -0.493031 0.142223
vn -0.814859 -0.557000 0.007917
vn -0.865731 -0.471108 0.049788
vn -0.815691 -0.545309 -0.105994
vn -0.751351 -0.561098 -0.303982
vn -0.810779 -0.493785 -0.266289
vn -0.719859 -0.524089 -0.420024
vn -0.751351 -0.561098 -0.303982
vn -0.719859 -0.524089 -0.420024
vn -0.666961 -0.536591 -0.484714
vn -0.666961 -0.536591 -0.484714
vn -0.495170 -0.455924 -0.711914
vn -0.584563 -0.586280 -0.530284
vn -0.318970 -0.347246 -0.854999
vn -0.278946 -0.423325 -0.835151
vn -0.420237 -0.521981 -0.714804
vn -0.374001 -0.603826 -0.676279
vn -0.420237 -0.521981 -0.714804
vn -0.278946 -0.423325 -0.835151
vn -0.318970 -0.347246 -0.854999
vn -0.195047 -0.261254 -0.918548
vn -0.278946 -0.423325 -0.835151
vn -0.495170 -0.455924 -0.711914
vn -0.230970 -0.220698 -0.920754
vn -0.318970 -0.347246 -0.854999
vn -0.318970 -0.347246 -0.854999
vn -0.420237 -0.521981 -0.714804
vn -0.495170 -0.455924 -0.711914
vn -0.495170 -0.455924 -0.711914
vn -0.381535 -0.315460 -0.841902
vn -0.230970 -0.220698 -0.920754
vn -0.381535 -0.315460 -0.841902
vn -0.495170 -0.455924 -0.711914
vn -0.568013 -0.436921 -0.669263
vn -0.508776 -0.368429 -0.750634
vn -0.197081 -0.162361 -0.939982
vn -0.443175 -0.330351 -0.806233
vn -0.385319 -0.286928 -0.850080
vn -0.260649 -0.206414 -0.916244
vn -0.197081 -0.162361 -0.939982
vn -0.508776 -0.368429 -0.750634
vn -0.385319 -0.286928 -0.850080
vn -0.197081 -0.162361 -0.939982
vn -0.482916 -0.311918 -0.790998
vn -0.260649 -0.206414 -0.916244
vn -0.385319 -0.286928 -0.850080
vn -0.482916 -0.311918 -0.790998
vn -0.385319 -0.286928 -0.850080
vn -0.596919 -0.399114 -0.667674
vn -0.385319 -0.286928 -0.850080
vn -0.508776 -0.368429 -0.750634
vn -0.596919 -0.399114 -0.667674
vn -0.704508 -0.476421 -0.493894
vn -0.508776 -0.368429 -0.750634
vn -0.568013 -0.436921 -0.669263
vn -0.638175 -0.312716 -0.675151
vn -0.376440 -0.231866 -0.870006
vn -0.482916 -0.311918 -0.790998
vn -0.596919 -0.399114 -0.667674
vn -0.638175 -0.312716 -0.675151
vn -0.482916 -0.311918 -0.790998
vn -0.638175 -0.312716 -0.675151
vn -0.468919 -0.167157 -0.840161
vn -0.223264 -0.131162 -0.939007
vn -0.782028 -0.418366 -0.426803
vn -0.844126 -0.286566 -0.417099
vn -0.734050 -0.204787 -0.618028
vn -0.782028 -0.418366 -0.426803
vn -0.734050 -0.204787 -0.618028
vn -0.638175 -0.312716 -0.675151
vn -0.720216 -0.398083 -0.537183
vn -0.782028 -0.418366 -0.426803
vn -0.638175 -0.312716 -0.675151
vn -0.638175 -0.312716 -0.675151
vn -0.734050 -0.204787 -0.618028
vn -0.468919 -0.167157 -0.840161
vn -0.584563 -0.586280 -0.530284
vn -0.495170 -0.455924 -0.711914
vn -0.420237 -0.521981 -0.714804
vn -0.584563 -0.586280 -0.530284
vn -0.420237 -0.521981 -0.714804
vn -0.495582 -0.659806 -0.534699
vn -0.584563 -0.586280 -0.530284
vn -0.495582 -0.659806 -0.534699
vn -0.627170 -0.660774 -0.375376
vn -0.627170 -0.660774 -0.375376
vn -0.683681 -0.601594 -0.375834
vn -0.584563 -0.586280 -0.530284
vn -0.666961 -0.536591 -0.484714
vn -0.584563 -0.586280 -0.530284
vn -0.683681 -0.601594 -0.375834
vn -0.550508 -0.716047 -0.393678
vn -0.627170 -0.660774 -0.375376
vn -0.495582 -0.659806 -0.534699
vn -0.876566 -0.415472 0.178683
vn -0.838555 -0.437646 0.277534
vn -0.859455 -0.351006 0.329747
vn -0.859455 -0.351006 0.329747
vn -0.886599 -0.266753 0.336261
vn -0.876566 -0.415472 0.178683
vn -0.886599 -0.266753 0.336261
vn -0.912060 -0.175799 0.327921
vn -0.915899 -0.295199 0.214908
vn -0.886599 -0.266753 0.336261
vn -0.915899 -0.295199 0.214908
vn -0.876566 -0.415472 0.178683
vn -0.915899 -0.295199 0.214908
vn -0.922020 -0.351183 0.012639
vn -0.905886 -0.377492 0.101349
vn -0.897647 -0.409204 -0.023330
vn -0.905886 -0.377492 0.101349
vn -0.922020 -0.351183 0.012639
vn -0.897647 -0.409204 -0.023330
vn -0.922020 -0.351183 0.012639
vn -0.865410 -0.415729 -0.225011
vn -0.922020 -0.351183 0.012639
vn -0.949583 -0.256772 0.074876
vn -0.944419 -0.280291 -0.053642
vn -0.949583 -0.256772 0.074876
vn -0.975607 -0.143500 -0.028428
vn -0.944419 -0.280291 -0.053642
vn -0.949182 -0.185896 0.191732
vn -0.971878 -0.136477 0.098906
vn -0.949583 -0.256772 0.074876
vn -0.971878 -0.136477 0.098906
vn -0.975607 -0.143500 -0.028428
vn -0.949583 -0.256772 0.074876
vn -0.942112 -0.135214 0.256028
vn -0.971878 -0.136477 0.098906
vn -0.949182 -0.185896 0.191732
vn -0.949182 -0.185896 0.191732
vn -0.912060 -0.175799 0.327921
vn -0.942112 -0.135214 0.256028
vn -0.857737 -0.277892 0.395193
vn -0.859455 -0.351006 0.329747
vn -0.867271 -0.292024 0.363823
vn -0.857737 -0.277892 0.395193
vn -0.886599 -0.266753 0.336261
vn -0.859455 -0.351006 0.329747
vn -0.885191 -0.230800 0.364474
vn -0.886599 -0.266753 0.336261
vn -0.857737 -0.277892 0.395193
vn -0.885191 -0.230800 0.364474
vn -0.919652 -0.203352 0.289609
vn -0.886599 -0.266753 0.336261
vn -0.919652 -0.203352 0.289609
vn -0.912060 -0.175799 0.327921
vn -0.886599 -0.266753 0.336261
vn -0.959875 -0.172365 0.146965
vn -0.919652 -0.203352 0.289609
vn -0.947835 -0.229801 0.146817
vn -0.919877 -0.135069 0.325380
vn -0.912060 -0.175799 0.327921
vn -0.919652 -0.203352 0.289609
vn -0.912060 -0.175799 0.327921
vn -0.944002 -0.099605 0.264929
vn -0.942112 -0.135214 0.256028
vn -0.919652 -0.203352 0.289609
vn -0.959875 -0.172365 0.146965
vn -0.919877 -0.135069 0.325380
vn -0.919877 -0.135069 0.325380
vn -0.942643 -0.120482 0.261206
vn -0.944002 -0.099605 0.264929
vn -0.919877 -0.135069 0.325380
vn -0.944002 -0.099605 0.264929
vn -0.912060 -0.175799 0.327921
vn -0.942112 -0.135214 0.256028
vn -0.944002 -0.099605 0.264929
vn -0.974370 -0.062683 0.138960
vn -0.972394 -0.041295 -0.158773
vn -0.879305 -0.066453 -0.436240
vn -0.940949 -0.096480 -0.276370
vn -0.972394 -0.041295 -0.158773
vn -0.940949 -0.096480 -0.276370
vn -0.970136 -0.091715 -0.151573
vn -0.975607 -0.143500 -0.028428
vn -0.972394 -0.041295 -0.158773
vn -0.970136 -0.091715 -0.151573
vn -0.974370 -0.062683 0.138960
vn -0.982717 -0.071709 -0.047303
vn -0.971878 -0.136477 0.098906
vn -0.974370 -0.062683 0.138960
vn -0.971878 -0.136477 0.098906
vn -0.942112 -0.135214 0.256028
vn -0.982717 -0.071709 -0.047303
vn -0.975607 -0.143500 -0.028428
vn -0.971878 -0.136477 0.098906
vn -0.982717 -0.071709 -0.047303
vn -0.972394 -0.041295 -0.158773
vn -0.975607 -0.143500 -0.028428
vn -0.828315 -0.038384 -0.527145
vn -0.724857 -0.033177 -0.659241
vn -0.879305 -0.066453 -0.436240
vn -0.828315 -0.038384 -0.527145
vn -0.788368 -0.076409 -0.580078
vn -0.629736 -0.005289 -0.749008
vn -0.629736 -0.005289 -0.749008
vn -0.788368 -0.076409 -0.580078
vn -0.633689 -0.084781 -0.741089
vn -0.633689 -0.084781 -0.741089
vn -0.780929 -0.148412 -0.576331
vn -0.544768 -0.156431 -0.796506
vn -0.479962 -0.010285 -0.850094
vn -0.629736 -0.005289 -0.749008
vn -0.633689 -0.084781 -0.741089
vn -0.386787 -0.076184 -0.892030
vn -0.633689 -0.084781 -0.741089
vn -0.544768 -0.156431 -0.796506
vn -0.386787 -0.076184 -0.892030
vn -0.222868 -0.127834 -0.939543
vn -0.147438 -0.070034 -0.959691
vn -0.544768 -0.156431 -0.796506
vn -0.222868 -0.127834 -0.939543
vn -0.386787 -0.076184 -0.892030
vn -0.386787 -0.076184 -0.892030
vn -0.147438 -0.070034 -0.959691
vn -0.263420 -0.012289 -0.937683
vn -0.479962 -0.010285 -0.850094
vn -0.386787 -0.076184 -0.892030
vn -0.263420 -0.012289 -0.937683
vn -0.479962 -0.010285 -0.850094
vn -0.263420 -0.012289 -0.937683
vn -0.299973 0.017102 -0.926862
vn -0.479962 -0.010285 -0.850094
vn -0.633689 -0.084781 -0.741089
vn -0.386787 -0.076184 -0.892030
vn -0.576000 -0.007062 -0.789960
vn -0.479962 -0.010285 -0.850094
vn -0.299973 0.017102 -0.926862
vn -0.576000 -0.007062 -0.789960
vn -0.629736 -0.005289 -0.749008
vn -0.479962 -0.010285 -0.850094
vn -0.828315 -0.038384 -0.527145
vn -0.629736 -0.005289 -0.749008
vn -0.724857 -0.033177 -0.659241
vn -0.974269 -0.098522 -0.117898
vn -0.972394 -0.041295 -0.158773
vn -0.982717 -0.071709 -0.047303
vn -0.974269 -0.098522 -0.117898
vn -0.879305 -0.066453 -0.436240
vn -0.972394 -0.041295 -0.158773
vn -0.974269 -0.098522 -0.117898
vn -0.926904 -0.052194 -0.329075
vn -0.879305 -0.066453 -0.436240
vn -0.926904 -0.052194 -0.329075
vn -0.828315 -0.038384 -0.527145
vn -0.879305 -0.066453 -0.436240
vn -0.926904 -0.052194 -0.329075
vn -0.974269 -0.098522 -0.117898
vn -0.969424 -0.058312 -0.170815
vn -0.969424 -0.058312 -0.170815
vn -0.908890 -0.044619 -0.375739
vn -0.926904 -0.052194 -0.329075
vn -0.982717 -0.071709 -0.047303
vn -0.959832 -0.118110 0.192239
vn -0.979112 -0.120618 0.001250
vn -0.979112 -0.120618 0.001250
vn -0.974269 -0.098522 -0.117898
vn -0.982717 -0.071709 -0.047303
vn -0.959832 -0.118110 0.192239
vn -0.982717 -0.071709 -0.047303
vn -0.974370 -0.062683 0.138960
vn -0.944002 -0.099605 0.264929
vn -0.959832 -0.118110 0.192239
vn -0.974370 -0.062683 0.138960
vn -0.942643 -0.120482 0.261206
vn -0.959832 -0.118110 0.192239
vn -0.944002 -0.099605 0.264929
vn -0.979112 -0.120618 0.001250
vn -0.969424 -0.058312 -0.170815
vn -0.974269 -0.098522 -0.117898
vn -0.948890 -0.114737 -0.240913
vn -0.969424 -0.058312 -0.170815
vn -0.979112 -0.120618 0.001250
vn -0.969424 -0.058312 -0.170815
vn -0.948890 -0.114737 -0.240913
vn -0.908890 -0.044619 -0.375739
vn -0.892548 -0.095519 -0.403619
vn -0.788368 -0.076409 -0.580078
vn -0.908890 -0.044619 -0.375739
vn -0.892548 -0.095519 -0.403619
vn -0.877740 -0.206099 -0.395074
vn -0.780929 -0.148412 -0.576331
vn -0.892548 -0.095519 -0.403619
vn -0.780929 -0.148412 -0.576331
vn -0.788368 -0.076409 -0.580078
vn -0.828315 -0.038384 -0.527145
vn -0.908890 -0.044619 -0.375739
vn -0.788368 -0.076409 -0.580078
vn -0.948890 -0.114737 -0.240913
vn -0.892548 -0.095519 -0.403619
vn -0.908890 -0.044619 -0.375739
vn -0.948890 -0.114737 -0.240913
vn -0.877740 -0.206099 -0.395074
vn -0.892548 -0.095519 -0.403619
vn -0.948890 -0.114737 -0.240913
vn -0.979112 -0.120618 0.001250
vn -0.960096 -0.225452 -0.026671
vn -0.960096 -0.225452 -0.026671
vn -0.947247 -0.240490 -0.133291
vn -0.948890 -0.114737 -0.240913
vn -0.877740 -0.206099 -0.395074
vn -0.929923 -0.200587 -0.257821
vn -0.873829 -0.270710 -0.364533
vn -0.947247 -0.240490 -0.133291
vn -0.911708 -0.312859 -0.207917
vn -0.929923 -0.200587 -0.257821
vn -0.873829 -0.270710 -0.364533
vn -0.929923 -0.200587 -0.257821
vn -0.911708 -0.312859 -0.207917
vn -0.966836 -0.181372 0.073892
vn -0.960096 -0.225452 -0.026671
vn -0.979112 -0.120618 0.001250
vn -0.959832 -0.118110 0.192239
vn -0.966836 -0.181372 0.073892
vn -0.979112 -0.120618 0.001250
vn -0.948890 -0.114737 -0.240913
vn -0.947247 -0.240490 -0.133291
vn -0.929923 -0.200587 -0.257821
vn -0.931280 -0.176598 0.269789
vn -0.966836 -0.181372 0.073892
vn -0.959832 -0.118110 0.192239
vn -0.911708 -0.312859 -0.207917
vn -0.866269 -0.375369 -0.283081
vn -0.873829 -0.270710 -0.364533
vn -0.777085 -0.273768 -0.535425
vn -0.873829 -0.270710 -0.364533
vn -0.785555 -0.378520 -0.455589
vn -0.598864 -0.289831 -0.718689
vn -0.494438 -0.284974 -0.793921
vn -0.575182 -0.222648 -0.759569
vn -0.598864 -0.289831 -0.718689
vn -0.575182 -0.222648 -0.759569
vn -0.753509 -0.202873 -0.595441
vn -0.753509 -0.202873 -0.595441
vn -0.777085 -0.273768 -0.535425
vn -0.598864 -0.289831 -0.718689
vn -0.614932 -0.332446 -0.686898
vn -0.494438 -0.284974 -0.793921
vn -0.598864 -0.289831 -0.718689
vn -0.777085 -0.273768 -0.535425
vn -0.614932 -0.332446 -0.686898
vn -0.598864 -0.289831 -0.718689
vn -0.873829 -0.270710 -0.364533
vn -0.777085 -0.273768 -0.535425
vn -0.877740 -0.206099 -0.395074
vn -0.877740 -0.206099 -0.395074
vn -0.777085 -0.273768 -0.535425
vn -0.753509 -0.202873 -0.595441
vn -0.780929 -0.148412 -0.576331
vn -0.877740 -0.206099 -0.395074
vn -0.753509 -0.202873 -0.595441
vn -0.780929 -0.148412 -0.576331
vn -0.753509 -0.202873 -0.595441
vn -0.544768 -0.156431 -0.796506
vn -0.633689 -0.084781 -0.741089
vn -0.788368 -0.076409 -0.580078
vn -0.780929 -0.148412 -0.576331
vn -0.908890 -0.044619 -0.375739
vn -0.828315 -0.038384 -0.527145
vn -0.926904 -0.052194 -0.329075
vn -0.753509 -0.202873 -0.595441
vn -0.575182 -0.222648 -0.759569
vn -0.544768 -0.156431 -0.796506
vn -0.385688 -0.202285 -0.873213
vn -0.575182 -0.222648 -0.759569
vn -0.494438 -0.284974 -0.793921
vn -0.494438 -0.284974 -0.793921
vn -0.152081 -0.082654 -0.958012
vn -0.190667 -0.140664 -0.944647
vn -0.385688 -0.202285 -0.873213
vn -0.190667 -0.140664 -0.944647
vn -0.222868 -0.127834 -0.939543
vn -0.494438 -0.284974 -0.793921
vn -0.190667 -0.140664 -0.944647
vn -0.385688 -0.202285 -0.873213
vn -0.544768 -0.156431 -0.796506
vn -0.385688 -0.202285 -0.873213
vn -0.222868 -0.127834 -0.939543
vn -0.544768 -0.156431 -0.796506
vn -0.575182 -0.222648 -0.759569
vn -0.385688 -0.202285 -0.873213
vn -0.439037 -0.213423 -0.845696
vn -0.152081 -0.082654 -0.958012
vn -0.494438 -0.284974 -0.793921
vn -0.439037 -0.213423 -0.845696
vn -0.494438 -0.284974 -0.793921
vn -0.614932 -0.332446 -0.686898
vn -0.207842 -0.079589 -0.948019
vn -0.147133 -0.016686 -0.962070
vn -0.000000 -0.000000 -0.973095
vn -0.147133 -0.016686 -0.962070
vn -0.082855 -0.000564 -0.969657
vn -0.000000 -0.000000 -0.973095
vn 0.000000 0.000000 -0.973095
vn 0.084075 -0.040873 -0.968719
vn -0.024888 -0.000433 -0.972785
vn -0.067096 -0.011379 -0.970777
vn 0.040625 -0.021591 -0.972037
vn 0.000000 0.000000 -0.973095
vn -0.162547 -0.024307 -0.959496
vn 0.000000 0.000000 -0.973095
vn -0.242478 -0.013171 -0.943152
vn -0.428955 -0.033875 -0.875649
vn -0.162547 -0.024307 -0.959496
vn -0.242478 -0.013171 -0.943152
vn -0.242478 -0.013171 -0.943152
vn -0.082855 -0.000564 -0.969657
vn -0.350741 -0.052929 -0.908018
vn -0.350741 -0.052929 -0.908018
vn -0.147133 -0.016686 -0.962070
vn -0.480389 -0.115526 -0.842274
vn -0.727858 -0.122590 -0.645642
vn -0.350741 -0.052929 -0.908018
vn -0.480389 -0.115526 -0.842274
vn -0.727858 -0.122590 -0.645642
vn -0.480389 -0.115526 -0.842274
vn -0.710077 -0.196005 -0.647347
vn -0.710077 -0.196005 -0.647347
vn -0.873021 -0.185108 -0.414830
vn -0.727858 -0.122590 -0.645642
vn -0.855810 -0.275648 -0.400743
vn -0.873021 -0.185108 -0.414830
vn -0.710077 -0.196005 -0.647347
vn -0.897452 -0.341231 -0.224354
vn -0.937473 -0.205719 -0.225238
vn -0.873021 -0.185108 -0.414830
vn -0.897452 -0.341231 -0.224354
vn -0.873021 -0.185108 -0.414830
vn -0.855810 -0.275648 -0.400743
vn -0.959441 -0.209745 -0.092535
vn -0.930632 -0.179274 -0.270253
vn -0.937473 -0.205719 -0.225238
vn -0.951295 -0.251445 -0.071162
vn -0.959441 -0.209745 -0.092535
vn -0.937473 -0.205719 -0.225238
vn -0.953011 -0.254509 0.019523
vn -0.959441 -0.209745 -0.092535
vn -0.951295 -0.251445 -0.071162
vn -0.951295 -0.251445 -0.071162
vn -0.929076 -0.302038 0.136278
vn -0.953011 -0.254509 0.019523
vn -0.929076 -0.302038 0.136278
vn -0.939322 -0.252572 0.162908
vn -0.953011 -0.254509 0.019523
vn -0.907579 -0.217203 0.315739
vn -0.939322 -0.252572 0.162908
vn -0.929076 -0.302038 0.136278
vn -0.907579 -0.217203 0.315739
vn -0.929076 -0.302038 0.136278
vn -0.920127 -0.236162 0.262762
vn -0.910083 -0.247974 0.285284
vn -0.939322 -0.252572 0.162908
vn -0.907579 -0.217203 0.315739
vn -0.910083 -0.247974 0.285284
vn -0.935601 -0.252504 0.182649
vn -0.939322 -0.252572 0.162908
vn -0.873021 -0.185108 -0.414830
vn -0.930632 -0.179274 -0.270253
vn -0.817185 -0.162492 -0.521089
vn -0.660907 -0.091732 -0.716754
vn -0.717819 -0.099411 -0.660276
vn -0.817185 -0.162492 -0.521089
vn -0.660907 -0.091732 -0.716754
vn -0.817185 -0.162492 -0.521089
vn -0.785851 -0.146361 -0.570297
vn -0.717819 -0.099411 -0.660276
vn -0.873021 -0.185108 -0.414830
vn -0.817185 -0.162492 -0.521089
vn -0.938093 -0.257865 -0.161754
vn -0.930632 -0.179274 -0.270253
vn -0.959441 -0.209745 -0.092535
vn -0.953011 -0.254509 0.019523
vn -0.938093 -0.257865 -0.161754
vn -0.959441 -0.209745 -0.092535
vn -0.938093 -0.257865 -0.161754
vn -0.947415 -0.275317 0.006432
vn -0.937021 -0.230727 -0.202423
vn -0.938093 -0.257865 -0.161754
vn -0.937021 -0.230727 -0.202423
vn -0.883238 -0.217914 -0.376572
vn -0.930632 -0.179274 -0.270253
vn -0.938093 -0.257865 -0.161754
vn -0.883238 -0.217914 -0.376572
vn -0.785851 -0.146361 -0.570297
vn -0.817185 -0.162492 -0.521089
vn -0.883238 -0.217914 -0.376572
vn -0.929105 -0.211487 -0.252185
vn -0.862446 -0.188664 -0.434342
vn -0.883238 -0.217914 -0.376572
vn -0.929105 -0.211487 -0.252185
vn -0.883238 -0.217914 -0.376572
vn -0.937021 -0.230727 -0.202423
vn -0.964648 -0.206693 -0.006834
vn -0.929105 -0.211487 -0.252185
vn -0.937021 -0.230727 -0.202423
vn -0.935601 -0.252504 0.182649
vn -0.964648 -0.206693 -0.006834
vn -0.947415 -0.275317 0.006432
vn -0.935601 -0.252504 0.182649
vn -0.947415 -0.275317 0.006432
vn -0.953011 -0.254509 0.019523
vn -0.953011 -0.254509 0.019523
vn -0.947415 -0.275317 0.006432
vn -0.938093 -0.257865 -0.161754
vn -0.947415 -0.275317 0.006432
vn -0.964648 -0.206693 -0.006834
vn -0.937021 -0.230727 -0.202423
vn -0.939322 -0.252572 0.162908
vn -0.935601 -0.252504 0.182649
vn -0.953011 -0.254509 0.019523
vn -0.875415 -0.244818 0.378320
vn -0.935601 -0.252504 0.182649
vn -0.910083 -0.247974 0.285284
vn -0.875415 -0.244818 0.378320
vn -0.949529 -0.231962 0.132139
vn -0.935601 -0.252504 0.182649
vn -0.876140 -0.288109 0.345722
vn -0.949529 -0.231962 0.132139
vn -0.875415 -0.244818 0.378320
vn -0.949529 -0.231962 0.132139
vn -0.964648 -0.206693 -0.006834
vn -0.935601 -0.252504 0.182649
vn -0.951798 -0.242196 -0.092513
vn -0.929105 -0.211487 -0.252185
vn -0.964648 -0.206693 -0.006834
vn -0.949529 -0.231962 0.132139
vn -0.951798 -0.242196 -0.092513
vn -0.964648 -0.206693 -0.006834
vn -0.807534 -0.259594 0.497050
vn -0.802566 -0.229291 0.518849
vn -0.876140 -0.288109 0.345722
vn -0.802566 -0.229291 0.518849
vn -0.885686 -0.228564 0.364669
vn -0.876140 -0.288109 0.345722
vn -0.695979 -0.207018 0.658820
vn -0.682751 -0.128549 0.690880
vn -0.802566 -0.229291 0.518849
vn -0.785158 -0.176278 0.562976
vn -0.695979 -0.207018 0.658820
vn -0.807534 -0.259594 0.497050
vn -0.788998 -0.107659 0.574410
vn -0.732381 -0.091248 0.645697
vn -0.785158 -0.176278 0.562976
vn -0.914966 -0.067715 0.357604
vn -0.846039 -0.098282 0.490989
vn -0.873464 -0.180155 0.416035
vn -0.957687 -0.061170 0.225508
vn -0.949323 -0.009308 0.264422
vn -0.954957 -0.112193 0.217626
vn -0.920740 -0.042572 0.346780
vn -0.957687 -0.061170 0.225508
vn -0.956173 -0.091369 0.221829
vn -0.901625 -0.021869 0.394264
vn -0.920740 -0.042572 0.346780
vn -0.896286 -0.013550 0.406287
vn -0.960604 0.105180 0.195734
vn -0.966715 0.014691 0.193310
vn -0.970053 0.153002 0.092691
vn -0.960604 0.105180 0.195734
vn -0.970053 0.153002 0.092691
vn -0.942653 0.219689 0.188400
vn -0.928172 0.173602 0.281825
vn -0.937594 0.074697 0.293476
vn -0.960604 0.105180 0.195734
vn -0.928172 0.173602 0.281825
vn -0.960604 0.105180 0.195734
vn -0.942653 0.219689 0.188400
vn -0.847448 0.053956 0.495268
vn -0.896286 -0.013550 0.406287
vn -0.897276 0.146998 0.377587
vn -0.901625 -0.021869 0.394264
vn -0.896286 -0.013550 0.406287
vn -0.847448 0.053956 0.495268
vn -0.836614 0.165793 0.489099
vn -0.811564 0.099979 0.544379
vn -0.847448 0.053956 0.495268
vn -0.793173 0.156303 0.557738
vn -0.758707 0.101139 0.613909
vn -0.811564 0.099979 0.544379
vn -0.793173 0.156303 0.557738
vn -0.811564 0.099979 0.544379
vn -0.836614 0.165793 0.489099
vn -0.839083 0.266097 0.439542
vn -0.836614 0.165793 0.489099
vn -0.845534 0.323250 0.387259
vn -0.864368 0.335680 0.332706
vn -0.839083 0.266097 0.439542
vn -0.845534 0.323250 0.387259
vn -0.793173 0.156303 0.557738
vn -0.839083 0.266097 0.439542
vn -0.856059 0.223044 0.430826
vn -0.856059 0.223044 0.430826
vn -0.782826 0.172368 0.567292
vn -0.793173 0.156303 0.557738
vn -0.793173 0.156303 0.557738
vn -0.782826 0.172368 0.567292
vn -0.722676 0.173127 0.640063
vn -0.856059 0.223044 0.430826
vn -0.839570 0.298816 0.417711
vn -0.797404 0.242418 0.520805
vn -0.867810 0.347069 0.312017
vn -0.839570 0.298816 0.417711
vn -0.856059 0.223044 0.430826
vn -0.762441 0.352145 0.510939
vn -0.797404 0.242418 0.520805
vn -0.839570 0.298816 0.417711
vn -0.685641 0.320198 0.624576
vn -0.709453 0.229165 0.637379
vn -0.797404 0.242418 0.520805
vn -0.722676 0.173127 0.640063
vn -0.782826 0.172368 0.567292
vn -0.709453 0.229165 0.637379
vn -0.659096 0.271842 0.672743
vn -0.722676 0.173127 0.640063
vn -0.709453 0.229165 0.637379
vn -0.659096 0.271842 0.672743
vn -0.651296 0.230373 0.694778
vn -0.722676 0.173127 0.640063
vn -0.586197 0.308273 0.721407
vn -0.651296 0.230373 0.694778
vn -0.659096 0.271842 0.672743
vn -0.659096 0.271842 0.672743
vn -0.579073 0.364640 0.701238
vn -0.586197 0.308273 0.721407
vn -0.651296 0.230373 0.694778
vn -0.610583 0.270064 0.716555
vn -0.670562 0.216364 0.681178
vn -0.610583 0.270064 0.716555
vn -0.651296 0.230373 0.694778
vn -0.586197 0.308273 0.721407
vn -0.246927 0.528775 0.785195
vn -0.388835 0.575604 0.691816
vn -0.210549 0.606680 0.739576
vn -0.274171 0.653005 0.678524
vn -0.086618 0.629105 0.745615
vn -0.210549 0.606680 0.739576
vn -0.246927 0.528775 0.785195
vn -0.210549 0.606680 0.739576
vn -0.086618 0.629105 0.745615
vn -0.210549 0.606680 0.739576
vn -0.388835 0.575604 0.691816
vn -0.274171 0.653005 0.678524
vn 0.054686 0.635510 0.743291
vn 0.029185 0.692380 0.693797
vn 0.177232 0.654920 0.707493
vn -0.086618 0.629105 0.745615
vn -0.118090 0.678904 0.697516
vn 0.054686 0.635510 0.743291
vn 0.054686 0.635510 0.743291
vn -0.118090 0.678904 0.697516
vn 0.029185 0.692380 0.693797
vn -0.086618 0.629105 0.745615
vn -0.274171 0.653005 0.678524
vn -0.118090 0.678904 0.697516
vn -0.421202 0.617352 0.636252
vn -0.388835 0.575604 0.691816
vn -0.506828 0.528625 0.652738
vn -0.506828 0.528625 0.652738
vn -0.446030 0.496921 0.716907
vn -0.554703 0.442183 0.676734
vn -0.506828 0.528625 0.652738
vn -0.388835 0.575604 0.691816
vn -0.446030 0.496921 0.716907
vn -0.446030 0.496921 0.716907
vn -0.388835 0.575604 0.691816
vn -0.246927 0.528775 0.785195
vn -0.246927 0.528775 0.785195
vn -0.405208 0.411608 0.789245
vn -0.446030 0.496921 0.716907
vn -0.405208 0.411608 0.789245
vn -0.495451 0.420551 0.732534
vn -0.446030 0.496921 0.716907
vn -0.523699 0.312744 0.765004
vn -0.405208 0.411608 0.789245
vn -0.307625 0.405025 0.834149
vn -0.307625 0.405025 0.834149
vn -0.238620 0.435134 0.841403
vn -0.245679 0.482799 0.813766
vn -0.359541 0.444071 0.793701
vn -0.407729 0.471342 0.754840
vn -0.358223 0.443329 0.794682
vn -0.552187 0.382495 0.713020
vn -0.407729 0.471342 0.754840
vn -0.423961 0.439917 0.764466
vn -0.552187 0.382495 0.713020
vn -0.423961 0.439917 0.764466
vn -0.566278 0.387952 0.699275
vn -0.635358 0.310482 0.678726
vn -0.552187 0.382495 0.713020
vn -0.566278 0.387952 0.699275
vn -0.578593 0.314165 0.724906
vn -0.552187 0.382495 0.713020
vn -0.635358 0.310482 0.678726
vn -0.258994 0.490855 0.805031
vn -0.427537 0.438063 0.763560
vn -0.302183 0.395969 0.840276
vn -0.359541 0.444071 0.793701
vn -0.302183 0.395969 0.840276
vn -0.423961 0.439917 0.764466
vn -0.427537 0.438063 0.763560
vn -0.423961 0.439917 0.764466
vn -0.302183 0.395969 0.840276
vn -0.513134 0.357644 0.752801
vn -0.423961 0.439917 0.764466
vn -0.427537 0.438063 0.763560
vn -0.491050 0.358282 0.766711
vn -0.513134 0.357644 0.752801
vn -0.427537 0.438063 0.763560
vn -0.615066 0.335078 0.685540
vn -0.513134 0.357644 0.752801
vn -0.491050 0.358282 0.766711
vn -0.729004 0.244853 0.609654
vn -0.635358 0.310482 0.678726
vn -0.729119 0.265999 0.600868
vn -0.814605 0.138189 0.531709
vn -0.729004 0.244853 0.609654
vn -0.729119 0.265999 0.600868
vn -0.729119 0.265999 0.600868
vn -0.766105 0.179739 0.586946
vn -0.814605 0.138189 0.531709
vn -0.795911 0.124327 0.561727
vn -0.806001 0.177036 0.533302
vn -0.861037 0.127126 0.458099
vn -0.758707 0.101139 0.613909
vn -0.793173 0.156303 0.557738
vn -0.722676 0.173127 0.640063
vn -0.722676 0.173127 0.640063
vn -0.651296 0.230373 0.694778
vn -0.712309 0.159118 0.654727
vn -0.758707 0.101139 0.613909
vn -0.786646 0.078448 0.582086
vn -0.811564 0.099979 0.544379
vn -0.712309 0.159118 0.654727
vn -0.768217 0.178204 0.584709
vn -0.795911 0.124327 0.561727
vn -0.795911 0.124327 0.561727
vn -0.786646 0.078448 0.582086
vn -0.722676 0.173127 0.640063
vn -0.712309 0.159118 0.654727
vn -0.795911 0.124327 0.561727
vn -0.722676 0.173127 0.640063
vn -0.712309 0.159118 0.654727
vn -0.670562 0.216364 0.681178
vn -0.768217 0.178204 0.584709
vn -0.523699 0.312744 0.765004
vn -0.578593 0.314165 0.724906
vn -0.610583 0.270064 0.716555
vn -0.426012 0.395844 0.786397
vn -0.523699 0.312744 0.765004
vn -0.307625 0.405025 0.834149
vn -0.358223 0.443329 0.794682
vn -0.426012 0.395844 0.786397
vn -0.307625 0.405025 0.834149
vn -0.358223 0.443329 0.794682
vn -0.307625 0.405025 0.834149
vn -0.245679 0.482799 0.813766
vn -0.407729 0.471342 0.754840
vn -0.426012 0.395844 0.786397
vn -0.358223 0.443329 0.794682
vn -0.552187 0.382495 0.713020
vn -0.426012 0.395844 0.786397
vn -0.407729 0.471342 0.754840
vn -0.552187 0.382495 0.713020
vn -0.578593 0.314165 0.724906
vn -0.426012 0.395844 0.786397
vn -0.670562 0.216364 0.681178
vn -0.635358 0.310482 0.678726
vn -0.729004 0.244853 0.609654
vn -0.768217 0.178204 0.584709
vn -0.670562 0.216364 0.681178
vn -0.729004 0.244853 0.609654
vn -0.635358 0.310482 0.678726
vn -0.610583 0.270064 0.716555
vn -0.578593 0.314165 0.724906
vn -0.670562 0.216364 0.681178
vn -0.610583 0.270064 0.716555
vn -0.635358 0.310482 0.678726
vn -0.729004 0.244853 0.609654
vn -0.806001 0.177036 0.533302
vn -0.795911 0.124327 0.561727
vn -0.729004 0.244853 0.609654
vn -0.795911 0.124327 0.561727
vn -0.768217 0.178204 0.584709
vn -0.901625 -0.021869 0.394264
vn -0.957687 -0.061170 0.225508
vn -0.920740 -0.042572 0.346780
vn -0.901625 -0.021869 0.394264
vn -0.847448 0.053956 0.495268
vn -0.879975 0.050204 0.437031
vn -0.793173 0.156303 0.557738
vn -0.836614 0.165793 0.489099
vn -0.839083 0.266097 0.439542
vn -0.901625 -0.021869 0.394264
vn -0.917583 0.028027 0.356227
vn -0.957687 -0.061170 0.225508
vn -0.879975 0.050204 0.437031
vn -0.917583 0.028027 0.356227
vn -0.901625 -0.021869 0.394264
vn -0.879975 0.050204 0.437031
vn -0.861037 0.127126 0.458099
vn -0.917583 0.028027 0.356227
vn -0.917583 0.028027 0.356227
vn -0.949323 -0.009308 0.264422
vn -0.957687 -0.061170 0.225508
vn -0.917583 0.028027 0.356227
vn -0.918683 0.031808 0.353149
vn -0.949323 -0.009308 0.264422
vn -0.918683 0.031808 0.353149
vn -0.917583 0.028027 0.356227
vn -0.861037 0.127126 0.458099
vn -0.914966 -0.067715 0.357604
vn -0.949323 -0.009308 0.264422
vn -0.918683 0.031808 0.353149
vn -0.795911 0.124327 0.561727
vn -0.861037 0.127126 0.458099
vn -0.879975 0.050204 0.437031
vn -0.814605 0.138189 0.531709
vn -0.852924 0.011888 0.488789
vn -0.861037 0.127126 0.458099
vn -0.852924 0.011888 0.488789
vn -0.918683 0.031808 0.353149
vn -0.861037 0.127126 0.458099
vn -0.814605 0.138189 0.531709
vn -0.766105 0.179739 0.586946
vn -0.791933 0.065739 0.576610
vn -0.766105 0.179739 0.586946
vn -0.729119 0.265999 0.600868
vn -0.666704 0.235079 0.678848
vn -0.635358 0.310482 0.678726
vn -0.566278 0.387952 0.699275
vn -0.615066 0.335078 0.685540
vn -0.635358 0.310482 0.678726
vn -0.666704 0.235079 0.678848
vn -0.729119 0.265999 0.600868
vn -0.615066 0.335078 0.685540
vn -0.666704 0.235079 0.678848
vn -0.635358 0.310482 0.678726
vn -0.513134 0.357644 0.752801
vn -0.566278 0.387952 0.699275
vn -0.423961 0.439917 0.764466
vn -0.513134 0.357644 0.752801
vn -0.615066 0.335078 0.685540
vn -0.566278 0.387952 0.699275
vn -0.407729 0.471342 0.754840
vn -0.359541 0.444071 0.793701
vn -0.423961 0.439917 0.764466
vn -0.766105 0.179739 0.586946
vn -0.666704 0.235079 0.678848
vn -0.709935 0.157900 0.657516
vn -0.709935 0.157900 0.657516
vn -0.643643 0.178865 0.716097
vn -0.672113 0.092383 0.706460
vn -0.709935 0.157900 0.657516
vn -0.672113 0.092383 0.706460
vn -0.745686 0.068488 0.633493
vn -0.709935 0.157900 0.657516
vn -0.745686 0.068488 0.633493
vn -0.791933 0.065739 0.576610
vn -0.709935 0.157900 0.657516
vn -0.666704 0.235079 0.678848
vn -0.643643 0.178865 0.716097
vn -0.814605 0.138189 0.531709
vn -0.791933 0.065739 0.576610
vn -0.852924 0.011888 0.488789
vn -0.711691 0.036143 0.672906
vn -0.745686 0.068488 0.633493
vn -0.672113 0.092383 0.706460
vn -0.808754 -0.011312 0.557086
vn -0.698227 -0.070979 0.683854
vn -0.805315 -0.052710 0.559622
vn -0.808754 -0.011312 0.557086
vn -0.791933 0.065739 0.576610
vn -0.741250 -0.031852 0.641323
vn -0.741250 -0.031852 0.641323
vn -0.698227 -0.070979 0.683854
vn -0.808754 -0.011312 0.557086
vn -0.805315 -0.052710 0.559622
vn -0.852924 0.011888 0.488789
vn -0.808754 -0.011312 0.557086
vn -0.741250 -0.031852 0.641323
vn -0.791933 0.065739 0.576610
vn -0.745686 0.068488 0.633493
vn -0.698227 -0.070979 0.683854
vn -0.741250 -0.031852 0.641323
vn -0.673113 -0.012907 0.711259
vn -0.918683 0.031808 0.353149
vn -0.852924 0.011888 0.488789
vn -0.850364 -0.014011 0.493056
vn -0.805315 -0.052710 0.559622
vn -0.850364 -0.014011 0.493056
vn -0.852924 0.011888 0.488789
vn -0.914966 -0.067715 0.357604
vn -0.918683 0.031808 0.353149
vn -0.846039 -0.098282 0.490989
vn -0.805315 -0.052710 0.559622
vn -0.698227 -0.070979 0.683854
vn -0.732381 -0.091248 0.645697
vn -0.805315 -0.052710 0.559622
vn -0.732381 -0.091248 0.645697
vn -0.788998 -0.107659 0.574410
vn -0.846039 -0.098282 0.490989
vn -0.918683 0.031808 0.353149
vn -0.850364 -0.014011 0.493056
vn -0.788998 -0.107659 0.574410
vn -0.850364 -0.014011 0.493056
vn -0.805315 -0.052710 0.559622
vn -0.850364 -0.014011 0.493056
vn -0.788998 -0.107659 0.574410
vn -0.846039 -0.098282 0.490989
vn -0.673113 -0.012907 0.711259
vn -0.655442 0.033976 0.726481
vn -0.663423 0.002861 0.720170
vn -0.583990 0.079600 0.780335
vn -0.563827 0.197902 0.774351
vn -0.459649 0.167158 0.845131
vn -0.459649 0.167158 0.845131
vn -0.563827 0.197902 0.774351
vn -0.464043 0.257444 0.820448
vn -0.370099 0.230405 0.873024
vn -0.464043 0.257444 0.820448
vn -0.428388 0.355511 0.803631
vn -0.324791 0.127424 0.910236
vn -0.370099 0.230405 0.873024
vn -0.249671 0.241002 0.911018
vn -0.185249 0.153418 0.943772
vn -0.200096 0.258866 0.918146
vn -0.150193 0.251523 0.929319
vn -0.117328 0.177584 0.950235
vn -0.185249 0.153418 0.943772
vn -0.150193 0.251523 0.929319
vn -0.256267 0.269586 0.901420
vn -0.200096 0.258866 0.918146
vn -0.179202 0.198937 0.936643
vn -0.256267 0.269586 0.901420
vn -0.179202 0.198937 0.936643
vn -0.275537 0.276118 0.893941
vn -0.238614 0.236212 0.915108
vn -0.249671 0.241002 0.911018
vn -0.275537 0.276118 0.893941
vn -0.459649 0.167158 0.845131
vn -0.464043 0.257444 0.820448
vn -0.370099 0.230405 0.873024
vn -0.428388 0.355511 0.803631
vn -0.464043 0.257444 0.820448
vn -0.480788 0.342763 0.779805
vn -0.563827 0.197902 0.774351
vn -0.480788 0.342763 0.779805
vn -0.464043 0.257444 0.820448
vn -0.643643 0.178865 0.716097
vn -0.563827 0.197902 0.774351
vn -0.672113 0.092383 0.706460
vn -0.615066 0.335078 0.685540
vn -0.491050 0.358282 0.766711
vn -0.559188 0.306005 0.742886
vn -0.666704 0.235079 0.678848
vn -0.559188 0.306005 0.742886
vn -0.643643 0.178865 0.716097
vn -0.563827 0.197902 0.774351
vn -0.643643 0.178865 0.716097
vn -0.559188 0.306005 0.742886
vn -0.563827 0.197902 0.774351
vn -0.559188 0.306005 0.742886
vn -0.480788 0.342763 0.779805
vn -0.672113 0.092383 0.706460
vn -0.563827 0.197902 0.774351
vn -0.583990 0.079600 0.780335
vn -0.672113 0.092383 0.706460
vn -0.583990 0.079600 0.780335
vn -0.655442 0.033976 0.726481
vn -0.459649 0.167158 0.845131
vn -0.434257 0.155702 0.860185
vn -0.583990 0.079600 0.780335
vn -0.583990 0.079600 0.780335
vn -0.663423 0.002861 0.720170
vn -0.655442 0.033976 0.726481
vn -0.673113 -0.012907 0.711259
vn -0.711691 0.036143 0.672906
vn -0.655442 0.033976 0.726481
vn -0.672113 0.092383 0.706460
vn -0.655442 0.033976 0.726481
vn -0.711691 0.036143 0.672906
vn -0.741250 -0.031852 0.641323
vn -0.745686 0.068488 0.633493
vn -0.711691 0.036143 0.672906
vn -0.673113 -0.012907 0.711259
vn -0.741250 -0.031852 0.641323
vn -0.711691 0.036143 0.672906
vn -0.698227 -0.070979 0.683854
vn -0.648679 -0.120366 0.723486
vn -0.732381 -0.091248 0.645697
vn -0.663423 0.002861 0.720170
vn -0.583990 0.079600 0.780335
vn -0.591658 0.016430 0.778481
vn -0.370099 0.230405 0.873024
vn -0.434257 0.155702 0.860185
vn -0.459649 0.167158 0.845131
vn -0.238614 0.236212 0.915108
vn -0.275537 0.276118 0.893941
vn -0.179202 0.198937 0.936643
vn -0.207193 0.205860 0.929548
vn -0.249671 0.241002 0.911018
vn -0.238614 0.236212 0.915108
vn -0.324791 0.127424 0.910236
vn -0.249671 0.241002 0.911018
vn -0.207193 0.205860 0.929548
vn -0.324791 0.127424 0.910236
vn -0.434257 0.155702 0.860185
vn -0.370099 0.230405 0.873024
vn -0.732381 -0.091248 0.645697
vn -0.695979 -0.207018 0.658820
vn -0.785158 -0.176278 0.562976
vn -0.732381 -0.091248 0.645697
vn -0.648679 -0.120366 0.723486
vn -0.695979 -0.207018 0.658820
vn -0.695979 -0.207018 0.658820
vn -0.802566 -0.229291 0.518849
vn -0.807534 -0.259594 0.497050
vn -0.807534 -0.259594 0.497050
vn -0.876140 -0.288109 0.345722
vn -0.875415 -0.244818 0.378320
vn -0.785158 -0.176278 0.562976
vn -0.859753 -0.203024 0.433259
vn -0.849203 -0.151300 0.472253
vn -0.914966 -0.067715 0.357604
vn -0.911737 -0.162417 0.335401
vn -0.942407 -0.113256 0.265139
vn -0.956173 -0.091369 0.221829
vn -0.967422 -0.097069 0.164659
vn -0.978400 -0.058520 0.110190
vn -0.976526 -0.036699 0.133118
vn -0.956173 -0.091369 0.221829
vn -0.978400 -0.058520 0.110190
vn -0.967422 -0.097069 0.164659
vn -0.954957 -0.112193 0.217626
vn -0.942643 -0.120482 0.261206
vn -0.954957 -0.112193 0.217626
vn -0.942407 -0.113256 0.265139
vn -0.942643 -0.120482 0.261206
vn -0.942407 -0.113256 0.265139
vn -0.959832 -0.118110 0.192239
vn -0.942643 -0.120482 0.261206
vn -0.942407 -0.113256 0.265139
vn -0.931280 -0.176598 0.269789
vn -0.959832 -0.118110 0.192239
vn -0.931280 -0.176598 0.269789
vn -0.951717 -0.232775 0.114220
vn -0.966836 -0.181372 0.073892
vn -0.942407 -0.113256 0.265139
vn -0.911737 -0.162417 0.335401
vn -0.931280 -0.176598 0.269789
vn -0.911737 -0.162417 0.335401
vn -0.920127 -0.236162 0.262762
vn -0.931280 -0.176598 0.269789
vn -0.873464 -0.180155 0.416035
vn -0.907579 -0.217203 0.315739
vn -0.920127 -0.236162 0.262762
vn -0.885768 -0.179588 0.390155
vn -0.907579 -0.217203 0.315739
vn -0.873464 -0.180155 0.416035
vn -0.846039 -0.098282 0.490989
vn -0.885768 -0.179588 0.390155
vn -0.873464 -0.180155 0.416035
vn -0.911737 -0.162417 0.335401
vn -0.873464 -0.180155 0.416035
vn -0.920127 -0.236162 0.262762
vn -0.951793 0.258665 0.023913
vn -0.970053 0.153002 0.092691
vn -0.967291 0.192974 -0.019831
vn -0.970053 0.153002 0.092691
vn -0.966715 0.014691 0.193310
vn -0.976526 -0.036699 0.133118
vn -0.966715 0.014691 0.193310
vn -0.956173 -0.091369 0.221829
vn -0.976526 -0.036699 0.133118
vn -0.956173 -0.091369 0.221829
vn -0.954957 -0.112193 0.217626
vn -0.967422 -0.097069 0.164659
vn -0.957687 -0.061170 0.225508
vn -0.954957 -0.112193 0.217626
vn -0.956173 -0.091369 0.221829
vn -0.954957 -0.112193 0.217626
vn -0.949323 -0.009308 0.264422
vn -0.914966 -0.067715 0.357604
vn -0.954957 -0.112193 0.217626
vn -0.914966 -0.067715 0.357604
vn -0.942407 -0.113256 0.265139
vn -0.937594 0.074697 0.293476
vn -0.966715 0.014691 0.193310
vn -0.960604 0.105180 0.195734
vn -0.937594 0.074697 0.293476
vn -0.920740 -0.042572 0.346780
vn -0.966715 0.014691 0.193310
vn -0.896286 -0.013550 0.406287
vn -0.920740 -0.042572 0.346780
vn -0.937594 0.074697 0.293476
vn -0.956173 -0.091369 0.221829
vn -0.966715 0.014691 0.193310
vn -0.920740 -0.042572 0.346780
vn -0.914966 -0.067715 0.357604
vn -0.873464 -0.180155 0.416035
vn -0.911737 -0.162417 0.335401
vn -0.788998 -0.107659 0.574410
vn -0.849203 -0.151300 0.472253
vn -0.846039 -0.098282 0.490989
vn -0.788998 -0.107659 0.574410
vn -0.785158 -0.176278 0.562976
vn -0.849203 -0.151300 0.472253
vn -0.785158 -0.176278 0.562976
vn -0.807534 -0.259594 0.497050
vn -0.859753 -0.203024 0.433259
vn -0.807534 -0.259594 0.497050
vn -0.875415 -0.244818 0.378320
vn -0.859753 -0.203024 0.433259
vn -0.859753 -0.203024 0.433259
vn -0.875415 -0.244818 0.378320
vn -0.910083 -0.247974 0.285284
vn -0.910083 -0.247974 0.285284
vn -0.885768 -0.179588 0.390155
vn -0.859753 -0.203024 0.433259
vn -0.849203 -0.151300 0.472253
vn -0.859753 -0.203024 0.433259
vn -0.885768 -0.179588 0.390155
vn -0.846039 -0.098282 0.490989
vn -0.849203 -0.151300 0.472253
vn -0.885768 -0.179588 0.390155
vn -0.885768 -0.179588 0.390155
vn -0.910083 -0.247974 0.285284
vn -0.907579 -0.217203 0.315739
vn -0.648679 -0.120366 0.723486
vn -0.682751 -0.128549 0.690880
vn -0.695979 -0.207018 0.658820
vn -0.662671 -0.030492 0.720223
vn -0.698227 -0.070979 0.683854
vn -0.673113 -0.012907 0.711259
vn -0.662671 -0.030492 0.720223
vn -0.673113 -0.012907 0.711259
vn -0.663423 0.002861 0.720170
vn -0.662671 -0.030492 0.720223
vn -0.648679 -0.120366 0.723486
vn -0.698227 -0.070979 0.683854
vn -0.682751 -0.128549 0.690880
vn -0.648679 -0.120366 0.723486
vn -0.662671 -0.030492 0.720223
vn -0.591658 0.016430 0.778481
vn -0.583990 0.079600 0.780335
vn -0.434257 0.155702 0.860185
vn -0.434257 0.155702 0.860185
vn -0.591816 0.091438 0.773309
vn -0.591658 0.016430 0.778481
vn -0.434257 0.155702 0.860185
vn -0.422114 0.091771 0.874857
vn -0.591816 0.091438 0.773309
vn -0.422114 0.091771 0.874857
vn -0.434257 0.155702 0.860185
vn -0.324791 0.127424 0.910236
vn -0.228632 0.219915 0.921503
vn -0.179202 0.198937 0.936643
vn -0.200096 0.258866 0.918146
vn -0.185249 0.153418 0.943772
vn -0.228632 0.219915 0.921503
vn -0.200096 0.258866 0.918146
vn -0.228632 0.219915 0.921503
vn -0.140300 0.228815 0.936485
vn -0.179202 0.198937 0.936643
vn -0.180408 0.204951 0.935160
vn -0.238614 0.236212 0.915108
vn -0.179202 0.198937 0.936643
vn -0.177991 0.135558 0.947773
vn -0.180408 0.204951 0.935160
vn -0.179202 0.198937 0.936643
vn -0.103548 0.176518 0.951985
vn -0.179202 0.198937 0.936643
vn -0.140300 0.228815 0.936485
vn -0.228632 0.219915 0.921503
vn -0.193195 0.243085 0.923749
vn -0.140300 0.228815 0.936485
vn -0.193195 0.243085 0.923749
vn -0.228632 0.219915 0.921503
vn -0.298881 0.167810 0.912521
vn -0.088785 0.385161 0.891869
vn -0.137375 0.293556 0.919245
vn -0.241124 0.317968 0.890128
vn -0.088785 0.385161 0.891869
vn -0.241124 0.317968 0.890128
vn -0.264562 0.407655 0.847176
vn -0.048234 0.457312 0.861342
vn -0.088785 0.385161 0.891869
vn -0.264562 0.407655 0.847176
vn -0.048234 0.457312 0.861342
vn -0.035512 0.279962 0.932580
vn -0.088785 0.385161 0.891869
vn -0.126921 0.201515 0.944390
vn -0.137375 0.293556 0.919245
vn -0.088785 0.385161 0.891869
vn -0.137375 0.293556 0.919245
vn -0.126921 0.201515 0.944390
vn -0.211771 0.175173 0.934628
vn -0.239770 0.202589 0.922598
vn -0.298881 0.167810 0.912521
vn -0.126921 0.201515 0.944390
vn -0.035512 0.279962 0.932580
vn -0.126921 0.201515 0.944390
vn -0.088785 0.385161 0.891869
vn -0.239770 0.202589 0.922598
vn -0.126921 0.201515 0.944390
vn -0.035512 0.279962 0.932580
vn -0.018429 0.416254 0.882391
vn 0.031062 0.413649 0.883234
vn -0.048234 0.457312 0.861342
vn -0.018429 0.416254 0.882391
vn -0.048234 0.457312 0.861342
vn -0.212648 0.427839 0.851742
vn 0.081226 0.407854 0.882743
vn 0.031062 0.413649 0.883234
vn -0.018429 0.416254 0.882391
vn 0.046117 0.298309 0.926595
vn 0.081226 0.407854 0.882743
vn 0.001456 0.222149 0.948193
vn -0.006850 0.085376 0.969434
vn 0.001456 0.222149 0.948193
vn -0.177432 0.243327 0.926760
vn 0.001456 0.222149 0.948193
vn -0.018429 0.416254 0.882391
vn -0.177432 0.243327 0.926760
vn 0.001456 0.222149 0.948193
vn 0.081226 0.407854 0.882743
vn -0.018429 0.416254 0.882391
vn 0.031062 0.413649 0.883234
vn -0.035512 0.279962 0.932580
vn -0.048234 0.457312 0.861342
vn 0.031062 0.413649 0.883234
vn -0.239770 0.202589 0.922598
vn -0.035512 0.279962 0.932580
vn -0.138637 0.344636 0.901704
vn -0.239770 0.202589 0.922598
vn 0.031062 0.413649 0.883234
vn 0.081226 0.407854 0.882743
vn -0.138637 0.344636 0.901704
vn 0.031062 0.413649 0.883234
vn -0.057909 0.337474 0.912822
vn -0.138637 0.344636 0.901704
vn 0.081226 0.407854 0.882743
vn -0.421185 0.240302 0.847538
vn -0.138637 0.344636 0.901704
vn -0.057909 0.337474 0.912822
vn -0.316039 0.314064 0.868393
vn -0.421185 0.240302 0.847538
vn -0.057909 0.337474 0.912822
vn -0.261571 0.320484 0.883612
vn -0.316039 0.314064 0.868393
vn -0.057909 0.337474 0.912822
vn -0.193288 0.206484 0.932325
vn -0.023593 0.198000 0.953083
vn -0.114840 0.157639 0.953934
vn -0.106799 0.151695 0.955776
vn -0.006850 0.085376 0.969434
vn -0.177432 0.243327 0.926760
vn -0.023593 0.198000 0.953083
vn 0.046117 0.298309 0.926595
vn -0.006850 0.085376 0.969434
vn -0.006850 0.085376 0.969434
vn 0.046117 0.298309 0.926595
vn 0.001456 0.222149 0.948193
vn -0.114840 0.157639 0.953934
vn -0.023593 0.198000 0.953083
vn -0.006850 0.085376 0.969434
vn -0.106799 0.151695 0.955776
vn -0.114840 0.157639 0.953934
vn -0.006850 0.085376 0.969434
vn -0.193288 0.206484 0.932325
vn -0.057909 0.337474 0.912822
vn -0.023593 0.198000 0.953083
vn -0.023593 0.198000 0.953083
vn -0.057909 0.337474 0.912822
vn 0.046117 0.298309 0.926595
vn 0.081226 0.407854 0.882743
vn 0.046117 0.298309 0.926595
vn -0.057909 0.337474 0.912822
vn -0.273467 0.324087 0.878821
vn -0.261571 0.320484 0.883612
vn -0.057909 0.337474 0.912822
vn -0.106799 0.151695 0.955776
vn 0.014171 0.345494 0.911593
vn -0.114840 0.157639 0.953934
vn -0.338992 0.292738 0.867192
vn -0.193288 0.206484 0.932325
vn -0.114840 0.157639 0.953934
vn -0.103580 0.294872 0.923138
vn -0.338992 0.292738 0.867192
vn -0.114840 0.157639 0.953934
vn -0.039558 0.540434 0.813790
vn -0.103580 0.294872 0.923138
vn 0.000908 0.553675 0.806059
vn -0.249716 0.501945 0.801245
vn 0.000908 0.553675 0.806059
vn -0.160925 0.478491 0.836518
vn -0.160925 0.478491 0.836518
vn -0.237780 0.370038 0.871297
vn -0.426653 0.384115 0.791680
vn -0.426653 0.384115 0.791680
vn -0.237780 0.370038 0.871297
vn -0.337730 0.229817 0.885848
vn -0.160925 0.478491 0.836518
vn -0.057743 0.326826 0.916581
vn -0.237780 0.370038 0.871297
vn -0.160925 0.478491 0.836518
vn 0.014171 0.345494 0.911593
vn -0.057743 0.326826 0.916581
vn -0.106799 0.151695 0.955776
vn -0.057743 0.326826 0.916581
vn 0.014171 0.345494 0.911593
vn 0.000908 0.553675 0.806059
vn 0.014171 0.345494 0.911593
vn -0.160925 0.478491 0.836518
vn -0.249716 0.501945 0.801245
vn -0.160925 0.478491 0.836518
vn -0.426653 0.384115 0.791680
vn -0.447764 0.293877 0.817377
vn -0.515132 0.263189 0.788390
vn -0.426653 0.384115 0.791680
vn -0.515132 0.263189 0.788390
vn -0.249716 0.501945 0.801245
vn -0.426653 0.384115 0.791680
vn -0.394335 0.370995 0.813743
vn -0.249716 0.501945 0.801245
vn -0.515132 0.263189 0.788390
vn -0.515132 0.263189 0.788390
vn -0.447764 0.293877 0.817377
vn -0.488016 0.271911 0.802186
vn -0.409567 0.393608 0.795929
vn -0.488016 0.271911 0.802186
vn -0.447764 0.293877 0.817377
vn -0.394335 0.370995 0.813743
vn -0.515132 0.263189 0.788390
vn -0.488016 0.271911 0.802186
vn -0.145986 0.502527 0.825448
vn -0.088805 0.576766 0.785337
vn -0.394335 0.370995 0.813743
vn -0.227862 0.398587 0.861614
vn -0.145986 0.502527 0.825448
vn -0.394335 0.370995 0.813743
vn -0.394335 0.370995 0.813743
vn -0.488016 0.271911 0.802186
vn -0.481460 0.279428 0.803535
vn -0.481460 0.279428 0.803535
vn -0.488016 0.271911 0.802186
vn -0.412912 0.327804 0.822706
vn -0.227862 0.398587 0.861614
vn -0.394335 0.370995 0.813743
vn -0.481460 0.279428 0.803535
vn -0.382235 0.449776 0.780152
vn -0.133805 0.524059 0.814403
vn -0.227862 0.398587 0.861614
vn -0.133805 0.524059 0.814403
vn -0.032131 0.489642 0.844684
vn -0.227862 0.398587 0.861614
vn -0.227862 0.398587 0.861614
vn -0.032131 0.489642 0.844684
vn -0.145986 0.502527 0.825448
vn -0.145986 0.502527 0.825448
vn -0.017594 0.620330 0.757344
vn -0.088805 0.576766 0.785337
vn -0.088805 0.576766 0.785337
vn -0.249716 0.501945 0.801245
vn -0.394335 0.370995 0.813743
vn -0.249716 0.501945 0.801245
vn -0.088805 0.576766 0.785337
vn 0.000908 0.553675 0.806059
vn 0.000908 0.553675 0.806059
vn -0.103580 0.294872 0.923138
vn 0.014171 0.345494 0.911593
vn -0.114840 0.157639 0.953934
vn 0.014171 0.345494 0.911593
vn -0.103580 0.294872 0.923138
vn -0.039558 0.540434 0.813790
vn -0.338992 0.292738 0.867192
vn -0.103580 0.294872 0.923138
vn -0.299673 0.447294 0.815829
vn -0.338992 0.292738 0.867192
vn -0.039558 0.540434 0.813790
vn 0.000908 0.553675 0.806059
vn -0.017594 0.620330 0.757344
vn -0.039558 0.540434 0.813790
vn -0.039558 0.540434 0.813790
vn -0.172276 0.570353 0.776325
vn -0.299673 0.447294 0.815829
vn -0.172276 0.570353 0.776325
vn -0.532669 0.374344 0.731423
vn -0.299673 0.447294 0.815829
vn -0.410348 0.391138 0.796717
vn -0.532669 0.374344 0.731423
vn -0.172276 0.570353 0.776325
vn -0.107003 0.538393 0.809179
vn -0.172276 0.570353 0.776325
vn -0.017594 0.620330 0.757344
vn -0.107003 0.538393 0.809179
vn -0.017594 0.620330 0.757344
vn -0.145986 0.502527 0.825448
vn -0.145986 0.502527 0.825448
vn -0.032131 0.489642 0.844684
vn -0.107003 0.538393 0.809179
vn -0.107003 0.538393 0.809179
vn -0.410348 0.391138 0.796717
vn -0.172276 0.570353 0.776325
vn -0.039558 0.540434 0.813790
vn -0.017594 0.620330 0.757344
vn -0.172276 0.570353 0.776325
vn 0.000908 0.553675 0.806059
vn -0.088805 0.576766 0.785337
vn -0.017594 0.620330 0.757344
vn -0.107003 0.538393 0.809179
vn -0.282112 0.402667 0.843973
vn -0.410348 0.391138 0.796717
vn -0.532669 0.374344 0.731423
vn -0.410348 0.391138 0.796717
vn -0.629995 0.299693 0.688225
vn -0.520631 0.332890 0.758775
vn -0.629995 0.299693 0.688225
vn -0.633098 0.330993 0.671344
vn -0.653892 0.274935 0.676455
vn -0.633098 0.330993 0.671344
vn -0.535016 0.393204 0.720076
vn -0.406227 0.492042 0.742726
vn -0.653892 0.274935 0.676455
vn -0.535016 0.393204 0.720076
vn -0.568041 0.430577 0.673214
vn -0.427388 0.566565 0.676756
vn -0.406227 0.492042 0.742726
vn -0.568041 0.430577 0.673214
vn -0.406227 0.492042 0.742726
vn -0.535016 0.393204 0.720076
vn -0.535016 0.393204 0.720076
vn -0.633098 0.330993 0.671344
vn -0.622090 0.424958 0.628718
vn -0.633098 0.330993 0.671344
vn -0.690153 0.370442 0.591959
vn -0.622090 0.424958 0.628718
vn -0.568041 0.430577 0.673214
vn -0.535016 0.393204 0.720076
vn -0.622090 0.424958 0.628718
vn -0.622090 0.424958 0.628718
vn -0.652078 0.632706 0.380918
vn -0.709272 0.560338 0.391198
vn -0.427388 0.566565 0.676756
vn -0.568041 0.430577 0.673214
vn -0.588765 0.608745 0.500378
vn -0.454880 0.667550 0.559983
vn -0.427388 0.566565 0.676756
vn -0.588765 0.608745 0.500378
vn -0.568041 0.430577 0.673214
vn -0.789756 0.450008 0.379083
vn -0.588765 0.608745 0.500378
vn -0.789756 0.450008 0.379083
vn -0.776696 0.555193 0.247207
vn -0.588765 0.608745 0.500378
vn -0.783792 0.580176 0.151126
vn -0.588765 0.608745 0.500378
vn -0.776696 0.555193 0.247207
vn -0.863072 0.465816 -0.108434
vn -0.846090 0.485762 -0.146968
vn -0.776696 0.555193 0.247207
vn -0.789756 0.450008 0.379083
vn -0.863072 0.465816 -0.108434
vn -0.776696 0.555193 0.247207
vn -0.789756 0.450008 0.379083
vn -0.818279 0.526346 -0.163771
vn -0.863072 0.465816 -0.108434
vn -0.650935 0.378757 -0.628930
vn -0.818279 0.526346 -0.163771
vn -0.590772 0.401575 -0.671552
vn -0.384065 0.246358 -0.862872
vn -0.136649 0.094224 -0.959238
vn -0.119643 0.071852 -0.963318
vn -0.384065 0.246358 -0.862872
vn -0.119643 0.071852 -0.963318
vn -0.217241 0.150527 -0.937565
vn -0.217241 0.150527 -0.937565
vn -0.119643 0.071852 -0.963318
vn -0.085491 0.042278 -0.968540
vn -0.313474 0.232234 -0.893876
vn -0.217241 0.150527 -0.937565
vn -0.085491 0.042278 -0.968540
vn -0.384768 0.348161 -0.827859
vn -0.313474 0.232234 -0.893876
vn -0.153776 0.130458 -0.952578
vn -0.384768 0.348161 -0.827859
vn -0.153776 0.130458 -0.952578
vn -0.124443 0.113999 -0.958774
vn -0.384768 0.348161 -0.827859
vn -0.124443 0.113999 -0.958774
vn -0.168281 0.158048 -0.946120
vn -0.278125 0.202714 -0.912036
vn -0.214173 0.191550 -0.930973
vn -0.142736 0.085801 -0.959142
vn -0.422292 0.182433 -0.860888
vn -0.278125 0.202714 -0.912036
vn -0.142736 0.085801 -0.959142
vn -0.422292 0.182433 -0.860888
vn -0.142736 0.085801 -0.959142
vn -0.334261 0.109084 -0.909209
vn -0.422292 0.182433 -0.860888
vn -0.334261 0.109084 -0.909209
vn -0.659684 0.146348 -0.709016
vn -0.422292 0.182433 -0.860888
vn -0.659684 0.146348 -0.709016
vn -0.705224 0.237996 -0.638807
vn -0.705224 0.237996 -0.638807
vn -0.871913 0.284246 -0.358966
vn -0.834707 0.407418 -0.328713
vn -0.659615 0.333860 -0.644593
vn -0.834707 0.407418 -0.328713
vn -0.604951 0.429131 -0.642102
vn -0.834707 0.407418 -0.328713
vn -0.778267 0.539037 -0.275449
vn -0.604951 0.429131 -0.642102
vn -0.408528 0.328795 -0.824450
vn -0.509479 0.294020 -0.781371
vn -0.604951 0.429131 -0.642102
vn -0.659615 0.333860 -0.644593
vn -0.604951 0.429131 -0.642102
vn -0.509479 0.294020 -0.781371
vn -0.408528 0.328795 -0.824450
vn -0.278125 0.202714 -0.912036
vn -0.509479 0.294020 -0.781371
vn -0.509479 0.294020 -0.781371
vn -0.278125 0.202714 -0.912036
vn -0.422292 0.182433 -0.860888
vn -0.422292 0.182433 -0.860888
vn -0.705224 0.237996 -0.638807
vn -0.509479 0.294020 -0.781371
vn -0.509479 0.294020 -0.781371
vn -0.705224 0.237996 -0.638807
vn -0.659615 0.333860 -0.644593
vn -0.834707 0.407418 -0.328713
vn -0.659615 0.333860 -0.644593
vn -0.705224 0.237996 -0.638807
vn -0.730019 0.152968 -0.636925
vn -0.705224 0.237996 -0.638807
vn -0.659684 0.146348 -0.709016
vn -0.625169 0.074891 -0.749120
vn -0.659684 0.146348 -0.709016
vn -0.334261 0.109084 -0.909209
vn -0.625169 0.074891 -0.749120
vn -0.334261 0.109084 -0.909209
vn -0.228346 0.027158 -0.946289
vn -0.617954 0.001981 -0.758512
vn -0.228346 0.027158 -0.946289
vn -0.220049 0.011522 -0.948509
vn -0.617954 0.001981 -0.758512
vn -0.220049 0.011522 -0.948509
vn -0.550893 0.030833 -0.806655
vn -0.550893 0.030833 -0.806655
vn -0.750648 0.036028 -0.630379
vn -0.617954 0.001981 -0.758512
vn -0.024888 -0.000433 -0.972785
vn -0.220049 0.011522 -0.948509
vn -0.228346 0.027158 -0.946289
vn -0.049936 -0.000340 -0.971847
vn -0.228346 0.027158 -0.946289
vn -0.334261 0.109084 -0.909209
vn -0.214173 0.191550 -0.930973
vn -0.052339 0.037309 -0.971030
vn -0.142736 0.085801 -0.959142
vn -0.000224 0.033024 -0.972552
vn -0.030740 0.094230 -0.968187
vn -0.025689 0.137562 -0.963290
vn 0.014054 0.154882 -0.960972
vn -0.000224 0.033024 -0.972552
vn -0.025689 0.137562 -0.963290
vn -0.000224 0.033024 -0.972552
vn 0.024367 0.198313 -0.953001
vn 0.066580 0.111504 -0.964649
vn -0.000224 0.033024 -0.972552
vn 0.066580 0.111504 -0.964649
vn 0.089276 0.063568 -0.967079
vn -0.071845 -0.006837 -0.970488
vn 0.040625 -0.021591 -0.972037
vn -0.067096 -0.011379 -0.970777
vn -0.093660 -0.019397 -0.968511
vn -0.067096 -0.011379 -0.970777
vn 0.000000 0.000000 -0.973095
vn -0.162547 -0.024307 -0.959496
vn -0.093660 -0.019397 -0.968511
vn 0.000000 0.000000 -0.973095
vn -0.216011 -0.097019 -0.944662
vn -0.067096 -0.011379 -0.970777
vn -0.093660 -0.019397 -0.968511
vn -0.216011 -0.097019 -0.944662
vn -0.093660 -0.019397 -0.968511
vn -0.332599 -0.071787 -0.913389
vn -0.471215 -0.139020 -0.843874
vn -0.216011 -0.097019 -0.944662
vn -0.332599 -0.071787 -0.913389
vn -0.350741 -0.052929 -0.908018
vn -0.082855 -0.000564 -0.969657
vn -0.147133 -0.016686 -0.962070
vn -0.480389 -0.115526 -0.842274
vn -0.147133 -0.016686 -0.962070
vn -0.207842 -0.079589 -0.948019
vn -0.480389 -0.115526 -0.842274
vn -0.207842 -0.079589 -0.948019
vn -0.617320 -0.221160 -0.727111
vn -0.617320 -0.221160 -0.727111
vn -0.710077 -0.196005 -0.647347
vn -0.480389 -0.115526 -0.842274
vn -0.310349 -0.156826 -0.910688
vn -0.617320 -0.221160 -0.727111
vn -0.207842 -0.079589 -0.948019
vn -0.082855 -0.000564 -0.969657
vn -0.242478 -0.013171 -0.943152
vn 0.000000 0.000000 -0.973095
vn -0.677717 -0.274841 -0.653277
vn -0.710077 -0.196005 -0.647347
vn -0.617320 -0.221160 -0.727111
vn -0.677717 -0.274841 -0.653277
vn -0.811160 -0.374942 -0.412787
vn -0.855810 -0.275648 -0.400743
vn -0.922231 -0.349142 -0.034145
vn -0.923049 -0.337083 -0.087858
vn -0.911708 -0.312859 -0.207917
vn -0.923049 -0.337083 -0.087858
vn -0.897452 -0.341231 -0.224354
vn -0.911708 -0.312859 -0.207917
vn -0.866269 -0.375369 -0.283081
vn -0.911708 -0.312859 -0.207917
vn -0.897452 -0.341231 -0.224354
vn -0.866269 -0.375369 -0.283081
vn -0.897452 -0.341231 -0.224354
vn -0.811160 -0.374942 -0.412787
vn -0.873829 -0.270710 -0.364533
vn -0.866269 -0.375369 -0.283081
vn -0.785555 -0.378520 -0.455589
vn -0.929076 -0.302038 0.136278
vn -0.923049 -0.337083 -0.087858
vn -0.922231 -0.349142 -0.034145
vn -0.941394 -0.293459 0.033225
vn -0.929076 -0.302038 0.136278
vn -0.922231 -0.349142 -0.034145
vn -0.947247 -0.240490 -0.133291
vn -0.922231 -0.349142 -0.034145
vn -0.911708 -0.312859 -0.207917
vn -0.922231 -0.349142 -0.034145
vn -0.947247 -0.240490 -0.133291
vn -0.941394 -0.293459 0.033225
vn -0.951717 -0.232775 0.114220
vn -0.941394 -0.293459 0.033225
vn -0.960096 -0.225452 -0.026671
vn -0.951717 -0.232775 0.114220
vn -0.960096 -0.225452 -0.026671
vn -0.966836 -0.181372 0.073892
vn -0.941394 -0.293459 0.033225
vn -0.947247 -0.240490 -0.133291
vn -0.960096 -0.225452 -0.026671
vn -0.873021 -0.185108 -0.414830
vn -0.717819 -0.099411 -0.660276
vn -0.727858 -0.122590 -0.645642
vn -0.350741 -0.052929 -0.908018
vn -0.727858 -0.122590 -0.645642
vn -0.717819 -0.099411 -0.660276
vn -0.602542 -0.073979 -0.767035
vn -0.717819 -0.099411 -0.660276
vn -0.660907 -0.091732 -0.716754
vn -0.428955 -0.033875 -0.875649
vn -0.332599 -0.071787 -0.913389
vn -0.162547 -0.024307 -0.959496
vn -0.602542 -0.073979 -0.767035
vn -0.428955 -0.033875 -0.875649
vn -0.242478 -0.013171 -0.943152
vn -0.602542 -0.073979 -0.767035
vn -0.660907 -0.091732 -0.716754
vn -0.428955 -0.033875 -0.875649
vn -0.350741 -0.052929 -0.908018
vn -0.602542 -0.073979 -0.767035
vn -0.242478 -0.013171 -0.943152
vn -0.350741 -0.052929 -0.908018
vn -0.717819 -0.099411 -0.660276
vn -0.602542 -0.073979 -0.767035
vn -0.428955 -0.033875 -0.875649
vn -0.471215 -0.139020 -0.843874
vn -0.332599 -0.071787 -0.913389
vn -0.332599 -0.071787 -0.913389
vn -0.093660 -0.019397 -0.968511
vn -0.162547 -0.024307 -0.959496
vn -0.071845 -0.006837 -0.970488
vn -0.080408 -0.001644 -0.969856
vn 0.040625 -0.021591 -0.972037
vn 0.089276 0.063568 -0.967079
vn 0.000000 0.000000 -0.973095
vn -0.000224 0.033024 -0.972552
vn -0.150180 -0.069111 -0.959342
vn -0.071845 -0.006837 -0.970488
vn -0.067096 -0.011379 -0.970777
vn -0.471215 -0.139020 -0.843874
vn -0.150180 -0.069111 -0.959342
vn -0.216011 -0.097019 -0.944662
vn -0.216011 -0.097019 -0.944662
vn -0.150180 -0.069111 -0.959342
vn -0.067096 -0.011379 -0.970777
vn -0.161991 -0.070379 -0.957381
vn -0.080408 -0.001644 -0.969856
vn -0.071845 -0.006837 -0.970488
vn -0.271323 -0.160563 -0.922112
vn -0.071845 -0.006837 -0.970488
vn -0.150180 -0.069111 -0.959342
vn -0.271323 -0.160563 -0.922112
vn -0.161991 -0.070379 -0.957381
vn -0.071845 -0.006837 -0.970488
vn -0.298076 -0.168724 -0.912613
vn -0.192909 -0.074636 -0.951474
vn -0.080408 -0.001644 -0.969856
vn -0.298076 -0.168724 -0.912613
vn -0.080408 -0.001644 -0.969856
vn -0.161991 -0.070379 -0.957381
vn -0.298076 -0.168724 -0.912613
vn -0.161991 -0.070379 -0.957381
vn -0.436478 -0.208311 -0.848217
vn -0.365154 -0.165012 -0.889256
vn -0.298076 -0.168724 -0.912613
vn -0.436478 -0.208311 -0.848217
vn -0.365154 -0.165012 -0.889256
vn -0.436478 -0.208311 -0.848217
vn -0.634925 -0.270832 -0.695376
vn -0.807633 -0.297272 -0.475987
vn -0.678340 -0.215079 -0.674042
vn -0.634925 -0.270832 -0.695376
vn -0.778365 -0.304363 -0.517296
vn -0.807633 -0.297272 -0.475987
vn -0.634925 -0.270832 -0.695376
vn -0.778365 -0.304363 -0.517296
vn -0.870344 -0.324538 -0.328235
vn -0.807633 -0.297272 -0.475987
vn -0.678340 -0.215079 -0.674042
vn -0.574916 -0.119844 -0.781905
vn -0.263817 -0.110897 -0.931273
vn -0.263817 -0.110897 -0.931273
vn -0.047956 -0.001573 -0.971943
vn -0.365154 -0.165012 -0.889256
vn -0.678340 -0.215079 -0.674042
vn -0.263817 -0.110897 -0.931273
vn -0.365154 -0.165012 -0.889256
vn -0.298076 -0.168724 -0.912613
vn -0.365154 -0.165012 -0.889256
vn -0.192909 -0.074636 -0.951474
vn -0.436478 -0.208311 -0.848217
vn -0.161991 -0.070379 -0.957381
vn -0.271323 -0.160563 -0.922112
vn -0.604016 -0.257847 -0.726268
vn -0.436478 -0.208311 -0.848217
vn -0.271323 -0.160563 -0.922112
vn -0.604016 -0.257847 -0.726268
vn -0.634925 -0.270832 -0.695376
vn -0.436478 -0.208311 -0.848217
vn -0.634925 -0.270832 -0.695376
vn -0.678340 -0.215079 -0.674042
vn -0.365154 -0.165012 -0.889256
vn -0.870344 -0.324538 -0.328235
vn -0.863716 -0.225754 -0.414268
vn -0.807633 -0.297272 -0.475987
vn -0.678340 -0.215079 -0.674042
vn -0.807633 -0.297272 -0.475987
vn -0.863716 -0.225754 -0.414268
vn -0.894639 -0.146337 -0.383873
vn -0.723473 -0.178635 -0.637715
vn -0.863716 -0.225754 -0.414268
vn -0.739286 -0.095340 -0.637414
vn -0.919410 -0.034517 -0.351054
vn -0.738407 0.012573 -0.645150
vn -0.750648 0.036028 -0.630379
vn -0.738407 0.012573 -0.645150
vn -0.912604 0.029250 -0.368370
vn -0.750648 0.036028 -0.630379
vn -0.912604 0.029250 -0.368370
vn -0.933905 0.034241 -0.311638
vn -0.916689 -0.011321 -0.359348
vn -0.753353 -0.008483 -0.628178
vn -0.933905 0.034241 -0.311638
vn -0.907246 0.090051 -0.371689
vn -0.749552 0.029364 -0.631982
vn -0.916689 -0.011321 -0.359348
vn -0.949013 0.195640 -0.182947
vn -0.871913 0.284246 -0.358966
vn -0.907246 0.090051 -0.371689
vn -0.920505 0.314209 -0.163480
vn -0.949013 0.195640 -0.182947
vn -0.962191 0.217625 -0.012490
vn -0.926912 0.338226 -0.004199
vn -0.962191 0.217625 -0.012490
vn -0.907651 0.339927 0.182434
vn -0.885778 0.252938 0.348495
vn -0.907651 0.339927 0.182434
vn -0.969471 0.111016 0.142958
vn -0.785055 -0.037198 0.588117
vn -0.908738 -0.133982 0.354931
vn -0.838724 -0.055933 0.509306
vn -0.696482 -0.079869 0.684634
vn -0.785055 -0.037198 0.588117
vn -0.838724 -0.055933 0.509306
vn -0.696482 -0.079869 0.684634
vn -0.838724 -0.055933 0.509306
vn -0.694963 -0.002482 0.690621
vn -0.763169 -0.026343 0.616052
vn -0.783531 -0.040849 0.589856
vn -0.843785 -0.074369 0.498776
vn -0.763169 -0.026343 0.616052
vn -0.843785 -0.074369 0.498776
vn -0.881579 -0.083502 0.428870
vn -0.885686 -0.228564 0.364669
vn -0.802566 -0.229291 0.518849
vn -0.887213 -0.166094 0.392746
vn -0.887213 -0.166094 0.392746
vn -0.932007 -0.260453 0.189578
vn -0.885686 -0.228564 0.364669
vn -0.885686 -0.228564 0.364669
vn -0.932007 -0.260453 0.189578
vn -0.876140 -0.288109 0.345722
vn -0.876140 -0.288109 0.345722
vn -0.932007 -0.260453 0.189578
vn -0.949529 -0.231962 0.132139
vn -0.932007 -0.260453 0.189578
vn -0.954290 -0.246121 0.045580
vn -0.949529 -0.231962 0.132139
vn -0.954290 -0.246121 0.045580
vn -0.951798 -0.242196 -0.092513
vn -0.949529 -0.231962 0.132139
vn -0.929105 -0.211487 -0.252185
vn -0.856331 -0.275269 -0.399911
vn -0.862446 -0.188664 -0.434342
vn -0.749455 -0.246845 -0.584216
vn -0.862446 -0.188664 -0.434342
vn -0.856331 -0.275269 -0.399911
vn -0.856331 -0.275269 -0.399911
vn -0.778365 -0.304363 -0.517296
vn -0.749455 -0.246845 -0.584216
vn -0.749455 -0.246845 -0.584216
vn -0.778365 -0.304363 -0.517296
vn -0.604016 -0.257847 -0.726268
vn -0.604016 -0.257847 -0.726268
vn -0.582806 -0.234273 -0.750470
vn -0.749455 -0.246845 -0.584216
vn -0.778365 -0.304363 -0.517296
vn -0.634925 -0.270832 -0.695376
vn -0.604016 -0.257847 -0.726268
vn -0.749455 -0.246845 -0.584216
vn -0.752053 -0.167108 -0.607874
vn -0.862446 -0.188664 -0.434342
vn -0.582806 -0.234273 -0.750470
vn -0.471215 -0.139020 -0.843874
vn -0.579495 -0.166906 -0.770162
vn -0.579495 -0.166906 -0.770162
vn -0.752053 -0.167108 -0.607874
vn -0.582806 -0.234273 -0.750470
vn -0.582806 -0.234273 -0.750470
vn -0.752053 -0.167108 -0.607874
vn -0.749455 -0.246845 -0.584216
vn -0.588616 -0.100699 -0.774569
vn -0.752053 -0.167108 -0.607874
vn -0.579495 -0.166906 -0.770162
vn -0.862446 -0.188664 -0.434342
vn -0.752053 -0.167108 -0.607874
vn -0.785851 -0.146361 -0.570297
vn -0.785851 -0.146361 -0.570297
vn -0.588616 -0.100699 -0.774569
vn -0.660907 -0.091732 -0.716754
vn -0.883238 -0.217914 -0.376572
vn -0.817185 -0.162492 -0.521089
vn -0.930632 -0.179274 -0.270253
vn -0.471215 -0.139020 -0.843874
vn -0.588616 -0.100699 -0.774569
vn -0.579495 -0.166906 -0.770162
vn -0.471215 -0.139020 -0.843874
vn -0.271323 -0.160563 -0.922112
vn -0.150180 -0.069111 -0.959342
vn -0.271323 -0.160563 -0.922112
vn -0.582806 -0.234273 -0.750470
vn -0.604016 -0.257847 -0.726268
vn -0.471215 -0.139020 -0.843874
vn -0.582806 -0.234273 -0.750470
vn -0.271323 -0.160563 -0.922112
vn -0.428955 -0.033875 -0.875649
vn -0.588616 -0.100699 -0.774569
vn -0.471215 -0.139020 -0.843874
vn -0.660907 -0.091732 -0.716754
vn -0.588616 -0.100699 -0.774569
vn -0.428955 -0.033875 -0.875649
vn -0.785851 -0.146361 -0.570297
vn -0.752053 -0.167108 -0.607874
vn -0.588616 -0.100699 -0.774569
vn -0.785851 -0.146361 -0.570297
vn -0.883238 -0.217914 -0.376572
vn -0.862446 -0.188664 -0.434342
vn -0.951798 -0.242196 -0.092513
vn -0.912087 -0.290116 -0.236327
vn -0.929105 -0.211487 -0.252185
vn -0.929105 -0.211487 -0.252185
vn -0.912087 -0.290116 -0.236327
vn -0.856331 -0.275269 -0.399911
vn -0.951798 -0.242196 -0.092513
vn -0.949904 -0.253415 -0.081693
vn -0.912087 -0.290116 -0.236327
vn -0.912087 -0.290116 -0.236327
vn -0.870344 -0.324538 -0.328235
vn -0.856331 -0.275269 -0.399911
vn -0.856331 -0.275269 -0.399911
vn -0.870344 -0.324538 -0.328235
vn -0.778365 -0.304363 -0.517296
vn -0.940019 -0.149480 0.255823
vn -0.907011 -0.115171 0.365473
vn -0.960912 -0.165833 0.147655
vn -0.954290 -0.246121 0.045580
vn -0.960912 -0.165833 0.147655
vn -0.949904 -0.253415 -0.081693
vn -0.881579 -0.083502 0.428870
vn -0.940019 -0.149480 0.255823
vn -0.887213 -0.166094 0.392746
vn -0.887213 -0.166094 0.392746
vn -0.940019 -0.149480 0.255823
vn -0.932007 -0.260453 0.189578
vn -0.940019 -0.149480 0.255823
vn -0.954290 -0.246121 0.045580
vn -0.932007 -0.260453 0.189578
vn -0.940019 -0.149480 0.255823
vn -0.960912 -0.165833 0.147655
vn -0.954290 -0.246121 0.045580
vn -0.881579 -0.083502 0.428870
vn -0.907011 -0.115171 0.365473
vn -0.940019 -0.149480 0.255823
vn -0.887213 -0.166094 0.392746
vn -0.789335 -0.089772 0.576934
vn -0.881579 -0.083502 0.428870
vn -0.783531 -0.040849 0.589856
vn -0.663423 0.002861 0.720170
vn -0.664500 0.020511 0.718925
vn -0.694963 -0.002482 0.690621
vn -0.693005 0.085993 0.687343
vn -0.536181 0.079193 0.813079
vn -0.386454 0.018763 0.895127
vn -0.484846 -0.040208 0.846529
vn -0.542370 -0.008504 0.812780
vn -0.359117 0.063807 0.904146
vn -0.484846 -0.040208 0.846529
vn -0.324217 0.048054 0.917820
vn -0.257226 0.122263 0.931688
vn -0.178664 0.111818 0.950648
vn -0.330753 0.122024 0.908863
vn -0.298881 0.167810 0.912521
vn -0.239770 0.202589 0.922598
vn -0.410030 0.176515 0.867824
vn -0.472667 0.107572 0.847530
vn -0.410030 0.176515 0.867824
vn -0.239770 0.202589 0.922598
vn -0.477416 0.109070 0.844750
vn -0.472667 0.107572 0.847530
vn -0.239770 0.202589 0.922598
vn -0.138637 0.344636 0.901704
vn -0.477416 0.109070 0.844750
vn -0.239770 0.202589 0.922598
vn -0.421185 0.240302 0.847538
vn -0.477416 0.109070 0.844750
vn -0.138637 0.344636 0.901704
vn -0.477416 0.109070 0.844750
vn -0.500304 0.213896 0.811792
vn -0.452246 0.217058 0.837991
vn -0.452246 0.217058 0.837991
vn -0.352143 0.295583 0.861136
vn -0.472667 0.107572 0.847530
vn -0.477416 0.109070 0.844750
vn -0.452246 0.217058 0.837991
vn -0.472667 0.107572 0.847530
vn -0.352143 0.295583 0.861136
vn -0.410030 0.176515 0.867824
vn -0.472667 0.107572 0.847530
vn -0.352143 0.295583 0.861136
vn -0.249730 0.282832 0.899268
vn -0.410030 0.176515 0.867824
vn -0.249730 0.282832 0.899268
vn -0.193195 0.243085 0.923749
vn -0.410030 0.176515 0.867824
vn -0.059447 0.359625 0.904489
vn -0.025660 0.218085 0.948771
vn -0.193195 0.243085 0.923749
vn -0.059447 0.359625 0.904489
vn -0.193195 0.243085 0.923749
vn -0.249730 0.282832 0.899268
vn -0.410030 0.176515 0.867824
vn -0.193195 0.243085 0.923749
vn -0.298881 0.167810 0.912521
vn -0.025660 0.218085 0.948771
vn -0.140300 0.228815 0.936485
vn -0.193195 0.243085 0.923749
vn -0.180408 0.204951 0.935160
vn -0.207193 0.205860 0.929548
vn -0.238614 0.236212 0.915108
vn -0.140772 0.179007 0.946873
vn -0.324791 0.127424 0.910236
vn -0.207193 0.205860 0.929548
vn -0.140772 0.179007 0.946873
vn -0.281414 0.081568 0.929196
vn -0.324791 0.127424 0.910236
vn -0.422114 0.091771 0.874857
vn -0.324791 0.127424 0.910236
vn -0.281414 0.081568 0.929196
vn -0.324217 0.048054 0.917820
vn -0.281414 0.081568 0.929196
vn -0.140772 0.179007 0.946873
vn -0.025660 0.218085 0.948771
vn -0.103548 0.176518 0.951985
vn -0.140300 0.228815 0.936485
vn -0.330753 0.122024 0.908863
vn -0.177991 0.135558 0.947773
vn -0.144429 0.129787 0.954090
vn -0.330753 0.122024 0.908863
vn -0.178664 0.111818 0.950648
vn -0.177991 0.135558 0.947773
vn -0.177991 0.135558 0.947773
vn -0.178664 0.111818 0.950648
vn -0.180408 0.204951 0.935160
vn -0.099103 0.184719 0.950936
vn -0.109031 0.210970 0.944563
vn -0.178664 0.111818 0.950648
vn -0.178664 0.111818 0.950648
vn -0.109031 0.210970 0.944563
vn -0.180408 0.204951 0.935160
vn -0.109031 0.210970 0.944563
vn -0.140772 0.179007 0.946873
vn -0.180408 0.204951 0.935160
vn -0.207193 0.205860 0.929548
vn -0.180408 0.204951 0.935160
vn -0.140772 0.179007 0.946873
vn -0.324217 0.048054 0.917820
vn -0.386454 0.018763 0.895127
vn -0.281414 0.081568 0.929196
vn -0.386454 0.018763 0.895127
vn -0.434352 0.033998 0.873052
vn -0.281414 0.081568 0.929196
vn -0.281414 0.081568 0.929196
vn -0.434352 0.033998 0.873052
vn -0.422114 0.091771 0.874857
vn -0.434352 0.033998 0.873052
vn -0.542370 -0.008504 0.812780
vn -0.536181 0.079193 0.813079
vn -0.386454 0.018763 0.895127
vn -0.542370 -0.008504 0.812780
vn -0.434352 0.033998 0.873052
vn -0.536181 0.079193 0.813079
vn -0.422114 0.091771 0.874857
vn -0.434352 0.033998 0.873052
vn -0.536181 0.079193 0.813079
vn -0.591816 0.091438 0.773309
vn -0.422114 0.091771 0.874857
vn -0.591658 0.016430 0.778481
vn -0.664500 0.020511 0.718925
vn -0.663423 0.002861 0.720170
vn -0.662671 -0.030492 0.720223
vn -0.763169 -0.026343 0.616052
vn -0.789335 -0.089772 0.576934
vn -0.682751 -0.128549 0.690880
vn -0.789335 -0.089772 0.576934
vn -0.802566 -0.229291 0.518849
vn -0.591816 0.091438 0.773309
vn -0.664500 0.020511 0.718925
vn -0.591658 0.016430 0.778481
vn -0.663423 0.002861 0.720170
vn -0.763169 -0.026343 0.616052
vn -0.662671 -0.030492 0.720223
vn -0.662671 -0.030492 0.720223
vn -0.789335 -0.089772 0.576934
vn -0.682751 -0.128549 0.690880
vn -0.887213 -0.166094 0.392746
vn -0.802566 -0.229291 0.518849
vn -0.789335 -0.089772 0.576934
vn -0.881579 -0.083502 0.428870
vn -0.789335 -0.089772 0.576934
vn -0.763169 -0.026343 0.616052
vn -0.693005 0.085993 0.687343
vn -0.591816 0.091438 0.773309
vn -0.536181 0.079193 0.813079
vn -0.693005 0.085993 0.687343
vn -0.749414 0.057073 0.630301
vn -0.591816 0.091438 0.773309
vn -0.591816 0.091438 0.773309
vn -0.749414 0.057073 0.630301
vn -0.664500 0.020511 0.718925
vn -0.663423 0.002861 0.720170
vn -0.783531 -0.040849 0.589856
vn -0.763169 -0.026343 0.616052
vn -0.881579 -0.083502 0.428870
vn -0.843785 -0.074369 0.498776
vn -0.907011 -0.115171 0.365473
vn -0.949904 -0.253415 -0.081693
vn -0.951123 -0.256774 -0.052498
vn -0.912087 -0.290116 -0.236327
vn -0.951123 -0.256774 -0.052498
vn -0.870344 -0.324538 -0.328235
vn -0.912087 -0.290116 -0.236327
vn -0.870344 -0.324538 -0.328235
vn -0.951123 -0.256774 -0.052498
vn -0.925151 -0.248528 -0.232837
vn -0.925151 -0.248528 -0.232837
vn -0.951123 -0.256774 -0.052498
vn -0.970378 -0.177044 0.016938
vn -0.925151 -0.248528 -0.232837
vn -0.894639 -0.146337 -0.383873
vn -0.863716 -0.225754 -0.414268
vn -0.966899 -0.133759 -0.141019
vn -0.894639 -0.146337 -0.383873
vn -0.925151 -0.248528 -0.232837
vn -0.970378 -0.177044 0.016938
vn -0.966899 -0.133759 -0.141019
vn -0.925151 -0.248528 -0.232837
vn -0.951123 -0.256774 -0.052498
vn -0.951195 -0.184707 0.182938
vn -0.970378 -0.177044 0.016938
vn -0.949904 -0.253415 -0.081693
vn -0.951195 -0.184707 0.182938
vn -0.951123 -0.256774 -0.052498
vn -0.912269 -0.119905 0.350975
vn -0.951195 -0.184707 0.182938
vn -0.960912 -0.165833 0.147655
vn -0.907011 -0.115171 0.365473
vn -0.912269 -0.119905 0.350975
vn -0.960912 -0.165833 0.147655
vn -0.960912 -0.165833 0.147655
vn -0.951195 -0.184707 0.182938
vn -0.949904 -0.253415 -0.081693
vn -0.859775 -0.104332 0.465921
vn -0.912269 -0.119905 0.350975
vn -0.907011 -0.115171 0.365473
vn -0.843785 -0.074369 0.498776
vn -0.859775 -0.104332 0.465921
vn -0.907011 -0.115171 0.365473
vn -0.749414 0.057073 0.630301
vn -0.769615 0.046830 0.607003
vn -0.876506 0.019664 0.446087
vn -0.664500 0.020511 0.718925
vn -0.749414 0.057073 0.630301
vn -0.840710 -0.026801 0.508413
vn -0.769615 0.046830 0.607003
vn -0.749414 0.057073 0.630301
vn -0.693005 0.085993 0.687343
vn -0.769615 0.046830 0.607003
vn -0.693005 0.085993 0.687343
vn -0.694963 -0.002482 0.690621
vn -0.694963 -0.002482 0.690621
vn -0.838724 -0.055933 0.509306
vn -0.769615 0.046830 0.607003
vn -0.112039 0.170236 0.952158
vn -0.140772 0.179007 0.946873
vn -0.109031 0.210970 0.944563
vn -0.099103 0.184719 0.950936
vn -0.112039 0.170236 0.952158
vn -0.109031 0.210970 0.944563
vn -0.112039 0.170236 0.952158
vn -0.324217 0.048054 0.917820
vn -0.140772 0.179007 0.946873
vn -0.112039 0.170236 0.952158
vn -0.359117 0.063807 0.904146
vn -0.324217 0.048054 0.917820
vn -0.386454 0.018763 0.895127
vn -0.324217 0.048054 0.917820
vn -0.484846 -0.040208 0.846529
vn -0.099103 0.184719 0.950936
vn -0.178664 0.111818 0.950648
vn -0.257226 0.122263 0.931688
vn -0.059447 0.359625 0.904489
vn -0.249730 0.282832 0.899268
vn -0.352143 0.295583 0.861136
vn -0.102935 0.394663 0.886345
vn -0.059447 0.359625 0.904489
vn -0.352143 0.295583 0.861136
vn -0.102935 0.394663 0.886345
vn -0.352143 0.295583 0.861136
vn -0.452246 0.217058 0.837991
vn -0.149762 0.327181 0.906265
vn -0.102935 0.394663 0.886345
vn -0.452246 0.217058 0.837991
vn -0.515710 0.154423 0.815482
vn -0.500304 0.213896 0.811792
vn -0.531949 0.113655 0.811821
vn -0.528327 0.153150 0.807820
vn -0.531949 0.113655 0.811821
vn -0.316039 0.314064 0.868393
vn -0.261571 0.320484 0.883612
vn -0.528327 0.153150 0.807820
vn -0.316039 0.314064 0.868393
vn -0.421185 0.240302 0.847538
vn -0.316039 0.314064 0.868393
vn -0.500304 0.213896 0.811792
vn -0.421185 0.240302 0.847538
vn -0.500304 0.213896 0.811792
vn -0.477416 0.109070 0.844750
vn -0.531949 0.113655 0.811821
vn -0.500304 0.213896 0.811792
vn -0.316039 0.314064 0.868393
vn -0.336385 0.259822 0.878275
vn -0.531949 0.113655 0.811821
vn -0.528327 0.153150 0.807820
vn -0.246875 0.244058 0.910970
vn -0.515710 0.154423 0.815482
vn -0.531949 0.113655 0.811821
vn -0.515710 0.154423 0.815482
vn -0.452246 0.217058 0.837991
vn -0.500304 0.213896 0.811792
vn -0.246875 0.244058 0.910970
vn -0.149762 0.327181 0.906265
vn -0.515710 0.154423 0.815482
vn -0.515710 0.154423 0.815482
vn -0.149762 0.327181 0.906265
vn -0.452246 0.217058 0.837991
vn -0.059447 0.359625 0.904489
vn -0.105021 0.282592 0.926696
vn -0.025660 0.218085 0.948771
vn -0.065782 0.200022 0.950746
vn -0.025660 0.218085 0.948771
vn -0.105021 0.282592 0.926696
vn 0.004497 0.378399 0.898936
vn -0.105021 0.282592 0.926696
vn -0.059447 0.359625 0.904489
vn -0.102935 0.394663 0.886345
vn 0.004497 0.378399 0.898936
vn -0.059447 0.359625 0.904489
vn -0.069777 0.408491 0.883411
vn 0.004497 0.378399 0.898936
vn -0.102935 0.394663 0.886345
vn -0.069777 0.408491 0.883411
vn -0.105021 0.282592 0.926696
vn 0.004497 0.378399 0.898936
vn -0.105021 0.282592 0.926696
vn -0.246132 0.302790 0.893917
vn -0.065782 0.200022 0.950746
vn -0.065782 0.200022 0.950746
vn -0.103548 0.176518 0.951985
vn -0.025660 0.218085 0.948771
vn -0.065782 0.200022 0.950746
vn -0.144429 0.129787 0.954090
vn -0.103548 0.176518 0.951985
vn -0.103548 0.176518 0.951985
vn -0.144429 0.129787 0.954090
vn -0.177991 0.135558 0.947773
vn -0.146741 0.196509 0.942617
vn -0.144429 0.129787 0.954090
vn -0.065782 0.200022 0.950746
vn -0.330753 0.122024 0.908863
vn -0.144429 0.129787 0.954090
vn -0.146741 0.196509 0.942617
vn -0.246132 0.302790 0.893917
vn -0.146741 0.196509 0.942617
vn -0.065782 0.200022 0.950746
vn -0.345548 0.213051 0.886977
vn -0.146741 0.196509 0.942617
vn -0.246132 0.302790 0.893917
vn -0.433116 0.356756 0.800625
vn -0.345548 0.213051 0.886977
vn -0.246132 0.302790 0.893917
vn -0.069777 0.408491 0.883411
vn -0.246132 0.302790 0.893917
vn -0.105021 0.282592 0.926696
vn -0.298821 0.409758 0.835021
vn -0.246132 0.302790 0.893917
vn -0.069777 0.408491 0.883411
vn -0.246132 0.302790 0.893917
vn -0.298821 0.409758 0.835021
vn -0.433116 0.356756 0.800625
vn -0.554589 0.450054 0.671777
vn -0.433116 0.356756 0.800625
vn -0.298821 0.409758 0.835021
vn -0.359627 0.554983 0.722829
vn -0.298821 0.409758 0.835021
vn -0.108576 0.499383 0.832878
vn -0.108576 0.499383 0.832878
vn -0.149762 0.327181 0.906265
vn -0.110415 0.516662 0.822359
vn -0.110415 0.516662 0.822359
vn -0.149762 0.327181 0.906265
vn -0.246875 0.244058 0.910970
vn -0.108576 0.499383 0.832878
vn -0.069777 0.408491 0.883411
vn -0.149762 0.327181 0.906265
vn -0.149762 0.327181 0.906265
vn -0.069777 0.408491 0.883411
vn -0.102935 0.394663 0.886345
vn -0.278454 0.445816 0.823889
vn -0.110415 0.516662 0.822359
vn -0.246875 0.244058 0.910970
vn -0.531949 0.113655 0.811821
vn -0.336385 0.259822 0.878275
vn -0.246875 0.244058 0.910970
vn -0.340878 0.584002 0.709380
vn -0.110415 0.516662 0.822359
vn -0.278454 0.445816 0.823889
vn -0.278454 0.445816 0.823889
vn -0.336385 0.259822 0.878275
vn -0.527422 0.309696 0.763716
vn -0.527422 0.309696 0.763716
vn -0.524010 0.245633 0.788189
vn -0.653892 0.274935 0.676455
vn -0.527422 0.309696 0.763716
vn -0.653892 0.274935 0.676455
vn -0.406227 0.492042 0.742726
vn -0.278454 0.445816 0.823889
vn -0.527422 0.309696 0.763716
vn -0.406227 0.492042 0.742726
vn -0.527422 0.309696 0.763716
vn -0.528327 0.153150 0.807820
vn -0.524010 0.245633 0.788189
vn -0.524010 0.245633 0.788189
vn -0.528327 0.153150 0.807820
vn -0.261571 0.320484 0.883612
vn -0.524010 0.245633 0.788189
vn -0.261571 0.320484 0.883612
vn -0.273467 0.324087 0.878821
vn -0.273467 0.324087 0.878821
vn -0.057909 0.337474 0.912822
vn -0.193288 0.206484 0.932325
vn -0.361077 0.307781 0.853358
vn -0.193288 0.206484 0.932325
vn -0.338992 0.292738 0.867192
vn -0.520631 0.332890 0.758775
vn -0.361077 0.307781 0.853358
vn -0.338992 0.292738 0.867192
vn -0.520631 0.332890 0.758775
vn -0.338992 0.292738 0.867192
vn -0.299673 0.447294 0.815829
vn -0.193288 0.206484 0.932325
vn -0.361077 0.307781 0.853358
vn -0.273467 0.324087 0.878821
vn -0.361077 0.307781 0.853358
vn -0.519437 0.313693 0.767451
vn -0.273467 0.324087 0.878821
vn -0.520631 0.332890 0.758775
vn -0.519437 0.313693 0.767451
vn -0.361077 0.307781 0.853358
vn -0.524010 0.245633 0.788189
vn -0.519437 0.313693 0.767451
vn -0.653892 0.274935 0.676455
vn -0.273467 0.324087 0.878821
vn -0.519437 0.313693 0.767451
vn -0.524010 0.245633 0.788189
vn -0.653892 0.274935 0.676455
vn -0.519437 0.313693 0.767451
vn -0.633098 0.330993 0.671344
vn -0.709272 0.560338 0.391198
vn -0.789756 0.450008 0.379083
vn -0.568041 0.430577 0.673214
vn -0.789756 0.450008 0.379083
vn -0.709272 0.560338 0.391198
vn -0.818279 0.526346 -0.163771
vn -0.818279 0.526346 -0.163771
vn -0.709272 0.560338 0.391198
vn -0.734313 0.625570 -0.207045
vn -0.568041 0.430577 0.673214
vn -0.622090 0.424958 0.628718
vn -0.709272 0.560338 0.391198
vn -0.709272 0.560338 0.391198
vn -0.652078 0.632706 0.380918
vn -0.734313 0.625570 -0.207045
vn -0.734313 0.625570 -0.207045
vn -0.652078 0.632706 0.380918
vn -0.722391 0.649170 -0.174935
vn -0.622090 0.424958 0.628718
vn -0.811076 0.439647 0.345587
vn -0.652078 0.632706 0.380918
vn -0.862100 0.467568 -0.108645
vn -0.722391 0.649170 -0.174935
vn -0.652078 0.632706 0.380918
vn -0.862100 0.467568 -0.108645
vn -0.652078 0.632706 0.380918
vn -0.811076 0.439647 0.345587
vn -0.690153 0.370442 0.591959
vn -0.811076 0.439647 0.345587
vn -0.622090 0.424958 0.628718
vn -0.860688 0.302868 0.370380
vn -0.811076 0.439647 0.345587
vn -0.690153 0.370442 0.591959
vn -0.633098 0.330993 0.671344
vn -0.629995 0.299693 0.688225
vn -0.690153 0.370442 0.591959
vn -0.629995 0.299693 0.688225
vn -0.686981 0.291605 0.636604
vn -0.690153 0.370442 0.591959
vn -0.686981 0.291605 0.636604
vn -0.860688 0.302868 0.370380
vn -0.690153 0.370442 0.591959
vn -0.860688 0.302868 0.370380
vn -0.862100 0.467568 -0.108645
vn -0.811076 0.439647 0.345587
vn -0.653284 0.265270 -0.680754
vn -0.661101 0.341330 -0.639298
vn -0.862100 0.467568 -0.108645
vn -0.860688 0.302868 0.370380
vn -0.872369 0.377256 -0.261609
vn -0.862100 0.467568 -0.108645
vn -0.784320 0.498840 -0.327281
vn -0.872369 0.377256 -0.261609
vn -0.878518 0.259661 0.361346
vn -0.598816 0.221291 0.741977
vn -0.514812 0.300077 0.775717
vn -0.878518 0.259661 0.361346
vn -0.514812 0.300077 0.775717
vn -0.812358 0.448131 0.331819
vn -0.878518 0.259661 0.361346
vn -0.878518 0.259661 0.361346
vn -0.860688 0.302868 0.370380
vn -0.686981 0.291605 0.636604
vn -0.878518 0.259661 0.361346
vn -0.686981 0.291605 0.636604
vn -0.598816 0.221291 0.741977
vn -0.547584 0.237133 0.775009
vn -0.514812 0.300077 0.775717
vn -0.598816 0.221291 0.741977
vn -0.604210 0.219606 0.738198
vn -0.598816 0.221291 0.741977
vn -0.686981 0.291605 0.636604
vn -0.604210 0.219606 0.738198
vn -0.686981 0.291605 0.636604
vn -0.629995 0.299693 0.688225
vn -0.629995 0.299693 0.688225
vn -0.410348 0.391138 0.796717
vn -0.604210 0.219606 0.738198
vn -0.547584 0.237133 0.775009
vn -0.604210 0.219606 0.738198
vn -0.282112 0.402667 0.843973
vn -0.382235 0.449776 0.780152
vn -0.179076 0.605468 0.748551
vn -0.133805 0.524059 0.814403
vn -0.169770 0.534364 0.801284
vn -0.185408 0.494298 0.822560
vn -0.133805 0.524059 0.814403
vn -0.133805 0.524059 0.814403
vn -0.135922 0.707498 0.666101
vn -0.169770 0.534364 0.801284
vn -0.185408 0.494298 0.822560
vn -0.107003 0.538393 0.809179
vn -0.133805 0.524059 0.814403
vn -0.133805 0.524059 0.814403
vn -0.107003 0.538393 0.809179
vn -0.032131 0.489642 0.844684
vn -0.185408 0.494298 0.822560
vn -0.282112 0.402667 0.843973
vn -0.107003 0.538393 0.809179
vn -0.547584 0.237133 0.775009
vn -0.282112 0.402667 0.843973
vn -0.185408 0.494298 0.822560
vn -0.185408 0.494298 0.822560
vn -0.169770 0.534364 0.801284
vn -0.317234 0.445480 0.810312
vn -0.547584 0.237133 0.775009
vn -0.185408 0.494298 0.822560
vn -0.317234 0.445480 0.810312
vn -0.514812 0.300077 0.775717
vn -0.547584 0.237133 0.775009
vn -0.317234 0.445480 0.810312
vn -0.519210 0.410033 0.722231
vn -0.317234 0.445480 0.810312
vn -0.544606 0.767929 0.294336
vn -0.317234 0.445480 0.810312
vn -0.169770 0.534364 0.801284
vn -0.544606 0.767929 0.294336
vn -0.519210 0.410033 0.722231
vn -0.544606 0.767929 0.294336
vn -0.812358 0.448131 0.331819
vn -0.514812 0.300077 0.775717
vn -0.519210 0.410033 0.722231
vn -0.812358 0.448131 0.331819
vn -0.812358 0.448131 0.331819
vn -0.544606 0.767929 0.294336
vn -0.784320 0.498840 -0.327281
vn -0.784320 0.498840 -0.327281
vn -0.544606 0.767929 0.294336
vn -0.559852 0.763240 -0.277866
vn -0.169770 0.534364 0.801284
vn -0.261838 0.851641 0.420820
vn -0.544606 0.767929 0.294336
vn -0.544606 0.767929 0.294336
vn -0.261838 0.851641 0.420820
vn -0.559852 0.763240 -0.277866
vn -0.559852 0.763240 -0.277866
vn -0.261838 0.851641 0.420820
vn -0.453421 0.862563 -0.160012
vn -0.261838 0.851641 0.420820
vn -0.225413 0.811544 0.508929
vn -0.453421 0.862563 -0.160012
vn -0.559852 0.763240 -0.277866
vn -0.453421 0.862563 -0.160012
vn -0.389092 0.642692 -0.631807
vn -0.784320 0.498840 -0.327281
vn -0.559852 0.763240 -0.277866
vn -0.587541 0.440379 -0.650396
vn -0.872369 0.377256 -0.261609
vn -0.587541 0.440379 -0.650396
vn -0.532979 0.342063 -0.746376
vn -0.402911 0.363681 -0.812856
vn -0.332534 0.217473 -0.890769
vn -0.532979 0.342063 -0.746376
vn -0.440196 0.209009 -0.846179
vn -0.532979 0.342063 -0.746376
vn -0.332534 0.217473 -0.890769
vn -0.332534 0.217473 -0.890769
vn -0.260127 0.280312 -0.897162
vn -0.189435 0.147009 -0.943952
vn -0.260127 0.280312 -0.897162
vn -0.136806 0.206343 -0.942034
vn -0.189435 0.147009 -0.943952
vn -0.189435 0.147009 -0.943952
vn -0.136806 0.206343 -0.942034
vn -0.106720 0.066262 -0.965182
vn -0.332534 0.217473 -0.890769
vn -0.189435 0.147009 -0.943952
vn -0.106720 0.066262 -0.965182
vn -0.276775 0.145257 -0.922996
vn -0.332534 0.217473 -0.890769
vn -0.106720 0.066262 -0.965182
vn -0.276775 0.145257 -0.922996
vn -0.062175 0.041149 -0.970315
vn -0.212568 0.174761 -0.934527
vn -0.384065 0.246358 -0.862872
vn -0.212568 0.174761 -0.934527
vn -0.136649 0.094224 -0.959238
vn -0.136649 0.094224 -0.959238
vn -0.062175 0.041149 -0.970315
vn 0.000000 0.000000 -0.973095
vn -0.062175 0.041149 -0.970315
vn -0.106720 0.066262 -0.965182
vn 0.000000 0.000000 -0.973095
vn -0.030740 0.094230 -0.968187
vn -0.106720 0.066262 -0.965182
vn -0.136806 0.206343 -0.942034
vn -0.136806 0.206343 -0.942034
vn -0.117876 0.369667 -0.894941
vn -0.030740 0.094230 -0.968187
vn -0.260127 0.280312 -0.897162
vn -0.203866 0.430022 -0.852765
vn -0.136806 0.206343 -0.942034
vn -0.106720 0.066262 -0.965182
vn -0.030740 0.094230 -0.968187
vn -0.000224 0.033024 -0.972552
vn -0.106720 0.066262 -0.965182
vn -0.000224 0.033024 -0.972552
vn 0.000000 0.000000 -0.973095
vn -0.192909 -0.074636 -0.951474
vn -0.047956 -0.001573 -0.971943
vn -0.080408 -0.001644 -0.969856
vn -0.192909 -0.074636 -0.951474
vn -0.365154 -0.165012 -0.889256
vn -0.047956 -0.001573 -0.971943
vn -0.080408 -0.001644 -0.969856
vn -0.024888 -0.000433 -0.972785
vn 0.040625 -0.021591 -0.972037
vn -0.047956 -0.001573 -0.971943
vn -0.024888 -0.000433 -0.972785
vn -0.080408 -0.001644 -0.969856
vn -0.263817 -0.110897 -0.931273
vn -0.205804 -0.043239 -0.950730
vn -0.047956 -0.001573 -0.971943
vn -0.205804 -0.043239 -0.950730
vn -0.171332 -0.002417 -0.958303
vn -0.047956 -0.001573 -0.971943
vn -0.171332 -0.002417 -0.958303
vn -0.024888 -0.000433 -0.972785
vn -0.047956 -0.001573 -0.971943
vn -0.062175 0.041149 -0.970315
vn -0.136649 0.094224 -0.959238
vn -0.212568 0.174761 -0.934527
vn -0.119643 0.071852 -0.963318
vn -0.136649 0.094224 -0.959238
vn 0.000000 0.000000 -0.973095
vn 0.000000 0.000000 -0.973095
vn -0.085491 0.042278 -0.968540
vn -0.119643 0.071852 -0.963318
vn -0.153776 0.130458 -0.952578
vn -0.085491 0.042278 -0.968540
vn 0.000000 0.000000 -0.973095
vn -0.052339 0.037309 -0.971030
vn -0.124443 0.113999 -0.958774
vn 0.000000 0.000000 -0.973095
vn -0.049936 -0.000340 -0.971847
vn -0.052339 0.037309 -0.971030
vn 0.000000 0.000000 -0.973095
vn -0.171332 -0.002417 -0.958303
vn -0.186511 -0.000707 -0.955544
vn -0.024888 -0.000433 -0.972785
vn 0.000000 0.000000 -0.973095
vn -0.024888 -0.000433 -0.972785
vn -0.049936 -0.000340 -0.971847
vn -0.313474 0.232234 -0.893876
vn -0.085491 0.042278 -0.968540
vn -0.153776 0.130458 -0.952578
vn -0.124443 0.113999 -0.958774
vn -0.153776 0.130458 -0.952578
vn 0.000000 0.000000 -0.973095
vn -0.124443 0.113999 -0.958774
vn -0.052339 0.037309 -0.971030
vn -0.168281 0.158048 -0.946120
vn -0.214173 0.191550 -0.930973
vn -0.168281 0.158048 -0.946120
vn -0.052339 0.037309 -0.971030
vn -0.186511 -0.000707 -0.955544
vn -0.220049 0.011522 -0.948509
vn -0.024888 -0.000433 -0.972785
vn -0.894639 -0.146337 -0.383873
vn -0.739286 -0.095340 -0.637414
vn -0.723473 -0.178635 -0.637715
vn -0.678340 -0.215079 -0.674042
vn -0.863716 -0.225754 -0.414268
vn -0.723473 -0.178635 -0.637715
vn -0.574916 -0.119844 -0.781905
vn -0.205804 -0.043239 -0.950730
vn -0.263817 -0.110897 -0.931273
vn -0.516419 -0.078778 -0.825470
vn -0.739286 -0.095340 -0.637414
vn -0.435753 -0.002414 -0.873011
vn -0.435753 -0.002414 -0.873011
vn -0.738407 0.012573 -0.645150
vn -0.459143 0.018670 -0.861074
vn -0.459143 0.018670 -0.861074
vn -0.738407 0.012573 -0.645150
vn -0.550893 0.030833 -0.806655
vn -0.550893 0.030833 -0.806655
vn -0.220049 0.011522 -0.948509
vn -0.186511 -0.000707 -0.955544
vn -0.459143 0.018670 -0.861074
vn -0.186511 -0.000707 -0.955544
vn -0.435753 -0.002414 -0.873011
vn -0.516419 -0.078778 -0.825470
vn -0.435753 -0.002414 -0.873011
vn -0.171332 -0.002417 -0.958303
vn -0.516419 -0.078778 -0.825470
vn -0.171332 -0.002417 -0.958303
vn -0.205804 -0.043239 -0.950730
vn -0.516419 -0.078778 -0.825470
vn -0.205804 -0.043239 -0.950730
vn -0.574916 -0.119844 -0.781905
vn -0.574916 -0.119844 -0.781905
vn -0.739286 -0.095340 -0.637414
vn -0.516419 -0.078778 -0.825470
vn -0.435753 -0.002414 -0.873011
vn -0.739286 -0.095340 -0.637414
vn -0.738407 0.012573 -0.645150
vn -0.550893 0.030833 -0.806655
vn -0.738407 0.012573 -0.645150
vn -0.750648 0.036028 -0.630379
vn -0.574916 -0.119844 -0.781905
vn -0.723473 -0.178635 -0.637715
vn -0.739286 -0.095340 -0.637414
vn -0.574916 -0.119844 -0.781905
vn -0.678340 -0.215079 -0.674042
vn -0.723473 -0.178635 -0.637715
vn -0.171332 -0.002417 -0.958303
vn -0.435753 -0.002414 -0.873011
vn -0.186511 -0.000707 -0.955544
vn -0.186511 -0.000707 -0.955544
vn -0.459143 0.018670 -0.861074
vn -0.550893 0.030833 -0.806655
vn -0.925151 -0.248528 -0.232837
vn -0.863716 -0.225754 -0.414268
vn -0.870344 -0.324538 -0.328235
vn -0.975107 -0.083326 -0.122434
vn -0.894639 -0.146337 -0.383873
vn -0.966899 -0.133759 -0.141019
vn -0.976763 -0.108286 0.084898
vn -0.975107 -0.083326 -0.122434
vn -0.966899 -0.133759 -0.141019
vn -0.976763 -0.108286 0.084898
vn -0.966899 -0.133759 -0.141019
vn -0.970378 -0.177044 0.016938
vn -0.952164 -0.108360 0.231002
vn -0.976763 -0.108286 0.084898
vn -0.970378 -0.177044 0.016938
vn -0.952164 -0.108360 0.231002
vn -0.970378 -0.177044 0.016938
vn -0.951195 -0.184707 0.182938
vn -0.912269 -0.119905 0.350975
vn -0.947579 -0.056886 0.264734
vn -0.952164 -0.108360 0.231002
vn -0.912269 -0.119905 0.350975
vn -0.952164 -0.108360 0.231002
vn -0.951195 -0.184707 0.182938
vn -0.859775 -0.104332 0.465921
vn -0.840710 -0.026801 0.508413
vn -0.947579 -0.056886 0.264734
vn -0.783531 -0.040849 0.589856
vn -0.859775 -0.104332 0.465921
vn -0.843785 -0.074369 0.498776
vn -0.859775 -0.104332 0.465921
vn -0.947579 -0.056886 0.264734
vn -0.912269 -0.119905 0.350975
vn -0.840710 -0.026801 0.508413
vn -0.859775 -0.104332 0.465921
vn -0.783531 -0.040849 0.589856
vn -0.664500 0.020511 0.718925
vn -0.840710 -0.026801 0.508413
vn -0.783531 -0.040849 0.589856
vn -0.876506 0.019664 0.446087
vn -0.840710 -0.026801 0.508413
vn -0.749414 0.057073 0.630301
vn -0.947579 -0.056886 0.264734
vn -0.979713 -0.033204 0.109043
vn -0.976763 -0.108286 0.084898
vn -0.947579 -0.056886 0.264734
vn -0.976763 -0.108286 0.084898
vn -0.952164 -0.108360 0.231002
vn -0.979713 -0.033204 0.109043
vn -0.975107 -0.083326 -0.122434
vn -0.976763 -0.108286 0.084898
vn -0.975107 -0.083326 -0.122434
vn -0.919410 -0.034517 -0.351054
vn -0.894639 -0.146337 -0.383873
vn -0.739286 -0.095340 -0.637414
vn -0.894639 -0.146337 -0.383873
vn -0.919410 -0.034517 -0.351054
vn -0.979713 -0.033204 0.109043
vn -0.980758 0.013979 -0.103815
vn -0.975107 -0.083326 -0.122434
vn -0.980758 0.013979 -0.103815
vn -0.919410 -0.034517 -0.351054
vn -0.975107 -0.083326 -0.122434
vn -0.980758 0.013979 -0.103815
vn -0.912604 0.029250 -0.368370
vn -0.919410 -0.034517 -0.351054
vn -0.738407 0.012573 -0.645150
vn -0.919410 -0.034517 -0.351054
vn -0.912604 0.029250 -0.368370
vn -0.947579 -0.056886 0.264734
vn -0.840710 -0.026801 0.508413
vn -0.876506 0.019664 0.446087
vn -0.876506 0.019664 0.446087
vn -0.941915 0.017453 0.288686
vn -0.947579 -0.056886 0.264734
vn -0.941915 0.017453 0.288686
vn -0.979713 -0.033204 0.109043
vn -0.947579 -0.056886 0.264734
vn -0.980715 0.012438 0.104393
vn -0.980758 0.013979 -0.103815
vn -0.979713 -0.033204 0.109043
vn -0.941915 0.017453 0.288686
vn -0.980715 0.012438 0.104393
vn -0.979713 -0.033204 0.109043
vn -0.980758 0.013979 -0.103815
vn -0.933905 0.034241 -0.311638
vn -0.912604 0.029250 -0.368370
vn -0.977240 0.068235 0.114694
vn -0.980758 0.013979 -0.103815
vn -0.980715 0.012438 0.104393
vn -0.941915 0.017453 0.288686
vn -0.977240 0.068235 0.114694
vn -0.980715 0.012438 0.104393
vn -0.977240 0.068235 0.114694
vn -0.982009 0.064433 -0.067469
vn -0.980758 0.013979 -0.103815
vn -0.982009 0.064433 -0.067469
vn -0.933905 0.034241 -0.311638
vn -0.980758 0.013979 -0.103815
vn -0.976582 0.022562 0.135739
vn -0.982009 0.064433 -0.067469
vn -0.977240 0.068235 0.114694
vn -0.934683 0.076057 0.302045
vn -0.976582 0.022562 0.135739
vn -0.977240 0.068235 0.114694
vn -0.934683 0.076057 0.302045
vn -0.977240 0.068235 0.114694
vn -0.941915 0.017453 0.288686
vn -0.934683 0.076057 0.302045
vn -0.941915 0.017453 0.288686
vn -0.876506 0.019664 0.446087
vn -0.876506 0.019664 0.446087
vn -0.876756 0.054843 0.442749
vn -0.934683 0.076057 0.302045
vn -0.934683 0.076057 0.302045
vn -0.876756 0.054843 0.442749
vn -0.939057 0.034818 0.296125
vn -0.769615 0.046830 0.607003
vn -0.876756 0.054843 0.442749
vn -0.876506 0.019664 0.446087
vn -0.876756 0.054843 0.442749
vn -0.905569 -0.093808 0.374755
vn -0.939057 0.034818 0.296125
vn -0.838724 -0.055933 0.509306
vn -0.876756 0.054843 0.442749
vn -0.769615 0.046830 0.607003
vn -0.838724 -0.055933 0.509306
vn -0.905569 -0.093808 0.374755
vn -0.876756 0.054843 0.442749
vn -0.978289 -0.120297 0.040549
vn -0.977032 -0.047387 0.126043
vn -0.905569 -0.093808 0.374755
vn -0.905569 -0.093808 0.374755
vn -0.977032 -0.047387 0.126043
vn -0.939057 0.034818 0.296125
vn -0.939057 0.034818 0.296125
vn -0.977032 -0.047387 0.126043
vn -0.976582 0.022562 0.135739
vn -0.939057 0.034818 0.296125
vn -0.976582 0.022562 0.135739
vn -0.934683 0.076057 0.302045
vn -0.976582 0.022562 0.135739
vn -0.984461 -0.013754 -0.060836
vn -0.982009 0.064433 -0.067469
vn -0.984461 -0.013754 -0.060836
vn -0.933905 0.034241 -0.311638
vn -0.982009 0.064433 -0.067469
vn -0.984461 -0.013754 -0.060836
vn -0.916689 -0.011321 -0.359348
vn -0.933905 0.034241 -0.311638
vn -0.974064 -0.070304 -0.137506
vn -0.916689 -0.011321 -0.359348
vn -0.984461 -0.013754 -0.060836
vn -0.977032 -0.047387 0.126043
vn -0.974064 -0.070304 -0.137506
vn -0.984461 -0.013754 -0.060836
vn -0.977032 -0.047387 0.126043
vn -0.984461 -0.013754 -0.060836
vn -0.976582 0.022562 0.135739
vn -0.978289 -0.120297 0.040549
vn -0.974064 -0.070304 -0.137506
vn -0.977032 -0.047387 0.126043
vn -0.963067 -0.113724 0.178574
vn -0.983911 -0.071294 0.003353
vn -0.978289 -0.120297 0.040549
vn -0.983911 -0.071294 0.003353
vn -0.974064 -0.070304 -0.137506
vn -0.978289 -0.120297 0.040549
vn -0.908738 -0.133982 0.354931
vn -0.963067 -0.113724 0.178574
vn -0.978289 -0.120297 0.040549
vn -0.978289 -0.120297 0.040549
vn -0.905569 -0.093808 0.374755
vn -0.908738 -0.133982 0.354931
vn -0.838724 -0.055933 0.509306
vn -0.908738 -0.133982 0.354931
vn -0.905569 -0.093808 0.374755
vn -0.591798 0.009789 0.778486
vn -0.387798 0.153652 0.881870
vn -0.618875 0.021900 0.757477
vn -0.618875 0.021900 0.757477
vn -0.326504 0.241729 0.886869
vn -0.562294 0.147353 0.786267
vn -0.548231 0.318787 0.745617
vn -0.562294 0.147353 0.786267
vn -0.250433 0.336712 0.880897
vn -0.259361 0.447167 0.829226
vn -0.250433 0.336712 0.880897
vn -0.168726 0.457912 0.846134
vn -0.168726 0.457912 0.846134
vn -0.351121 0.280852 0.866307
vn -0.354645 0.468389 0.782210
vn -0.354645 0.468389 0.782210
vn -0.438579 0.310271 0.816349
vn -0.544772 0.396497 0.711153
vn -0.544772 0.396497 0.711153
vn -0.683813 0.454292 0.540234
vn -0.664811 0.455631 0.561790
vn -0.427799 0.529658 0.704896
vn -0.544772 0.396497 0.711153
vn -0.487214 0.583625 0.621076
vn -0.427799 0.529658 0.704896
vn -0.487214 0.583625 0.621076
vn -0.367208 0.659219 0.628034
vn -0.214485 0.542858 0.785155
vn -0.354645 0.468389 0.782210
vn -0.367208 0.659219 0.628034
vn -0.367208 0.659219 0.628034
vn -0.272769 0.630998 0.698952
vn -0.214485 0.542858 0.785155
vn -0.168726 0.457912 0.846134
vn -0.354645 0.468389 0.782210
vn -0.214485 0.542858 0.785155
vn -0.354645 0.468389 0.782210
vn -0.544772 0.396497 0.711153
vn -0.427799 0.529658 0.704896
vn -0.354645 0.468389 0.782210
vn -0.427799 0.529658 0.704896
vn -0.367208 0.659219 0.628034
vn -0.367208 0.659219 0.628034
vn -0.487214 0.583625 0.621076
vn -0.528765 0.684273 0.470053
vn -0.528765 0.684273 0.470053
vn -0.425676 0.786355 0.413708
vn -0.367208 0.659219 0.628034
vn -0.288558 0.759351 0.553996
vn -0.272769 0.630998 0.698952
vn -0.367208 0.659219 0.628034
vn -0.367208 0.659219 0.628034
vn -0.425676 0.786355 0.413708
vn -0.288558 0.759351 0.553996
vn -0.288558 0.759351 0.553996
vn -0.621317 0.560470 0.516496
vn -0.272769 0.630998 0.698952
vn -0.214485 0.542858 0.785155
vn -0.272769 0.630998 0.698952
vn -0.259361 0.447167 0.829226
vn -0.214485 0.542858 0.785155
vn -0.259361 0.447167 0.829226
vn -0.168726 0.457912 0.846134
vn -0.168726 0.457912 0.846134
vn -0.191695 0.314457 0.902939
vn -0.351121 0.280852 0.866307
vn -0.354645 0.468389 0.782210
vn -0.351121 0.280852 0.866307
vn -0.438579 0.310271 0.816349
vn -0.544772 0.396497 0.711153
vn -0.438579 0.310271 0.816349
vn -0.534657 0.268224 0.773964
vn -0.534657 0.268224 0.773964
vn -0.433116 0.356756 0.800625
vn -0.544772 0.396497 0.711153
vn -0.345548 0.213051 0.886977
vn -0.433116 0.356756 0.800625
vn -0.534657 0.268224 0.773964
vn -0.146741 0.196509 0.942617
vn -0.345548 0.213051 0.886977
vn -0.330753 0.122024 0.908863
vn -0.345548 0.213051 0.886977
vn -0.460949 0.162527 0.845318
vn -0.330753 0.122024 0.908863
vn -0.534657 0.268224 0.773964
vn -0.460949 0.162527 0.845318
vn -0.345548 0.213051 0.886977
vn -0.351121 0.280852 0.866307
vn -0.247826 0.292911 0.896649
vn -0.460949 0.162527 0.845318
vn -0.351121 0.280852 0.866307
vn -0.460949 0.162527 0.845318
vn -0.534657 0.268224 0.773964
vn -0.378603 0.139948 0.887948
vn -0.330753 0.122024 0.908863
vn -0.460949 0.162527 0.845318
vn -0.247826 0.292911 0.896649
vn -0.378603 0.139948 0.887948
vn -0.460949 0.162527 0.845318
vn -0.378603 0.139948 0.887948
vn -0.257226 0.122263 0.931688
vn -0.330753 0.122024 0.908863
vn -0.247826 0.292911 0.896649
vn -0.166771 0.244382 0.928415
vn -0.378603 0.139948 0.887948
vn -0.378603 0.139948 0.887948
vn -0.166771 0.244382 0.928415
vn -0.257226 0.122263 0.931688
vn -0.166771 0.244382 0.928415
vn -0.099103 0.184719 0.950936
vn -0.257226 0.122263 0.931688
vn -0.191695 0.314457 0.902939
vn -0.112039 0.170236 0.952158
vn -0.099103 0.184719 0.950936
vn -0.166771 0.244382 0.928415
vn -0.191695 0.314457 0.902939
vn -0.099103 0.184719 0.950936
vn -0.247826 0.292911 0.896649
vn -0.191695 0.314457 0.902939
vn -0.166771 0.244382 0.928415
vn -0.351121 0.280852 0.866307
vn -0.191695 0.314457 0.902939
vn -0.247826 0.292911 0.896649
vn -0.168726 0.457912 0.846134
vn -0.250433 0.336712 0.880897
vn -0.191695 0.314457 0.902939
vn -0.191695 0.314457 0.902939
vn -0.301405 0.124509 0.918417
vn -0.112039 0.170236 0.952158
vn -0.191695 0.314457 0.902939
vn -0.387798 0.153652 0.881870
vn -0.301405 0.124509 0.918417
vn -0.387798 0.153652 0.881870
vn -0.528073 0.027169 0.821497
vn -0.301405 0.124509 0.918417
vn -0.112039 0.170236 0.952158
vn -0.301405 0.124509 0.918417
vn -0.359117 0.063807 0.904146
vn -0.301405 0.124509 0.918417
vn -0.591055 -0.035414 0.778314
vn -0.359117 0.063807 0.904146
vn -0.528073 0.027169 0.821497
vn -0.591055 -0.035414 0.778314
vn -0.301405 0.124509 0.918417
vn -0.484846 -0.040208 0.846529
vn -0.696482 -0.079869 0.684634
vn -0.694963 -0.002482 0.690621
vn -0.694963 -0.002482 0.690621
vn -0.542370 -0.008504 0.812780
vn -0.484846 -0.040208 0.846529
vn -0.484846 -0.040208 0.846529
vn -0.359117 0.063807 0.904146
vn -0.591055 -0.035414 0.778314
vn -0.528073 0.027169 0.821497
vn -0.696482 -0.079869 0.684634
vn -0.591055 -0.035414 0.778314
vn -0.591055 -0.035414 0.778314
vn -0.696482 -0.079869 0.684634
vn -0.484846 -0.040208 0.846529
vn -0.542370 -0.008504 0.812780
vn -0.694963 -0.002482 0.690621
vn -0.536181 0.079193 0.813079
vn -0.528073 0.027169 0.821497
vn -0.591798 0.009789 0.778486
vn -0.696482 -0.079869 0.684634
vn -0.387798 0.153652 0.881870
vn -0.591798 0.009789 0.778486
vn -0.528073 0.027169 0.821497
vn -0.326504 0.241729 0.886869
vn -0.387798 0.153652 0.881870
vn -0.191695 0.314457 0.902939
vn -0.191695 0.314457 0.902939
vn -0.250433 0.336712 0.880897
vn -0.326504 0.241729 0.886869
vn -0.250433 0.336712 0.880897
vn -0.562294 0.147353 0.786267
vn -0.326504 0.241729 0.886869
vn -0.562294 0.147353 0.786267
vn -0.674153 0.310046 0.641481
vn -0.766302 0.113248 0.602576
vn -0.618875 0.021900 0.757477
vn -0.766302 0.113248 0.602576
vn -0.785055 -0.037198 0.588117
vn -0.591798 0.009789 0.778486
vn -0.785055 -0.037198 0.588117
vn -0.696482 -0.079869 0.684634
vn -0.618875 0.021900 0.757477
vn -0.785055 -0.037198 0.588117
vn -0.591798 0.009789 0.778486
vn -0.922091 -0.028635 0.344667
vn -0.785055 -0.037198 0.588117
vn -0.766302 0.113248 0.602576
vn -0.562294 0.147353 0.786267
vn -0.766302 0.113248 0.602576
vn -0.618875 0.021900 0.757477
vn -0.618875 0.021900 0.757477
vn -0.387798 0.153652 0.881870
vn -0.326504 0.241729 0.886869
vn -0.674153 0.310046 0.641481
vn -0.885778 0.252938 0.348495
vn -0.766302 0.113248 0.602576
vn -0.766302 0.113248 0.602576
vn -0.885778 0.252938 0.348495
vn -0.922281 0.109704 0.327997
vn -0.922091 -0.028635 0.344667
vn -0.766302 0.113248 0.602576
vn -0.922281 0.109704 0.327997
vn -0.908738 -0.133982 0.354931
vn -0.785055 -0.037198 0.588117
vn -0.922091 -0.028635 0.344667
vn -0.922281 0.109704 0.327997
vn -0.969471 0.111016 0.142958
vn -0.922091 -0.028635 0.344667
vn -0.922091 -0.028635 0.344667
vn -0.969471 0.111016 0.142958
vn -0.974031 -0.012869 0.153623
vn -0.922091 -0.028635 0.344667
vn -0.974031 -0.012869 0.153623
vn -0.908738 -0.133982 0.354931
vn -0.908738 -0.133982 0.354931
vn -0.974031 -0.012869 0.153623
vn -0.963067 -0.113724 0.178574
vn -0.974031 -0.012869 0.153623
vn -0.983911 -0.071294 0.003353
vn -0.963067 -0.113724 0.178574
vn -0.983911 -0.071294 0.003353
vn -0.965855 0.018659 -0.197120
vn -0.974064 -0.070304 -0.137506
vn -0.965855 0.018659 -0.197120
vn -0.916689 -0.011321 -0.359348
vn -0.974064 -0.070304 -0.137506
vn -0.965855 0.018659 -0.197120
vn -0.907246 0.090051 -0.371689
vn -0.916689 -0.011321 -0.359348
vn -0.907246 0.090051 -0.371689
vn -0.965855 0.018659 -0.197120
vn -0.949013 0.195640 -0.182947
vn -0.920505 0.314209 -0.163480
vn -0.871913 0.284246 -0.358966
vn -0.949013 0.195640 -0.182947
vn -0.962191 0.217625 -0.012490
vn -0.949013 0.195640 -0.182947
vn -0.979883 0.111276 -0.025124
vn -0.969471 0.111016 0.142958
vn -0.962191 0.217625 -0.012490
vn -0.979883 0.111276 -0.025124
vn -0.969471 0.111016 0.142958
vn -0.979883 0.111276 -0.025124
vn -0.974031 -0.012869 0.153623
vn -0.974031 -0.012869 0.153623
vn -0.979883 0.111276 -0.025124
vn -0.983911 -0.071294 0.003353
vn -0.979883 0.111276 -0.025124
vn -0.965855 0.018659 -0.197120
vn -0.983911 -0.071294 0.003353
vn -0.907246 0.090051 -0.371689
vn -0.730019 0.152968 -0.636925
vn -0.749552 0.029364 -0.631982
vn -0.625169 0.074891 -0.749120
vn -0.749552 0.029364 -0.631982
vn -0.730019 0.152968 -0.636925
vn -0.926912 0.338226 -0.004199
vn -0.862917 0.462535 -0.122359
vn -0.920505 0.314209 -0.163480
vn -0.920505 0.314209 -0.163480
vn -0.962191 0.217625 -0.012490
vn -0.926912 0.338226 -0.004199
vn -0.907651 0.339927 0.182434
vn -0.847493 0.505598 0.014972
vn -0.926912 0.338226 -0.004199
vn -0.804649 0.370636 0.428652
vn -0.793864 0.549582 0.202199
vn -0.907651 0.339927 0.182434
vn -0.804649 0.370636 0.428652
vn -0.907651 0.339927 0.182434
vn -0.885778 0.252938 0.348495
vn -0.804649 0.370636 0.428652
vn -0.885778 0.252938 0.348495
vn -0.674153 0.310046 0.641481
vn -0.548231 0.318787 0.745617
vn -0.568921 0.407088 0.686526
vn -0.674153 0.310046 0.641481
vn -0.548231 0.318787 0.745617
vn -0.674153 0.310046 0.641481
vn -0.562294 0.147353 0.786267
vn -0.804649 0.370636 0.428652
vn -0.674153 0.310046 0.641481
vn -0.568921 0.407088 0.686526
vn -0.548231 0.318787 0.745617
vn -0.259361 0.447167 0.829226
vn -0.568921 0.407088 0.686526
vn -0.272769 0.630998 0.698952
vn -0.568921 0.407088 0.686526
vn -0.259361 0.447167 0.829226
vn -0.621317 0.560470 0.516496
vn -0.568921 0.407088 0.686526
vn -0.272769 0.630998 0.698952
vn -0.568921 0.407088 0.686526
vn -0.621317 0.560470 0.516496
vn -0.804649 0.370636 0.428652
vn -0.793864 0.549582 0.202199
vn -0.621317 0.560470 0.516496
vn -0.668183 0.688457 0.230227
vn -0.621317 0.560470 0.516496
vn -0.288558 0.759351 0.553996
vn -0.668183 0.688457 0.230227
vn -0.288558 0.759351 0.553996
vn -0.425676 0.786355 0.413708
vn -0.668183 0.688457 0.230227
vn -0.668183 0.688457 0.230227
vn -0.425676 0.786355 0.413708
vn -0.690491 0.689691 0.147865
vn -0.690491 0.689691 0.147865
vn -0.425676 0.786355 0.413708
vn -0.596168 0.743934 0.254101
vn -0.425676 0.786355 0.413708
vn -0.528765 0.684273 0.470053
vn -0.596168 0.743934 0.254101
vn -0.596168 0.743934 0.254101
vn -0.528765 0.684273 0.470053
vn -0.623155 0.667153 0.370919
vn -0.528765 0.684273 0.470053
vn -0.645828 0.560649 0.486160
vn -0.623155 0.667153 0.370919
vn -0.655659 0.721288 0.155791
vn -0.712081 0.672487 0.122950
vn -0.623155 0.667153 0.370919
vn -0.645828 0.560649 0.486160
vn -0.694113 0.604636 0.351720
vn -0.623155 0.667153 0.370919
vn -0.694113 0.604636 0.351720
vn -0.655659 0.721288 0.155791
vn -0.623155 0.667153 0.370919
vn -0.655659 0.721288 0.155791
vn -0.717281 0.669086 0.110944
vn -0.657806 0.691791 -0.248863
vn -0.717281 0.669086 0.110944
vn -0.701688 0.656078 -0.224832
vn -0.657806 0.691791 -0.248863
vn -0.657806 0.691791 -0.248863
vn -0.712081 0.672487 0.122950
vn -0.655659 0.721288 0.155791
vn -0.778267 0.539037 -0.275449
vn -0.712081 0.672487 0.122950
vn -0.657806 0.691791 -0.248863
vn -0.592328 0.506782 -0.597117
vn -0.544220 0.519764 -0.629945
vn -0.657806 0.691791 -0.248863
vn -0.657806 0.691791 -0.248863
vn -0.701688 0.656078 -0.224832
vn -0.592328 0.506782 -0.597117
vn -0.694113 0.604636 0.351720
vn -0.717281 0.669086 0.110944
vn -0.655659 0.721288 0.155791
vn -0.757000 0.495274 0.389258
vn -0.762948 0.565799 0.264918
vn -0.694113 0.604636 0.351720
vn -0.717281 0.669086 0.110944
vn -0.694113 0.604636 0.351720
vn -0.762948 0.565799 0.264918
vn -0.554589 0.450054 0.671777
vn -0.577499 0.567457 0.556993
vn -0.683813 0.454292 0.540234
vn -0.683813 0.454292 0.540234
vn -0.694113 0.604636 0.351720
vn -0.645828 0.560649 0.486160
vn -0.487214 0.583625 0.621076
vn -0.664811 0.455631 0.561790
vn -0.645828 0.560649 0.486160
vn -0.487214 0.583625 0.621076
vn -0.645828 0.560649 0.486160
vn -0.528765 0.684273 0.470053
vn -0.544772 0.396497 0.711153
vn -0.664811 0.455631 0.561790
vn -0.487214 0.583625 0.621076
vn -0.664811 0.455631 0.561790
vn -0.683813 0.454292 0.540234
vn -0.645828 0.560649 0.486160
vn -0.694113 0.604636 0.351720
vn -0.683813 0.454292 0.540234
vn -0.757000 0.495274 0.389258
vn -0.757000 0.495274 0.389258
vn -0.683813 0.454292 0.540234
vn -0.577499 0.567457 0.556993
vn -0.687446 0.582314 0.397938
vn -0.757000 0.495274 0.389258
vn -0.577499 0.567457 0.556993
vn -0.577499 0.567457 0.556993
vn -0.625213 0.626024 0.432020
vn -0.687446 0.582314 0.397938
vn -0.688184 0.617292 0.341600
vn -0.762948 0.565799 0.264918
vn -0.687446 0.582314 0.397938
vn -0.688184 0.617292 0.341600
vn -0.687446 0.582314 0.397938
vn -0.625213 0.626024 0.432020
vn -0.577499 0.567457 0.556993
vn -0.366036 0.678945 0.608008
vn -0.625213 0.626024 0.432020
vn -0.688184 0.617292 0.341600
vn -0.588765 0.608745 0.500378
vn -0.783792 0.580176 0.151126
vn -0.846090 0.485762 -0.146968
vn -0.783792 0.580176 0.151126
vn -0.776696 0.555193 0.247207
vn -0.634657 0.447449 -0.600748
vn -0.846090 0.485762 -0.146968
vn -0.650935 0.378757 -0.628930
vn -0.846090 0.485762 -0.146968
vn -0.766894 0.577389 -0.226853
vn -0.783792 0.580176 0.151126
vn -0.688184 0.617292 0.341600
vn -0.783792 0.580176 0.151126
vn -0.762948 0.565799 0.264918
vn -0.687446 0.582314 0.397938
vn -0.762948 0.565799 0.264918
vn -0.757000 0.495274 0.389258
vn -0.762948 0.565799 0.264918
vn -0.783792 0.580176 0.151126
vn -0.717281 0.669086 0.110944
vn -0.783792 0.580176 0.151126
vn -0.766894 0.577389 -0.226853
vn -0.717281 0.669086 0.110944
vn -0.701688 0.656078 -0.224832
vn -0.717281 0.669086 0.110944
vn -0.766894 0.577389 -0.226853
vn -0.701688 0.656078 -0.224832
vn -0.766894 0.577389 -0.226853
vn -0.592328 0.506782 -0.597117
vn -0.634657 0.447449 -0.600748
vn -0.592328 0.506782 -0.597117
vn -0.766894 0.577389 -0.226853
vn -0.634657 0.447449 -0.600748
vn -0.766894 0.577389 -0.226853
vn -0.846090 0.485762 -0.146968
vn -0.384065 0.246358 -0.862872
vn -0.313474 0.232234 -0.893876
vn -0.634657 0.447449 -0.600748
vn -0.384065 0.246358 -0.862872
vn -0.634657 0.447449 -0.600748
vn -0.650935 0.378757 -0.628930
vn -0.590772 0.401575 -0.671552
vn -0.384065 0.246358 -0.862872
vn -0.650935 0.378757 -0.628930
vn -0.650935 0.378757 -0.628930
vn -0.863072 0.465816 -0.108434
vn -0.818279 0.526346 -0.163771
vn -0.650935 0.378757 -0.628930
vn -0.846090 0.485762 -0.146968
vn -0.863072 0.465816 -0.108434
vn -0.384065 0.246358 -0.862872
vn -0.217241 0.150527 -0.937565
vn -0.313474 0.232234 -0.893876
vn -0.634657 0.447449 -0.600748
vn -0.313474 0.232234 -0.893876
vn -0.592328 0.506782 -0.597117
vn -0.592328 0.506782 -0.597117
vn -0.313474 0.232234 -0.893876
vn -0.384768 0.348161 -0.827859
vn -0.592328 0.506782 -0.597117
vn -0.384768 0.348161 -0.827859
vn -0.544220 0.519764 -0.629945
vn -0.408528 0.328795 -0.824450
vn -0.544220 0.519764 -0.629945
vn -0.384768 0.348161 -0.827859
vn -0.408528 0.328795 -0.824450
vn -0.384768 0.348161 -0.827859
vn -0.168281 0.158048 -0.946120
vn -0.408528 0.328795 -0.824450
vn -0.168281 0.158048 -0.946120
vn -0.214173 0.191550 -0.930973
vn -0.408528 0.328795 -0.824450
vn -0.214173 0.191550 -0.930973
vn -0.278125 0.202714 -0.912036
vn -0.544220 0.519764 -0.629945
vn -0.408528 0.328795 -0.824450
vn -0.604951 0.429131 -0.642102
vn -0.544220 0.519764 -0.629945
vn -0.604951 0.429131 -0.642102
vn -0.657806 0.691791 -0.248863
vn -0.778267 0.539037 -0.275449
vn -0.657806 0.691791 -0.248863
vn -0.604951 0.429131 -0.642102
vn -0.712081 0.672487 0.122950
vn -0.596168 0.743934 0.254101
vn -0.623155 0.667153 0.370919
vn -0.772177 0.614199 -0.032086
vn -0.596168 0.743934 0.254101
vn -0.712081 0.672487 0.122950
vn -0.772177 0.614199 -0.032086
vn -0.712081 0.672487 0.122950
vn -0.778267 0.539037 -0.275449
vn -0.690491 0.689691 0.147865
vn -0.596168 0.743934 0.254101
vn -0.772177 0.614199 -0.032086
vn -0.772177 0.614199 -0.032086
vn -0.847493 0.505598 0.014972
vn -0.690491 0.689691 0.147865
vn -0.690491 0.689691 0.147865
vn -0.847493 0.505598 0.014972
vn -0.668183 0.688457 0.230227
vn -0.862917 0.462535 -0.122359
vn -0.847493 0.505598 0.014972
vn -0.772177 0.614199 -0.032086
vn -0.834707 0.407418 -0.328713
vn -0.772177 0.614199 -0.032086
vn -0.778267 0.539037 -0.275449
vn -0.862917 0.462535 -0.122359
vn -0.772177 0.614199 -0.032086
vn -0.834707 0.407418 -0.328713
vn -0.862917 0.462535 -0.122359
vn -0.834707 0.407418 -0.328713
vn -0.920505 0.314209 -0.163480
vn -0.920505 0.314209 -0.163480
vn -0.834707 0.407418 -0.328713
vn -0.871913 0.284246 -0.358966
vn -0.730019 0.152968 -0.636925
vn -0.871913 0.284246 -0.358966
vn -0.705224 0.237996 -0.638807
vn -0.871913 0.284246 -0.358966
vn -0.730019 0.152968 -0.636925
vn -0.907246 0.090051 -0.371689
vn -0.625169 0.074891 -0.749120
vn -0.730019 0.152968 -0.636925
vn -0.659684 0.146348 -0.709016
vn -0.916689 -0.011321 -0.359348
vn -0.749552 0.029364 -0.631982
vn -0.753353 -0.008483 -0.628178
vn -0.933905 0.034241 -0.311638
vn -0.753353 -0.008483 -0.628178
vn -0.750648 0.036028 -0.630379
vn -0.617954 0.001981 -0.758512
vn -0.750648 0.036028 -0.630379
vn -0.753353 -0.008483 -0.628178
vn -0.625169 0.074891 -0.749120
vn -0.753353 -0.008483 -0.628178
vn -0.749552 0.029364 -0.631982
vn -0.617954 0.001981 -0.758512
vn -0.753353 -0.008483 -0.628178
vn -0.625169 0.074891 -0.749120
vn -0.617954 0.001981 -0.758512
vn -0.625169 0.074891 -0.749120
vn -0.228346 0.027158 -0.946289
vn -0.847493 0.505598 0.014972
vn -0.862917 0.462535 -0.122359
vn -0.926912 0.338226 -0.004199
vn -0.793864 0.549582 0.202199
vn -0.668183 0.688457 0.230227
vn -0.847493 0.505598 0.014972
vn -0.793864 0.549582 0.202199
vn -0.847493 0.505598 0.014972
vn -0.907651 0.339927 0.182434
vn -0.621317 0.560470 0.516496
vn -0.793864 0.549582 0.202199
vn -0.804649 0.370636 0.428652
vn -0.454880 0.667550 0.559983
vn -0.588765 0.608745 0.500378
vn -0.688184 0.617292 0.341600
vn -0.625213 0.626024 0.432020
vn -0.454880 0.667550 0.559983
vn -0.688184 0.617292 0.341600
vn -0.366036 0.678945 0.608008
vn -0.340878 0.584002 0.709380
vn -0.454880 0.667550 0.559983
vn -0.340878 0.584002 0.709380
vn -0.427388 0.566565 0.676756
vn -0.454880 0.667550 0.559983
vn -0.169445 0.585509 0.765923
vn -0.340878 0.584002 0.709380
vn -0.366036 0.678945 0.608008
vn -0.406227 0.492042 0.742726
vn -0.340878 0.584002 0.709380
vn -0.278454 0.445816 0.823889
vn -0.246875 0.244058 0.910970
vn -0.336385 0.259822 0.878275
vn -0.278454 0.445816 0.823889
vn -0.336385 0.259822 0.878275
vn -0.528327 0.153150 0.807820
vn -0.527422 0.309696 0.763716
vn -0.406227 0.492042 0.742726
vn -0.427388 0.566565 0.676756
vn -0.340878 0.584002 0.709380
vn -0.169445 0.585509 0.765923
vn -0.110415 0.516662 0.822359
vn -0.340878 0.584002 0.709380
vn -0.169445 0.585509 0.765923
vn -0.108576 0.499383 0.832878
vn -0.110415 0.516662 0.822359
vn -0.169445 0.585509 0.765923
vn -0.359627 0.554983 0.722829
vn -0.108576 0.499383 0.832878
vn -0.108576 0.499383 0.832878
vn -0.298821 0.409758 0.835021
vn -0.069777 0.408491 0.883411
vn -0.554589 0.450054 0.671777
vn -0.298821 0.409758 0.835021
vn -0.359627 0.554983 0.722829
vn -0.169445 0.585509 0.765923
vn -0.366036 0.678945 0.608008
vn -0.359627 0.554983 0.722829
vn -0.359627 0.554983 0.722829
vn -0.577499 0.567457 0.556993
vn -0.554589 0.450054 0.671777
vn -0.433116 0.356756 0.800625
vn -0.554589 0.450054 0.671777
vn -0.544772 0.396497 0.711153
vn -0.544772 0.396497 0.711153
vn -0.554589 0.450054 0.671777
vn -0.683813 0.454292 0.540234
vn -0.359627 0.554983 0.722829
vn -0.366036 0.678945 0.608008
vn -0.577499 0.567457 0.556993
vn -0.366036 0.678945 0.608008
vn -0.454880 0.667550 0.559983
vn -0.625213 0.626024 0.432020
vn -0.548231 0.318787 0.745617
vn -0.250433 0.336712 0.880897
vn -0.259361 0.447167 0.829226
vn -0.969471 0.111016 0.142958
vn -0.922281 0.109704 0.327997
vn -0.885778 0.252938 0.348495
vn -0.969471 0.111016 0.142958
vn -0.907651 0.339927 0.182434
vn -0.962191 0.217625 -0.012490
vn -0.979883 0.111276 -0.025124
vn -0.949013 0.195640 -0.182947
vn -0.965855 0.018659 -0.197120
vn -0.351121 0.280852 0.866307
vn -0.534657 0.268224 0.773964
vn -0.438579 0.310271 0.816349
vn -0.049936 -0.000340 -0.971847
vn -0.142736 0.085801 -0.959142
vn -0.052339 0.037309 -0.971030
vn -0.049936 -0.000340 -0.971847
vn -0.334261 0.109084 -0.909209
vn -0.142736 0.085801 -0.959142
vn -0.024888 -0.000433 -0.972785
vn -0.228346 0.027158 -0.946289
vn -0.049936 -0.000340 -0.971847
vn -0.276775 0.145257 -0.922996
vn -0.106720 0.066262 -0.965182
vn -0.062175 0.041149 -0.970315
vn -0.509396 0.798329 -0.276742
vn -0.458484 0.870567 -0.087538
vn -0.567995 0.676896 0.434532
vn -0.373348 0.311715 -0.846811
vn -0.212568 0.174761 -0.934527
vn -0.384065 0.246358 -0.862872
vn -0.590772 0.401575 -0.671552
vn -0.373348 0.311715 -0.846811
vn -0.384065 0.246358 -0.862872
vn -0.373348 0.311715 -0.846811
vn -0.601143 0.444907 -0.635136
vn -0.348384 0.227594 -0.882383
vn -0.348384 0.227594 -0.882383
vn -0.493461 0.246558 -0.806873
vn -0.276775 0.145257 -0.922996
vn -0.276775 0.145257 -0.922996
vn -0.440196 0.209009 -0.846179
vn -0.332534 0.217473 -0.890769
vn -0.872369 0.377256 -0.261609
vn -0.784320 0.498840 -0.327281
vn -0.587541 0.440379 -0.650396
vn -0.784320 0.498840 -0.327281
vn -0.878518 0.259661 0.361346
vn -0.812358 0.448131 0.331819
vn -0.878518 0.259661 0.361346
vn -0.872369 0.377256 -0.261609
vn -0.860688 0.302868 0.370380
vn -0.653284 0.265270 -0.680754
vn -0.862100 0.467568 -0.108645
vn -0.872369 0.377256 -0.261609
vn -0.872369 0.377256 -0.261609
vn -0.532979 0.342063 -0.746376
vn -0.653284 0.265270 -0.680754
vn -0.440196 0.209009 -0.846179
vn -0.276775 0.145257 -0.922996
vn -0.493461 0.246558 -0.806873
vn -0.440196 0.209009 -0.846179
vn -0.493461 0.246558 -0.806873
vn -0.653284 0.265270 -0.680754
vn -0.532979 0.342063 -0.746376
vn -0.440196 0.209009 -0.846179
vn -0.653284 0.265270 -0.680754
vn -0.493461 0.246558 -0.806873
vn -0.661101 0.341330 -0.639298
vn -0.653284 0.265270 -0.680754
vn -0.862100 0.467568 -0.108645
vn -0.661101 0.341330 -0.639298
vn -0.601143 0.444907 -0.635136
vn -0.601143 0.444907 -0.635136
vn -0.722391 0.649170 -0.174935
vn -0.862100 0.467568 -0.108645
vn -0.601143 0.444907 -0.635136
vn -0.535170 0.485860 -0.662864
vn -0.722391 0.649170 -0.174935
vn -0.601143 0.444907 -0.635136
vn -0.373348 0.311715 -0.846811
vn -0.535170 0.485860 -0.662864
vn -0.590772 0.401575 -0.671552
vn -0.535170 0.485860 -0.662864
vn -0.373348 0.311715 -0.846811
vn -0.373348 0.311715 -0.846811
vn -0.348384 0.227594 -0.882383
vn -0.212568 0.174761 -0.934527
vn -0.348384 0.227594 -0.882383
vn -0.276775 0.145257 -0.922996
vn -0.212568 0.174761 -0.934527
vn -0.493461 0.246558 -0.806873
vn -0.348384 0.227594 -0.882383
vn -0.601143 0.444907 -0.635136
vn -0.661101 0.341330 -0.639298
vn -0.493461 0.246558 -0.806873
vn -0.601143 0.444907 -0.635136
vn -0.734313 0.625570 -0.207045
vn -0.722391 0.649170 -0.174935
vn -0.535170 0.485860 -0.662864
vn -0.535170 0.485860 -0.662864
vn -0.590772 0.401575 -0.671552
vn -0.734313 0.625570 -0.207045
vn -0.818279 0.526346 -0.163771
vn -0.734313 0.625570 -0.207045
vn -0.590772 0.401575 -0.671552
vn -0.225413 0.811544 0.508929
vn -0.135922 0.707498 0.666101
vn -0.284032 0.758161 0.557838
vn -0.284032 0.758161 0.557838
vn -0.135922 0.707498 0.666101
vn -0.179076 0.605468 0.748551
vn -0.179076 0.605468 0.748551
vn -0.382235 0.449776 0.780152
vn -0.543391 0.625512 0.529435
vn -0.382235 0.449776 0.780152
vn -0.564511 0.349587 0.719972
vn -0.543391 0.625512 0.529435
vn -0.133805 0.524059 0.814403
vn -0.179076 0.605468 0.748551
vn -0.135922 0.707498 0.666101
vn -0.225413 0.811544 0.508929
vn -0.261838 0.851641 0.420820
vn -0.135922 0.707498 0.666101
vn -0.169770 0.534364 0.801284
vn -0.135922 0.707498 0.666101
vn -0.261838 0.851641 0.420820
vn -0.460352 0.715760 0.494022
vn -0.320349 0.885490 0.294860
vn -0.284032 0.758161 0.557838
vn -0.317234 0.445480 0.810312
vn -0.519210 0.410033 0.722231
vn -0.514812 0.300077 0.775717
vn -0.547584 0.237133 0.775009
vn -0.598816 0.221291 0.741977
vn -0.604210 0.219606 0.738198
vn -0.282112 0.402667 0.843973
vn -0.604210 0.219606 0.738198
vn -0.410348 0.391138 0.796717
vn -0.299673 0.447294 0.815829
vn -0.532669 0.374344 0.731423
vn -0.520631 0.332890 0.758775
vn -0.520631 0.332890 0.758775
vn -0.532669 0.374344 0.731423
vn -0.629995 0.299693 0.688225
vn -0.519437 0.313693 0.767451
vn -0.520631 0.332890 0.758775
vn -0.633098 0.330993 0.671344
vn -0.177991 0.135558 0.947773
vn -0.179202 0.198937 0.936643
vn -0.103548 0.176518 0.951985
vn -0.954290 -0.246121 0.045580
vn -0.949904 -0.253415 -0.081693
vn -0.951798 -0.242196 -0.092513
vn -0.298881 0.167810 0.912521
vn -0.185249 0.153418 0.943772
vn -0.211771 0.175173 0.934628
vn -0.523699 0.312744 0.765004
vn -0.426012 0.395844 0.786397
vn -0.578593 0.314165 0.724906
vn -0.523699 0.312744 0.765004
vn -0.610583 0.270064 0.716555
vn -0.586197 0.308273 0.721407
vn -0.586197 0.308273 0.721407
vn -0.495451 0.420551 0.732534
vn -0.523699 0.312744 0.765004
vn -0.586197 0.308273 0.721407
vn -0.579073 0.364640 0.701238
vn -0.495451 0.420551 0.732534
vn -0.685641 0.320198 0.624576
vn -0.579073 0.364640 0.701238
vn -0.659096 0.271842 0.672743
vn -0.405208 0.411608 0.789245
vn -0.523699 0.312744 0.765004
vn -0.495451 0.420551 0.732534
vn -0.651296 0.230373 0.694778
vn -0.670562 0.216364 0.681178
vn -0.712309 0.159118 0.654727
vn -0.722676 0.173127 0.640063
vn -0.786646 0.078448 0.582086
vn -0.758707 0.101139 0.613909
vn -0.274171 0.653005 0.678524
vn -0.388835 0.575604 0.691816
vn -0.421202 0.617352 0.636252
vn -0.289403 0.705670 0.618607
vn -0.274171 0.653005 0.678524
vn -0.421202 0.617352 0.636252
vn -0.873021 -0.185108 -0.414830
vn -0.937473 -0.205719 -0.225238
vn -0.930632 -0.179274 -0.270253
vn -0.614932 -0.332446 -0.686898
vn -0.677717 -0.274841 -0.653277
vn -0.439037 -0.213423 -0.845696
vn -0.929923 -0.200587 -0.257821
vn -0.877740 -0.206099 -0.395074
vn -0.948890 -0.114737 -0.240913
vn -0.879305 -0.066453 -0.436240
vn -0.724857 -0.033177 -0.659241
vn -0.894398 -0.050406 -0.407523
vn -0.894398 -0.050406 -0.407523
vn -0.724857 -0.033177 -0.659241
vn -0.774406 -0.023227 -0.602377
vn -0.894398 -0.050406 -0.407523
vn -0.774406 -0.023227 -0.602377
vn -0.764356 -0.090721 -0.608645
vn -0.894398 -0.050406 -0.407523
vn -0.764356 -0.090721 -0.608645
vn -0.878146 -0.159543 -0.414598
vn -0.698029 -0.046117 -0.686110
vn -0.764356 -0.090721 -0.608645
vn -0.774406 -0.023227 -0.602377
vn -0.631348 -0.012734 -0.747600
vn -0.774406 -0.023227 -0.602377
vn -0.724857 -0.033177 -0.659241
vn -0.576000 -0.007062 -0.789960
vn -0.724857 -0.033177 -0.659241
vn -0.629736 -0.005289 -0.749008
vn -0.631348 -0.012734 -0.747600
vn -0.576000 -0.007062 -0.789960
vn -0.280241 0.021317 -0.932768
vn -0.631348 -0.012734 -0.747600
vn -0.724857 -0.033177 -0.659241
vn -0.576000 -0.007062 -0.789960
vn -0.698029 -0.046117 -0.686110
vn -0.774406 -0.023227 -0.602377
vn -0.631348 -0.012734 -0.747600
vn -0.631348 -0.012734 -0.747600
vn -0.237794 0.011292 -0.944335
vn -0.698029 -0.046117 -0.686110
vn -0.698029 -0.046117 -0.686110
vn -0.237794 0.011292 -0.944335
vn -0.236765 -0.013497 -0.944559
vn -0.698029 -0.046117 -0.686110
vn -0.236765 -0.013497 -0.944559
vn -0.365133 -0.112896 -0.897124
vn -0.698029 -0.046117 -0.686110
vn -0.736646 -0.141658 -0.632017
vn -0.764356 -0.090721 -0.608645
vn -0.736646 -0.141658 -0.632017
vn -0.698029 -0.046117 -0.686110
vn -0.365133 -0.112896 -0.897124
vn -0.850554 -0.325751 0.374314
vn -0.857737 -0.277892 0.395193
vn -0.867271 -0.292024 0.363823
vn -0.838555 -0.437646 0.277534
vn -0.876566 -0.415472 0.178683
vn -0.842728 -0.493031 0.142223
vn -0.912060 -0.175799 0.327921
vn -0.949182 -0.185896 0.191732
vn -0.915899 -0.295199 0.214908
vn -0.949182 -0.185896 0.191732
vn -0.949583 -0.256772 0.074876
vn -0.915899 -0.295199 0.214908
vn -0.915899 -0.295199 0.214908
vn -0.949583 -0.256772 0.074876
vn -0.922020 -0.351183 0.012639
vn -0.878146 -0.159543 -0.414598
vn -0.914795 -0.228128 -0.286669
vn -0.940949 -0.096480 -0.276370
vn -0.885223 -0.268423 0.338494
vn -0.867271 -0.292024 0.363823
vn -0.887075 -0.290988 0.314877
vn -0.887075 -0.290988 0.314877
vn -0.867271 -0.292024 0.363823
vn -0.855315 -0.391934 0.293535
vn -0.867271 -0.292024 0.363823
vn -0.838555 -0.437646 0.277534
vn -0.855315 -0.391934 0.293535
vn -0.956251 -0.124125 0.205477
vn -0.942643 -0.120482 0.261206
vn -0.919877 -0.135069 0.325380
vn -0.967422 -0.097069 0.164659
vn -0.942643 -0.120482 0.261206
vn -0.956251 -0.124125 0.205477
vn -0.753734 -0.622939 0.133911
vn -0.791630 -0.581388 0.097258
vn -0.728689 -0.664133 0.051575
vn 0.850001 -0.310308 -0.388007
vn 0.768020 -0.467062 -0.401857
vn 0.724177 -0.365936 -0.553904
vn 0.788117 -0.254414 -0.528950
vn 0.850001 -0.310308 -0.388007
vn 0.724177 -0.365936 -0.553904
vn 0.649598 -0.238756 -0.693580
vn 0.788117 -0.254414 -0.528950
vn 0.724177 -0.365936 -0.553904
vn 0.650829 -0.486628 -0.552442
vn 0.704375 -0.559720 -0.400552
vn 0.630346 -0.641888 -0.401089
vn 0.605884 0.242749 -0.729789
vn 0.455202 0.238844 -0.830657
vn 0.503428 0.196853 -0.814090
vn 0.605884 0.242749 -0.729789
vn 0.543419 0.214740 -0.784136
vn 0.455202 0.238844 -0.830657
vn -0.659303 -0.669447 0.299165
vn -0.743619 -0.558539 0.326236
vn -0.638357 -0.699279 0.276340
vn -0.638357 -0.699279 0.276340
vn -0.743619 -0.558539 0.326236
vn -0.783160 -0.522505 0.292320
vn -0.732125 -0.601874 0.272372
vn -0.820990 -0.445690 0.313847
vn -0.743619 -0.558539 0.326236
vn -0.743619 -0.558539 0.326236
vn -0.820990 -0.445690 0.313847
vn -0.833361 -0.407020 0.332493
vn -0.875733 -0.316167 0.322151
vn -0.894757 -0.245903 0.330596
vn -0.833361 -0.407020 0.332493
vn -0.882070 -0.275872 0.340689
vn -0.894757 -0.245903 0.330596
vn -0.875733 -0.316167 0.322151
vn -0.885220 -0.336178 0.273624
vn -0.885223 -0.268423 0.338494
vn -0.882070 -0.275872 0.340689
vn -0.851375 -0.421699 0.263113
vn -0.885220 -0.336178 0.273624
vn -0.882070 -0.275872 0.340689
vn -0.851375 -0.421699 0.263113
vn -0.854595 -0.440167 0.220119
vn -0.769223 -0.595620 0.165082
vn -0.693437 -0.702033 0.035307
vn -0.769223 -0.595620 0.165082
vn -0.684855 -0.704480 0.097059
vn -0.562680 -0.810593 -0.043282
vn -0.684855 -0.704480 0.097059
vn -0.626532 -0.763053 0.022606
vn -0.683241 -0.703850 -0.111484
vn -0.650750 -0.733134 -0.117506
vn -0.726388 -0.664035 -0.077743
vn -0.650750 -0.733134 -0.117506
vn -0.722681 -0.647660 -0.179147
vn -0.726388 -0.664035 -0.077743
vn -0.735446 -0.632996 -0.179406
vn -0.726388 -0.664035 -0.077743
vn -0.722681 -0.647660 -0.179147
vn -0.603666 -0.765561 -0.155457
vn -0.738210 -0.629003 -0.181957
vn -0.650750 -0.733134 -0.117506
vn -0.810797 -0.546287 -0.133960
vn -0.817427 -0.546741 -0.083422
vn -0.726388 -0.664035 -0.077743
vn -0.796365 -0.581996 -0.038170
vn -0.726388 -0.664035 -0.077743
vn -0.830818 -0.532825 -0.006954
vn -0.830818 -0.532825 -0.006954
vn -0.726388 -0.664035 -0.077743
vn -0.817427 -0.546741 -0.083422
vn -0.796365 -0.581996 -0.038170
vn -0.683241 -0.703850 -0.111484
vn -0.726388 -0.664035 -0.077743
vn -0.683241 -0.703850 -0.111484
vn -0.796365 -0.581996 -0.038170
vn -0.736469 -0.657299 0.017958
vn -0.603666 -0.765561 -0.155457
vn -0.575902 -0.801334 -0.041153
vn -0.611828 -0.768974 -0.097133
vn -0.626532 -0.763053 0.022606
vn -0.611857 -0.774435 -0.035070
vn -0.562680 -0.810593 -0.043282
vn -0.575902 -0.801334 -0.041153
vn -0.611857 -0.774435 -0.035070
vn -0.626532 -0.763053 0.022606
vn -0.609594 -0.768680 -0.111933
vn -0.562680 -0.810593 -0.043282
vn -0.617700 -0.760607 -0.121729
vn -0.609594 -0.768680 -0.111933
vn -0.681768 -0.659199 -0.270896
vn -0.704557 -0.649032 -0.235666
vn -0.611857 -0.774435 -0.035070
vn -0.718227 -0.663851 -0.133237
vn -0.617700 -0.760607 -0.121729
vn -0.698224 -0.694593 0.069555
vn -0.729816 -0.663579 0.042117
vn -0.611857 -0.774435 -0.035070
vn -0.711027 -0.675013 -0.115228
vn -0.704557 -0.649032 -0.235666
vn -0.784485 -0.582177 -0.139737
vn -0.711027 -0.675013 -0.115228
vn -0.609594 -0.768680 -0.111933
vn -0.704557 -0.649032 -0.235666
vn -0.740812 -0.652501 0.013096
vn -0.693437 -0.702033 0.035307
vn -0.609594 -0.768680 -0.111933
vn -0.855685 -0.491263 0.022417
vn -0.805202 -0.558592 0.116463
vn -0.740812 -0.652501 0.013096
vn -0.805202 -0.558592 0.116463
vn -0.855685 -0.491263 0.022417
vn -0.848571 -0.465552 0.190125
vn -0.740812 -0.652501 0.013096
vn -0.805202 -0.558592 0.116463
vn -0.795136 -0.559945 0.166647
vn -0.740812 -0.652501 0.013096
vn -0.795136 -0.559945 0.166647
vn -0.769223 -0.595620 0.165082
vn -0.738210 -0.629003 -0.181957
vn -0.603666 -0.765561 -0.155457
vn -0.611828 -0.768974 -0.097133
vn -0.738210 -0.629003 -0.181957
vn -0.811438 -0.533839 -0.173113
vn -0.774054 -0.578529 -0.198622
vn -0.781050 -0.599100 -0.073341
vn -0.891022 -0.420249 -0.056514
vn -0.845582 -0.508291 0.026951
vn -0.743505 -0.649459 -0.011033
vn -0.781050 -0.599100 -0.073341
vn -0.845582 -0.508291 0.026951
vn -0.891022 -0.420249 -0.056514
vn -0.917797 -0.361649 0.022072
vn -0.845582 -0.508291 0.026951
vn -0.845582 -0.508291 0.026951
vn -0.917797 -0.361649 0.022072
vn -0.873794 -0.444194 0.112749
vn -0.788543 -0.588058 0.081506
vn -0.845582 -0.508291 0.026951
vn -0.873794 -0.444194 0.112749
vn -0.917797 -0.361649 0.022072
vn -0.930645 -0.294029 0.142688
vn -0.873794 -0.444194 0.112749
vn -0.897806 -0.340517 0.224026
vn -0.873794 -0.444194 0.112749
vn -0.930645 -0.294029 0.142688
vn -0.743505 -0.649459 -0.011033
vn -0.788543 -0.588058 0.081506
vn -0.519230 -0.839275 0.041736
vn -0.743505 -0.649459 -0.011033
vn -0.519230 -0.839275 0.041736
vn -0.471348 -0.867913 -0.022301
vn -0.671327 -0.721316 -0.063244
vn -0.471348 -0.867913 -0.022301
vn -0.593453 -0.787353 -0.057073
vn -0.144935 -0.977569 0.007366
vn -0.091070 -0.995783 0.011103
vn -0.133602 -0.991033 0.002132
vn -0.144935 -0.977569 0.007366
vn -0.010343 -0.987235 0.044493
vn -0.091070 -0.995783 0.011103
vn -0.010343 -0.987235 0.044493
vn 0.043334 -0.998464 0.034534
vn -0.091070 -0.995783 0.011103
vn -0.010343 -0.987235 0.044493
vn -0.144935 -0.977569 0.007366
vn -0.266521 -0.951193 -0.026357
vn -0.010343 -0.987235 0.044493
vn -0.266521 -0.951193 -0.026357
vn -0.159524 -0.975264 0.009804
vn 0.094573 -0.980820 0.074971
vn -0.159524 -0.975264 0.009804
vn 0.010742 -0.987917 0.025806
vn 0.303851 -0.935855 0.089636
vn 0.010742 -0.987917 0.025806
vn 0.242132 -0.957726 0.026006
vn 0.242132 -0.957726 0.026006
vn 0.010742 -0.987917 0.025806
vn -0.058272 -0.986095 -0.031005
vn 0.242132 -0.957726 0.026006
vn -0.058272 -0.986095 -0.031005
vn 0.189818 -0.969710 -0.016461
vn 0.189818 -0.969710 -0.016461
vn -0.058272 -0.986095 -0.031005
vn -0.131157 -0.979529 0.006197
vn 0.189818 -0.969710 -0.016461
vn -0.131157 -0.979529 0.006197
vn 0.154558 -0.976102 0.005453
vn 0.154558 -0.976102 0.005453
vn -0.131157 -0.979529 0.006197
vn -0.193597 -0.969063 -0.008785
vn 0.154558 -0.976102 0.005453
vn -0.193597 -0.969063 -0.008785
vn -0.221088 -0.962827 0.025771
vn 0.154558 -0.976102 0.005453
vn -0.221088 -0.962827 0.025771
vn 0.168629 -0.972012 0.057687
vn -0.743505 -0.649459 -0.011033
vn -0.471348 -0.867913 -0.022301
vn -0.671327 -0.721316 -0.063244
vn -0.627391 -0.761510 -0.041771
vn -0.489381 -0.856990 -0.043642
vn -0.579022 -0.793045 -0.104878
vn -0.144935 -0.977569 0.007366
vn -0.133602 -0.991033 0.002132
vn -0.205075 -0.978731 -0.005533
vn -0.266521 -0.951193 -0.026357
vn -0.144935 -0.977569 0.007366
vn -0.273721 -0.961560 -0.021887
vn -0.144935 -0.977569 0.007366
vn -0.205075 -0.978731 -0.005533
vn -0.273721 -0.961560 -0.021887
vn -0.159524 -0.975264 0.009804
vn -0.266521 -0.951193 -0.026357
vn -0.225197 -0.961930 -0.023532
vn 0.010742 -0.987917 0.025806
vn -0.159524 -0.975264 0.009804
vn -0.225197 -0.961930 -0.023532
vn 0.010742 -0.987917 0.025806
vn -0.225197 -0.961930 -0.023532
vn -0.058272 -0.986095 -0.031005
vn -0.058272 -0.986095 -0.031005
vn -0.225197 -0.961930 -0.023532
vn -0.317169 -0.934447 -0.050399
vn -0.058272 -0.986095 -0.031005
vn -0.317169 -0.934447 -0.050399
vn -0.131157 -0.979529 0.006197
vn -0.131157 -0.979529 0.006197
vn -0.317169 -0.934447 -0.050399
vn -0.395058 -0.905582 -0.007021
vn -0.131157 -0.979529 0.006197
vn -0.395058 -0.905582 -0.007021
vn -0.193597 -0.969063 -0.008785
vn -0.193597 -0.969063 -0.008785
vn -0.395058 -0.905582 -0.007021
vn -0.471348 -0.867913 -0.022301
vn -0.193597 -0.969063 -0.008785
vn -0.471348 -0.867913 -0.022301
vn -0.221088 -0.962827 0.025771
vn -0.221088 -0.962827 0.025771
vn -0.471348 -0.867913 -0.022301
vn -0.519230 -0.839275 0.041736
vn -0.547190 -0.808028 0.150419
vn -0.519230 -0.839275 0.041736
vn -0.788543 -0.588058 0.081506
vn -0.743505 -0.649459 -0.011033
vn -0.845582 -0.508291 0.026951
vn -0.788543 -0.588058 0.081506
vn -0.788543 -0.588058 0.081506
vn -0.873794 -0.444194 0.112749
vn -0.757896 -0.602533 0.189872
vn -0.547190 -0.808028 0.150419
vn -0.757896 -0.602533 0.189872
vn -0.477960 -0.829949 0.238488
vn -0.226288 -0.940717 0.197990
vn -0.230722 -0.950325 0.140052
vn -0.547190 -0.808028 0.150419
vn -0.547190 -0.808028 0.150419
vn -0.788543 -0.588058 0.081506
vn -0.757896 -0.602533 0.189872
vn -0.226288 -0.940717 0.197990
vn -0.547190 -0.808028 0.150419
vn -0.477960 -0.829949 0.238488
vn -0.897806 -0.340517 0.224026
vn -0.837769 -0.449442 0.261078
vn -0.757896 -0.602533 0.189872
vn -0.757896 -0.602533 0.189872
vn -0.837769 -0.449442 0.261078
vn -0.660338 -0.683042 0.265227
vn -0.660338 -0.683042 0.265227
vn -0.548690 -0.780581 0.251590
vn -0.393301 -0.868079 0.256674
vn -0.477960 -0.829949 0.238488
vn -0.660338 -0.683042 0.265227
vn -0.393301 -0.868079 0.256674
vn -0.393301 -0.868079 0.256674
vn -0.085963 -0.959037 0.219307
vn -0.164856 -0.942400 0.243943
vn -0.477960 -0.829949 0.238488
vn -0.393301 -0.868079 0.256674
vn -0.164856 -0.942400 0.243943
vn -0.085963 -0.959037 0.219307
vn -0.393301 -0.868079 0.256674
vn -0.259306 -0.929728 0.208626
vn -0.259306 -0.929728 0.208626
vn -0.393301 -0.868079 0.256674
vn -0.548690 -0.780581 0.251590
vn -0.548690 -0.780581 0.251590
vn -0.660338 -0.683042 0.265227
vn -0.732125 -0.601874 0.272372
vn -0.837769 -0.449442 0.261078
vn -0.732125 -0.601874 0.272372
vn -0.660338 -0.683042 0.265227
vn -0.837769 -0.449442 0.261078
vn -0.875733 -0.316167 0.322151
vn -0.820990 -0.445690 0.313847
vn -0.259306 -0.929728 0.208626
vn -0.548690 -0.780581 0.251590
vn -0.493670 -0.813284 0.261861
vn -0.659303 -0.669447 0.299165
vn -0.493670 -0.813284 0.261861
vn -0.548690 -0.780581 0.251590
vn -0.659303 -0.669447 0.299165
vn -0.548690 -0.780581 0.251590
vn -0.732125 -0.601874 0.272372
vn -0.659303 -0.669447 0.299165
vn -0.732125 -0.601874 0.272372
vn -0.743619 -0.558539 0.326236
vn -0.493670 -0.813284 0.261861
vn -0.659303 -0.669447 0.299165
vn -0.489303 -0.822525 0.241025
vn -0.493670 -0.813284 0.261861
vn -0.489303 -0.822525 0.241025
vn -0.379401 -0.883548 0.223751
vn -0.489303 -0.822525 0.241025
vn -0.659303 -0.669447 0.299165
vn -0.638357 -0.699279 0.276340
vn -0.837769 -0.449442 0.261078
vn -0.820990 -0.445690 0.313847
vn -0.732125 -0.601874 0.272372
vn -0.875733 -0.316167 0.322151
vn -0.833361 -0.407020 0.332493
vn -0.820990 -0.445690 0.313847
vn -0.906573 -0.312642 0.229011
vn -0.882070 -0.275872 0.340689
vn -0.875733 -0.316167 0.322151
vn -0.873794 -0.444194 0.112749
vn -0.897806 -0.340517 0.224026
vn -0.757896 -0.602533 0.189872
vn -0.930645 -0.294029 0.142688
vn -0.924893 -0.327864 0.101714
vn -0.897806 -0.340517 0.224026
vn -0.924893 -0.327864 0.101714
vn -0.906573 -0.312642 0.229011
vn -0.897806 -0.340517 0.224026
vn -0.924893 -0.327864 0.101714
vn -0.873067 -0.453250 0.077904
vn -0.906573 -0.312642 0.229011
vn -0.906573 -0.312642 0.229011
vn -0.873067 -0.453250 0.077904
vn -0.854595 -0.440167 0.220119
vn -0.873067 -0.453250 0.077904
vn -0.788133 -0.591202 0.060646
vn -0.854595 -0.440167 0.220119
vn -0.811438 -0.533839 -0.173113
vn -0.866964 -0.471489 -0.007107
vn -0.891022 -0.420249 -0.056514
vn -0.891022 -0.420249 -0.056514
vn -0.866964 -0.471489 -0.007107
vn -0.917797 -0.361649 0.022072
vn -0.866964 -0.471489 -0.007107
vn -0.924893 -0.327864 0.101714
vn -0.917797 -0.361649 0.022072
vn -0.917797 -0.361649 0.022072
vn -0.924893 -0.327864 0.101714
vn -0.930645 -0.294029 0.142688
vn -0.811438 -0.533839 -0.173113
vn -0.768263 -0.612980 -0.091368
vn -0.866964 -0.471489 -0.007107
vn -0.866964 -0.471489 -0.007107
vn -0.768263 -0.612980 -0.091368
vn -0.788133 -0.591202 0.060646
vn -0.699766 -0.695635 -0.036552
vn -0.788133 -0.591202 0.060646
vn -0.768263 -0.612980 -0.091368
vn -0.699766 -0.695635 -0.036552
vn -0.768263 -0.612980 -0.091368
vn -0.738210 -0.629003 -0.181957
vn -0.738210 -0.629003 -0.181957
vn -0.611828 -0.768974 -0.097133
vn -0.699766 -0.695635 -0.036552
vn -0.611828 -0.768974 -0.097133
vn -0.575902 -0.801334 -0.041153
vn -0.626532 -0.763053 0.022606
vn -0.740812 -0.652501 0.013096
vn -0.769223 -0.595620 0.165082
vn -0.693437 -0.702033 0.035307
vn -0.827514 -0.497690 0.201196
vn -0.795136 -0.559945 0.166647
vn -0.805202 -0.558592 0.116463
vn -0.795136 -0.559945 0.166647
vn -0.851375 -0.421699 0.263113
vn -0.769223 -0.595620 0.165082
vn -0.795136 -0.559945 0.166647
vn -0.827514 -0.497690 0.201196
vn -0.851375 -0.421699 0.263113
vn -0.851375 -0.421699 0.263113
vn -0.827514 -0.497690 0.201196
vn -0.885220 -0.336178 0.273624
vn -0.827514 -0.497690 0.201196
vn -0.852981 -0.396096 0.294724
vn -0.885220 -0.336178 0.273624
vn -0.711223 -0.675408 0.111755
vn -0.684855 -0.704480 0.097059
vn -0.769223 -0.595620 0.165082
vn -0.626532 -0.763053 0.022606
vn -0.699766 -0.695635 -0.036552
vn -0.611828 -0.768974 -0.097133
vn -0.626532 -0.763053 0.022606
vn -0.711223 -0.675408 0.111755
vn -0.699766 -0.695635 -0.036552
vn -0.711223 -0.675408 0.111755
vn -0.769223 -0.595620 0.165082
vn -0.854595 -0.440167 0.220119
vn -0.711223 -0.675408 0.111755
vn -0.788133 -0.591202 0.060646
vn -0.699766 -0.695635 -0.036552
vn -0.788133 -0.591202 0.060646
vn -0.711223 -0.675408 0.111755
vn -0.854595 -0.440167 0.220119
vn -0.866964 -0.471489 -0.007107
vn -0.873067 -0.453250 0.077904
vn -0.924893 -0.327864 0.101714
vn -0.866964 -0.471489 -0.007107
vn -0.788133 -0.591202 0.060646
vn -0.873067 -0.453250 0.077904
vn -0.811438 -0.533839 -0.173113
vn -0.738210 -0.629003 -0.181957
vn -0.768263 -0.612980 -0.091368
vn -0.906573 -0.312642 0.229011
vn -0.854595 -0.440167 0.220119
vn -0.882070 -0.275872 0.340689
vn -0.854595 -0.440167 0.220119
vn -0.851375 -0.421699 0.263113
vn -0.882070 -0.275872 0.340689
vn -0.711223 -0.675408 0.111755
vn -0.626532 -0.763053 0.022606
vn -0.684855 -0.704480 0.097059
vn -0.906573 -0.312642 0.229011
vn -0.875733 -0.316167 0.322151
vn -0.897806 -0.340517 0.224026
vn -0.897806 -0.340517 0.224026
vn -0.875733 -0.316167 0.322151
vn -0.837769 -0.449442 0.261078
vn -0.660338 -0.683042 0.265227
vn -0.477960 -0.829949 0.238488
vn -0.757896 -0.602533 0.189872
vn -0.801843 -0.548648 -0.171726
vn -0.781050 -0.599100 -0.073341
vn -0.734349 -0.649965 -0.112474
vn -0.775452 -0.592580 -0.146251
vn -0.801843 -0.548648 -0.171726
vn -0.734349 -0.649965 -0.112474
vn -0.774054 -0.578529 -0.198622
vn -0.801843 -0.548648 -0.171726
vn -0.775452 -0.592580 -0.146251
vn -0.811438 -0.533839 -0.173113
vn -0.801843 -0.548648 -0.171726
vn -0.774054 -0.578529 -0.198622
vn -0.891022 -0.420249 -0.056514
vn -0.801843 -0.548648 -0.171726
vn -0.811438 -0.533839 -0.173113
vn -0.891022 -0.420249 -0.056514
vn -0.781050 -0.599100 -0.073341
vn -0.801843 -0.548648 -0.171726
vn -0.671327 -0.721316 -0.063244
vn -0.734349 -0.649965 -0.112474
vn -0.781050 -0.599100 -0.073341
vn -0.671327 -0.721316 -0.063244
vn -0.781050 -0.599100 -0.073341
vn -0.743505 -0.649459 -0.011033
vn -0.593453 -0.787353 -0.057073
vn -0.734349 -0.649965 -0.112474
vn -0.671327 -0.721316 -0.063244
vn -0.593453 -0.787353 -0.057073
vn -0.666638 -0.727010 -0.045939
vn -0.734349 -0.649965 -0.112474
vn -0.734349 -0.649965 -0.112474
vn -0.666638 -0.727010 -0.045939
vn -0.775452 -0.592580 -0.146251
vn -0.693401 -0.695021 -0.103883
vn -0.627391 -0.761510 -0.041771
vn -0.579022 -0.793045 -0.104878
vn -0.693401 -0.695021 -0.103883
vn -0.579022 -0.793045 -0.104878
vn -0.638537 -0.736483 -0.156074
vn -0.683989 -0.697273 -0.142713
vn -0.586214 -0.786591 -0.112821
vn -0.563070 -0.804660 -0.103621
vn -0.839131 -0.502756 -0.129331
vn -0.775352 -0.592692 -0.146329
vn -0.837349 -0.524799 -0.153081
vn -0.775352 -0.592692 -0.146329
vn -0.795959 -0.582708 -0.164011
vn -0.837349 -0.524799 -0.153081
vn -0.839131 -0.502756 -0.129331
vn -0.837349 -0.524799 -0.153081
vn -0.869675 -0.475143 -0.133809
vn -0.864814 -0.465058 -0.097539
vn -0.817427 -0.546741 -0.083422
vn -0.810797 -0.546287 -0.133960
vn -0.735446 -0.632996 -0.179406
vn -0.810797 -0.546287 -0.133960
vn -0.726388 -0.664035 -0.077743
vn -0.683989 -0.697273 -0.142713
vn -0.766751 -0.605457 -0.139612
vn -0.638537 -0.736483 -0.156074
vn -0.766751 -0.605457 -0.139612
vn -0.735446 -0.632996 -0.179406
vn -0.722681 -0.647660 -0.179147
vn -0.766751 -0.605457 -0.139612
vn -0.693401 -0.695021 -0.103883
vn -0.638537 -0.736483 -0.156074
vn -0.666638 -0.727010 -0.045939
vn -0.766751 -0.605457 -0.139612
vn -0.775452 -0.592580 -0.146251
vn -0.774054 -0.578529 -0.198622
vn -0.775452 -0.592580 -0.146251
vn -0.766751 -0.605457 -0.139612
vn -0.774054 -0.578529 -0.198622
vn -0.766751 -0.605457 -0.139612
vn -0.722681 -0.647660 -0.179147
vn -0.666638 -0.727010 -0.045939
vn -0.627391 -0.761510 -0.041771
vn -0.693401 -0.695021 -0.103883
vn -0.563070 -0.804660 -0.103621
vn -0.535028 -0.838780 -0.100963
vn -0.622168 -0.775660 -0.106102
vn -0.693132 -0.691398 -0.126587
vn -0.563070 -0.804660 -0.103621
vn -0.679051 -0.724573 -0.117831
vn -0.563070 -0.804660 -0.103621
vn -0.622168 -0.775660 -0.106102
vn -0.679051 -0.724573 -0.117831
vn -0.693132 -0.691398 -0.126587
vn -0.679051 -0.724573 -0.117831
vn -0.709252 -0.692644 -0.131174
vn -0.775352 -0.592692 -0.146329
vn -0.693132 -0.691398 -0.126587
vn -0.753381 -0.642134 -0.141707
vn -0.693132 -0.691398 -0.126587
vn -0.709252 -0.692644 -0.131174
vn -0.753381 -0.642134 -0.141707
vn -0.766751 -0.605457 -0.139612
vn -0.683989 -0.697273 -0.142713
vn -0.693132 -0.691398 -0.126587
vn -0.693132 -0.691398 -0.126587
vn -0.775352 -0.592692 -0.146329
vn -0.766751 -0.605457 -0.139612
vn -0.810797 -0.546287 -0.133960
vn -0.775352 -0.592692 -0.146329
vn -0.839131 -0.502756 -0.129331
vn -0.775352 -0.592692 -0.146329
vn -0.810797 -0.546287 -0.133960
vn -0.735446 -0.632996 -0.179406
vn -0.766751 -0.605457 -0.139612
vn -0.775352 -0.592692 -0.146329
vn -0.735446 -0.632996 -0.179406
vn -0.638537 -0.736483 -0.156074
vn -0.586214 -0.786591 -0.112821
vn -0.683989 -0.697273 -0.142713
vn -0.225197 -0.961930 -0.023532
vn -0.266521 -0.951193 -0.026357
vn -0.406085 -0.897323 -0.076735
vn -0.225197 -0.961930 -0.023532
vn -0.406085 -0.897323 -0.076735
vn -0.317169 -0.934447 -0.050399
vn -0.317169 -0.934447 -0.050399
vn -0.406085 -0.897323 -0.076735
vn -0.489381 -0.856990 -0.043642
vn -0.406085 -0.897323 -0.076735
vn -0.579022 -0.793045 -0.104878
vn -0.489381 -0.856990 -0.043642
vn -0.317169 -0.934447 -0.050399
vn -0.489381 -0.856990 -0.043642
vn -0.521239 -0.839075 -0.005694
vn -0.395058 -0.905582 -0.007021
vn -0.521239 -0.839075 -0.005694
vn -0.593453 -0.787353 -0.057073
vn -0.395058 -0.905582 -0.007021
vn -0.593453 -0.787353 -0.057073
vn -0.471348 -0.867913 -0.022301
vn -0.317169 -0.934447 -0.050399
vn -0.521239 -0.839075 -0.005694
vn -0.395058 -0.905582 -0.007021
vn -0.489381 -0.856990 -0.043642
vn -0.627391 -0.761510 -0.041771
vn -0.521239 -0.839075 -0.005694
vn -0.521239 -0.839075 -0.005694
vn -0.627391 -0.761510 -0.041771
vn -0.666638 -0.727010 -0.045939
vn -0.521239 -0.839075 -0.005694
vn -0.666638 -0.727010 -0.045939
vn -0.593453 -0.787353 -0.057073
vn -0.579022 -0.793045 -0.104878
vn -0.586214 -0.786591 -0.112821
vn -0.638537 -0.736483 -0.156074
vn -0.406085 -0.897323 -0.076735
vn -0.586214 -0.786591 -0.112821
vn -0.579022 -0.793045 -0.104878
vn -0.266521 -0.951193 -0.026357
vn -0.421539 -0.892653 -0.039324
vn -0.406085 -0.897323 -0.076735
vn -0.421539 -0.892653 -0.039324
vn -0.266521 -0.951193 -0.026357
vn -0.358719 -0.932916 -0.031431
vn -0.266521 -0.951193 -0.026357
vn -0.273721 -0.961560 -0.021887
vn -0.358719 -0.932916 -0.031431
vn -0.421539 -0.892653 -0.039324
vn -0.358719 -0.932916 -0.031431
vn -0.420345 -0.906364 -0.042592
vn -0.421539 -0.892653 -0.039324
vn -0.420345 -0.906364 -0.042592
vn -0.437677 -0.897827 -0.048435
vn -0.421539 -0.892653 -0.039324
vn -0.563070 -0.804660 -0.103621
vn -0.406085 -0.897323 -0.076735
vn -0.563070 -0.804660 -0.103621
vn -0.421539 -0.892653 -0.039324
vn -0.535028 -0.838780 -0.100963
vn -0.421539 -0.892653 -0.039324
vn -0.437677 -0.897827 -0.048435
vn -0.535028 -0.838780 -0.100963
vn -0.406085 -0.897323 -0.076735
vn -0.563070 -0.804660 -0.103621
vn -0.586214 -0.786591 -0.112821
vn -0.563070 -0.804660 -0.103621
vn -0.693132 -0.691398 -0.126587
vn -0.683989 -0.697273 -0.142713
vn -0.693401 -0.695021 -0.103883
vn -0.766751 -0.605457 -0.139612
vn -0.666638 -0.727010 -0.045939
vn -0.984405 -0.031841 -0.054851
vn -0.988294 -0.128145 -0.082793
vn -0.996584 -0.010552 -0.081914
vn -0.979127 0.094663 -0.073413
vn -0.984405 -0.031841 -0.054851
vn -0.995897 0.034442 -0.083686
vn -0.984405 -0.031841 -0.054851
vn -0.996584 -0.010552 -0.081914
vn -0.995897 0.034442 -0.083686
vn -0.979127 0.094663 -0.073413
vn -0.978643 0.124188 -0.006858
vn -0.984405 -0.031841 -0.054851
vn -0.983969 0.055472 0.042942
vn -0.973130 0.149194 0.062367
vn -0.962816 0.160384 0.141282
vn -0.932569 0.296697 0.123870
vn -0.962816 0.160384 0.141282
vn -0.973130 0.149194 0.062367
vn -0.947335 0.265906 -0.071608
vn -0.979127 0.094663 -0.073413
vn -0.966880 0.240575 -0.085241
vn -0.979127 0.094663 -0.073413
vn -0.986595 0.123075 -0.107161
vn -0.966880 0.240575 -0.085241
vn -0.979127 0.094663 -0.073413
vn -0.995897 0.034442 -0.083686
vn -0.986595 0.123075 -0.107161
vn -0.947335 0.265906 -0.071608
vn -0.972930 0.153965 -0.053534
vn -0.979127 0.094663 -0.073413
vn -0.979127 0.094663 -0.073413
vn -0.972930 0.153965 -0.053534
vn -0.978643 0.124188 -0.006858
vn -0.972930 0.153965 -0.053534
vn -0.973130 0.149194 0.062367
vn -0.978643 0.124188 -0.006858
vn -0.973130 0.149194 0.062367
vn -0.983969 0.055472 0.042942
vn -0.978643 0.124188 -0.006858
vn -0.932569 0.296697 0.123870
vn -0.953487 0.212968 0.135367
vn -0.962816 0.160384 0.141282
vn -0.953487 0.212968 0.135367
vn -0.932569 0.296697 0.123870
vn -0.939995 0.298858 -0.023767
vn -0.683241 -0.703850 -0.111484
vn -0.736469 -0.657299 0.017958
vn -0.636224 -0.748815 -0.097317
vn 0.369469 -0.670351 -0.615189
vn 0.503397 -0.714067 -0.453915
vn 0.427593 -0.741883 -0.485230
vn -0.852981 -0.396096 0.294724
vn -0.850554 -0.325751 0.374314
vn -0.885223 -0.268423 0.338494
vn -0.985548 -0.025569 -0.034179
vn -0.975759 -0.145086 0.008765
vn -0.964432 -0.207808 -0.001803
vn -0.286417 0.913641 -0.240576
vn -0.323960 0.910458 -0.202998
vn -0.406946 0.897534 0.069571
vn -0.636279 0.635727 0.401483
vn -0.406946 0.897534 0.069571
vn -0.391173 0.907247 -0.009731
vn -0.391173 0.907247 -0.009731
vn -0.406946 0.897534 0.069571
vn -0.323960 0.910458 -0.202998
vn -0.316567 0.881777 0.309267
vn -0.636279 0.635727 0.401483
vn -0.391173 0.907247 -0.009731
vn -0.636552 0.579022 0.477103
vn -0.636279 0.635727 0.401483
vn -0.316567 0.881777 0.309267
vn 0.084310 0.341237 0.909459
vn 0.078734 0.681816 0.700160
vn -0.077274 0.694599 0.688033
vn 0.078734 0.681816 0.700160
vn 0.084310 0.341237 0.909459
vn 0.149831 0.276696 0.922415
vn 0.758380 0.589607 -0.224226
vn 0.698219 0.514130 -0.465084
vn 0.739489 0.623540 -0.194686
vn 0.788766 0.592226 0.039137
vn 0.739489 0.623540 -0.194686
vn 0.764850 0.624184 -0.000000
vn 0.758380 0.589607 -0.224226
vn 0.739489 0.623540 -0.194686
vn 0.788766 0.592226 0.039137
vn 0.698219 0.514130 -0.465084
vn 0.758380 0.589607 -0.224226
vn 0.700830 0.529716 -0.443822
vn 0.755105 0.631545 0.073843
vn 0.803332 0.546034 -0.173023
vn 0.758380 0.589607 -0.224226
vn 0.339228 0.175275 0.897307
vn 0.462510 0.228610 0.829520
vn 0.602109 0.216205 0.740837
vn 0.975236 0.119782 0.086986
vn 0.934884 0.125871 0.284809
vn 0.983198 0.000301 0.079397
vn 0.978834 0.096942 -0.074326
vn 0.975236 0.119782 0.086986
vn 0.983198 0.000301 0.079397
vn 0.861966 0.325574 0.348147
vn 0.934884 0.125871 0.284809
vn 0.941022 0.275139 0.109011
vn 0.861966 0.325574 0.348147
vn 0.826350 0.214108 0.487886
vn 0.934884 0.125871 0.284809
vn 0.884986 0.051959 0.426868
vn 0.934884 0.125871 0.284809
vn 0.826350 0.214108 0.487886
vn 0.699685 0.404974 0.558183
vn 0.826350 0.214108 0.487886
vn 0.861966 0.325574 0.348147
vn 0.743537 0.489061 0.420843
vn 0.861966 0.325574 0.348147
vn 0.858627 0.435300 0.214154
vn 0.858627 0.435300 0.214154
vn 0.815904 0.450274 0.320341
vn 0.743537 0.489061 0.420843
vn 0.718478 0.472431 0.477763
vn 0.743537 0.489061 0.420843
vn 0.815904 0.450274 0.320341
vn 0.815904 0.450274 0.320341
vn 0.858627 0.435300 0.214154
vn 0.891524 0.371528 0.199298
vn 0.884986 0.051959 0.426868
vn 0.771496 0.124220 0.593970
vn 0.816474 -0.006859 0.546090
vn 0.962244 0.214953 -0.034303
vn 0.941022 0.275139 0.109011
vn 0.975236 0.119782 0.086986
vn 0.962244 0.214953 -0.034303
vn 0.975236 0.119782 0.086986
vn 0.978834 0.096942 -0.074326
vn 0.277038 0.339323 0.872132
vn 0.300832 0.469090 0.803454
vn 0.178249 0.442385 0.852220
vn 0.362748 0.113463 0.897995
vn 0.443359 0.052125 0.867764
vn 0.402914 0.091418 0.883657
vn 0.766713 -0.032782 0.611454
vn 0.816474 -0.006859 0.546090
vn 0.676406 0.088982 0.702887
vn 0.766713 -0.032782 0.611454
vn 0.889907 -0.097491 0.408804
vn 0.816474 -0.006859 0.546090
vn 0.889907 -0.097491 0.408804
vn 0.766713 -0.032782 0.611454
vn 0.840765 -0.019386 0.508651
vn 0.957996 -0.091875 0.213831
vn 0.934798 -0.021054 0.310163
vn 0.974589 -0.011179 0.150270
vn 0.974589 -0.011179 0.150270
vn 0.934798 -0.021054 0.310163
vn 0.951918 0.109086 0.231657
vn 0.969831 -0.180831 -0.002415
vn 0.982681 -0.058493 -0.063053
vn 0.962152 -0.151626 -0.154444
vn 0.747904 -0.189012 -0.606634
vn 0.826012 -0.149316 -0.511276
vn 0.847091 -0.269097 -0.422494
vn 0.870983 -0.036002 0.455524
vn 0.793783 0.052073 0.575487
vn 0.844365 0.021375 0.502738
vn 0.870983 -0.036002 0.455524
vn 0.844365 0.021375 0.502738
vn 0.874690 0.095602 0.440003
vn 0.870983 -0.036002 0.455524
vn 0.874690 0.095602 0.440003
vn 0.907763 -0.044099 0.378440
vn 0.907763 -0.044099 0.378440
vn 0.874690 0.095602 0.440003
vn 0.921603 0.002711 0.347072
vn 0.907763 -0.044099 0.378440
vn 0.921603 0.002711 0.347072
vn 0.941214 -0.041780 0.288490
vn 0.930770 -0.101385 0.306558
vn 0.907763 -0.044099 0.378440
vn 0.941214 -0.041780 0.288490
vn 0.907763 -0.044099 0.378440
vn 0.921158 -0.029596 0.347009
vn 0.870983 -0.036002 0.455524
vn 0.882608 -0.040498 0.432821
vn 0.921995 -0.072724 0.338578
vn 0.927393 -0.055779 0.327159
vn 0.979650 -0.052861 -0.101839
vn 0.961483 -0.050260 -0.212001
vn 0.980552 -0.096577 -0.048142
vn 0.971114 -0.007551 -0.170957
vn 0.961483 -0.050260 -0.212001
vn 0.979650 -0.052861 -0.101839
vn 0.927277 0.003268 -0.332035
vn 0.961483 -0.050260 -0.212001
vn 0.971114 -0.007551 -0.170957
vn 0.949996 -0.250868 0.088027
vn 0.896401 -0.379243 0.160062
vn 0.909202 -0.383364 -0.009157
vn 0.939251 -0.302060 -0.007812
vn 0.949996 -0.250868 0.088027
vn 0.909202 -0.383364 -0.009157
vn 0.949996 -0.250868 0.088027
vn 0.950658 -0.213589 0.152671
vn 0.896401 -0.379243 0.160062
vn 0.256715 0.696532 0.642236
vn 0.283283 0.606362 0.715820
vn 0.177232 0.654920 0.707493
vn 0.283283 0.606362 0.715820
vn 0.361666 0.542256 0.731156
vn 0.185888 0.584500 0.762954
vn 0.764980 0.408800 0.464212
vn 0.822469 0.360231 0.403610
vn 0.783505 0.326499 0.496231
vn 0.820436 0.406465 0.363027
vn 0.841755 0.305627 0.408556
vn 0.822469 0.360231 0.403610
vn 0.822469 0.360231 0.403610
vn 0.792137 0.439899 0.385694
vn 0.820436 0.406465 0.363027
vn 0.764980 0.408800 0.464212
vn 0.792137 0.439899 0.385694
vn 0.822469 0.360231 0.403610
vn 0.792137 0.439899 0.385694
vn 0.785996 0.514797 0.298113
vn 0.820436 0.406465 0.363027
vn 0.820436 0.406465 0.363027
vn 0.785996 0.514797 0.298113
vn 0.849346 0.440635 0.238237
vn 0.854556 0.370512 0.321339
vn 0.849346 0.440635 0.238237
vn 0.894134 0.334488 0.246041
vn 0.882163 0.388118 0.208946
vn 0.894134 0.334488 0.246041
vn 0.849346 0.440635 0.238237
vn 0.874351 0.426102 0.164401
vn 0.849346 0.440635 0.238237
vn 0.787604 0.552897 0.216737
vn 0.787604 0.552897 0.216737
vn 0.849346 0.440635 0.238237
vn 0.785996 0.514797 0.298113
vn 0.787604 0.552897 0.216737
vn 0.835981 0.510185 0.120687
vn 0.874351 0.426102 0.164401
vn 0.835981 0.510185 0.120687
vn 0.914967 0.357905 0.090248
vn 0.874351 0.426102 0.164401
vn 0.914967 0.357905 0.090248
vn 0.882163 0.388118 0.208946
vn 0.874351 0.426102 0.164401
vn 0.882163 0.388118 0.208946
vn 0.914967 0.357905 0.090248
vn 0.945714 0.261336 0.102216
vn 0.945714 0.261336 0.102216
vn 0.969666 0.157546 0.089191
vn 0.981273 0.094965 0.035220
vn 0.981273 0.094965 0.035220
vn 0.985973 0.030343 0.009626
vn 0.984917 -0.054181 0.012890
vn 0.985973 0.030343 0.009626
vn 0.982560 -0.047708 0.072915
vn 0.978679 -0.123867 0.007443
vn 0.984658 -0.019613 0.055994
vn 0.984917 -0.054181 0.012890
vn 0.964424 -0.199020 -0.059032
vn 0.976720 -0.137699 0.016585
vn 0.984658 -0.019613 0.055994
vn 0.964424 -0.199020 -0.059032
vn 0.956721 -0.234357 -0.055123
vn 0.964424 -0.199020 -0.059032
vn 0.934976 -0.304777 -0.079111
vn 0.937547 -0.305365 -0.035022
vn 0.956721 -0.234357 -0.055123
vn 0.954289 -0.249934 -0.015703
vn 0.976720 -0.137699 0.016585
vn 0.964424 -0.199020 -0.059032
vn 0.956721 -0.234357 -0.055123
vn 0.971353 0.129124 0.112546
vn 0.981273 0.094965 0.035220
vn 0.984658 -0.019613 0.055994
vn 0.981273 0.094965 0.035220
vn 0.984917 -0.054181 0.012890
vn 0.984658 -0.019613 0.055994
vn 0.984917 -0.054181 0.012890
vn 0.985973 0.030343 0.009626
vn 0.978679 -0.123867 0.007443
vn 0.945714 0.261336 0.102216
vn 0.981273 0.094965 0.035220
vn 0.971353 0.129124 0.112546
vn 0.882163 0.388118 0.208946
vn 0.938449 0.253969 0.165675
vn 0.894134 0.334488 0.246041
vn 0.854556 0.370512 0.321339
vn 0.894134 0.334488 0.246041
vn 0.903661 0.264664 0.290562
vn 0.820436 0.406465 0.363027
vn 0.849346 0.440635 0.238237
vn 0.854556 0.370512 0.321339
vn 0.859234 0.340477 0.340822
vn 0.854556 0.370512 0.321339
vn 0.894833 0.317897 0.264220
vn 0.849346 0.440635 0.238237
vn 0.874351 0.426102 0.164401
vn 0.882163 0.388118 0.208946
vn 0.981720 0.046506 0.083856
vn 0.977397 0.006823 0.131626
vn 0.982560 -0.047708 0.072915
vn 0.981720 0.046506 0.083856
vn 0.982560 -0.047708 0.072915
vn 0.985973 0.030343 0.009626
vn 0.969666 0.157546 0.089191
vn 0.981720 0.046506 0.083856
vn 0.985973 0.030343 0.009626
vn 0.981273 0.094965 0.035220
vn 0.969666 0.157546 0.089191
vn 0.985973 0.030343 0.009626
vn 0.945714 0.261336 0.102216
vn 0.904917 0.375942 0.114497
vn 0.969666 0.157546 0.089191
vn 0.904917 0.375942 0.114497
vn 0.945714 0.261336 0.102216
vn 0.914967 0.357905 0.090248
vn 0.904917 0.375942 0.114497
vn 0.914967 0.357905 0.090248
vn 0.835981 0.510185 0.120687
vn 0.981720 0.046506 0.083856
vn 0.951625 0.100504 0.236542
vn 0.977397 0.006823 0.131626
vn 0.951625 0.100504 0.236542
vn 0.931357 -0.008202 0.320645
vn 0.977397 0.006823 0.131626
vn 0.969666 0.157546 0.089191
vn 0.951243 0.174001 0.192614
vn 0.981720 0.046506 0.083856
vn 0.936344 0.272642 0.147500
vn 0.951243 0.174001 0.192614
vn 0.969666 0.157546 0.089191
vn 0.821819 0.513011 0.186030
vn 0.865259 0.418393 0.220749
vn 0.904917 0.375942 0.114497
vn 0.904917 0.375942 0.114497
vn 0.936344 0.272642 0.147500
vn 0.969666 0.157546 0.089191
vn 0.865259 0.418393 0.220749
vn 0.936344 0.272642 0.147500
vn 0.904917 0.375942 0.114497
vn 0.901914 0.308397 0.251397
vn 0.890125 0.233823 0.350651
vn 0.859234 0.340477 0.340822
vn 0.863401 -0.477911 -0.011798
vn 0.861826 -0.472746 0.086854
vn 0.810975 -0.557617 0.074431
vn 0.909202 -0.383364 -0.009157
vn 0.861826 -0.472746 0.086854
vn 0.863401 -0.477911 -0.011798
vn 0.887359 -0.408544 0.137609
vn 0.848751 -0.480425 0.149034
vn 0.804602 -0.563148 0.097720
vn -0.917314 -0.359771 -0.051593
vn -0.935772 -0.291379 0.112036
vn -0.905663 -0.373809 0.115531
vn -0.959820 -0.118324 -0.192171
vn -0.985548 -0.025569 -0.034179
vn -0.965732 -0.168249 -0.109470
vn -0.978132 0.006671 -0.126207
vn -0.985548 -0.025569 -0.034179
vn -0.959820 -0.118324 -0.192171
vn -0.985663 0.033662 0.021981
vn -0.985880 -0.026050 0.022510
vn -0.985548 -0.025569 -0.034179
vn -0.983038 0.065643 -0.049323
vn -0.985663 0.033662 0.021981
vn -0.985548 -0.025569 -0.034179
vn -0.983038 0.065643 -0.049323
vn -0.985548 -0.025569 -0.034179
vn -0.978132 0.006671 -0.126207
vn -0.983038 0.065643 -0.049323
vn -0.978132 0.006671 -0.126207
vn -0.959699 0.136846 -0.180484
vn -0.967291 0.192974 -0.019831
vn -0.959699 0.136846 -0.180484
vn -0.937631 0.304737 -0.038013
vn -0.959699 0.136846 -0.180484
vn -0.967291 0.192974 -0.019831
vn -0.983038 0.065643 -0.049323
vn -0.967291 0.192974 -0.019831
vn -0.985663 0.033662 0.021981
vn -0.983038 0.065643 -0.049323
vn -0.871359 0.453757 0.092320
vn -0.898308 0.344640 0.215807
vn -0.916153 0.359409 0.070619
vn -0.893298 0.408643 -0.092571
vn -0.869620 0.466519 0.009074
vn -0.892530 0.420943 -0.003306
vn -0.869620 0.466519 0.009074
vn -0.870437 0.454426 0.097444
vn -0.892530 0.420943 -0.003306
vn -0.972930 0.153965 -0.053534
vn -0.951574 0.256497 0.045392
vn -0.973130 0.149194 0.062367
vn -0.951574 0.256497 0.045392
vn -0.952122 0.258113 -0.015464
vn -0.973130 0.149194 0.062367
vn -0.951574 0.256497 0.045392
vn -0.914542 0.370497 -0.003206
vn -0.952122 0.258113 -0.015464
vn -0.861533 0.465237 0.121916
vn -0.951574 0.256497 0.045392
vn -0.953243 0.250477 0.043881
vn -0.953243 0.250477 0.043881
vn -0.951574 0.256497 0.045392
vn -0.972930 0.153965 -0.053534
vn -0.946970 0.275967 -0.022687
vn -0.953243 0.250477 0.043881
vn -0.972930 0.153965 -0.053534
vn -0.872985 0.459052 -0.032835
vn -0.910976 0.378849 0.016665
vn -0.946970 0.275967 -0.022687
vn -0.872985 0.459052 -0.032835
vn -0.946970 0.275967 -0.022687
vn -0.947335 0.265906 -0.071608
vn -0.872985 0.459052 -0.032835
vn -0.818642 0.549750 0.042743
vn -0.910976 0.378849 0.016665
vn -0.851184 0.499268 -0.017076
vn -0.852344 0.474427 -0.147702
vn -0.909648 0.379089 -0.049542
vn -0.793338 0.580053 0.091253
vn -0.851184 0.499268 -0.017076
vn -0.900415 0.397565 0.069317
vn -0.793338 0.580053 0.091253
vn -0.861533 0.465237 0.121916
vn -0.740655 0.634183 0.152472
vn -0.009368 0.843691 0.506736
vn -0.001162 0.794628 0.578608
vn -0.147510 0.781675 0.577416
vn 0.911421 -0.355039 0.128170
vn 0.921088 -0.352053 0.035182
vn 0.916258 -0.361638 0.056943
vn 0.921088 -0.352053 0.035182
vn 0.927291 -0.336491 -0.021644
vn 0.916258 -0.361638 0.056943
vn 0.879963 -0.393702 0.207843
vn 0.818829 -0.522097 0.173963
vn 0.848751 -0.480425 0.149034
vn 0.892495 -0.409572 0.096057
vn 0.898241 -0.377922 0.152893
vn 0.858525 -0.482176 0.065884
vn 0.923013 -0.348433 -0.015535
vn 0.920965 -0.337049 0.107149
vn 0.892495 -0.409572 0.096057
vn 0.923013 -0.348433 -0.015535
vn 0.946994 -0.271844 0.051581
vn 0.920965 -0.337049 0.107149
vn 0.920965 -0.337049 0.107149
vn 0.946994 -0.271844 0.051581
vn 0.935577 -0.257213 0.176286
vn 0.971625 -0.111104 0.127867
vn 0.949331 -0.107520 0.242447
vn 0.926725 -0.247644 0.227598
vn 0.971625 -0.111104 0.127867
vn 0.926725 -0.247644 0.227598
vn 0.960253 -0.188550 0.123405
vn 0.935577 -0.257213 0.176286
vn 0.960253 -0.188550 0.123405
vn 0.926725 -0.247644 0.227598
vn 0.926725 -0.247644 0.227598
vn 0.915613 -0.327732 0.164467
vn 0.935577 -0.257213 0.176286
vn 0.935577 -0.257213 0.176286
vn 0.915613 -0.327732 0.164467
vn 0.920965 -0.337049 0.107149
vn 0.960253 -0.188550 0.123405
vn 0.935577 -0.257213 0.176286
vn 0.946994 -0.271844 0.051581
vn 0.971625 -0.111104 0.127867
vn 0.960253 -0.188550 0.123405
vn 0.965277 -0.194660 0.059550
vn 0.965277 -0.194660 0.059550
vn 0.960253 -0.188550 0.123405
vn 0.946994 -0.271844 0.051581
vn 0.962605 -0.210400 -0.048772
vn 0.965277 -0.194660 0.059550
vn 0.946994 -0.271844 0.051581
vn 0.962605 -0.210400 -0.048772
vn 0.946994 -0.271844 0.051581
vn 0.923013 -0.348433 -0.015535
vn 0.964424 -0.199020 -0.059032
vn 0.962605 -0.210400 -0.048772
vn 0.923013 -0.348433 -0.015535
vn 0.964424 -0.199020 -0.059032
vn 0.923013 -0.348433 -0.015535
vn 0.934976 -0.304777 -0.079111
vn 0.902842 -0.393958 -0.057565
vn 0.934976 -0.304777 -0.079111
vn 0.923013 -0.348433 -0.015535
vn 0.902842 -0.393958 -0.057565
vn 0.923013 -0.348433 -0.015535
vn 0.892436 -0.417153 -0.057043
vn 0.920965 -0.337049 0.107149
vn 0.915613 -0.327732 0.164467
vn 0.892495 -0.409572 0.096057
vn 0.964424 -0.199020 -0.059032
vn 0.978679 -0.123867 0.007443
vn 0.962605 -0.210400 -0.048772
vn 0.978679 -0.123867 0.007443
vn 0.965277 -0.194660 0.059550
vn 0.962605 -0.210400 -0.048772
vn 0.978679 -0.123867 0.007443
vn 0.971625 -0.111104 0.127867
vn 0.965277 -0.194660 0.059550
vn 0.921913 -0.132934 0.320590
vn 0.911299 -0.047884 0.369621
vn 0.939812 -0.028628 0.294433
vn 0.961182 -0.052200 0.212874
vn 0.949694 -0.141282 0.223531
vn 0.939812 -0.028628 0.294433
vn 0.908986 -0.383330 -0.022158
vn 0.915962 -0.361669 0.061214
vn 0.888803 -0.427473 -0.033164
vn 0.904010 -0.382926 -0.097823
vn 0.908986 -0.383330 -0.022158
vn 0.888803 -0.427473 -0.033164
vn 0.908986 -0.383330 -0.022158
vn 0.911693 -0.368774 0.079419
vn 0.915962 -0.361669 0.061214
vn -0.789868 -0.590644 -0.040672
vn -0.845265 -0.502016 -0.085986
vn -0.855685 -0.491263 0.022417
vn -0.887498 -0.357501 -0.237912
vn -0.931242 -0.233023 -0.224607
vn -0.853997 -0.417144 -0.261879
vn -0.751348 0.623057 0.145889
vn -0.861533 0.465237 0.121916
vn -0.818642 0.549750 0.042743
vn -0.751348 0.623057 0.145889
vn -0.740655 0.634183 0.152472
vn -0.861533 0.465237 0.121916
vn -0.138045 0.947775 0.239920
vn -0.235810 0.934093 0.216698
vn -0.184253 0.961576 0.203524
vn -0.235810 0.934093 0.216698
vn -0.207732 0.958717 0.194187
vn -0.184253 0.961576 0.203524
vn -0.138045 0.947775 0.239920
vn -0.184253 0.961576 0.203524
vn -0.113633 0.970887 0.210868
vn -0.138045 0.947775 0.239920
vn -0.113633 0.970887 0.210868
vn -0.052602 0.971558 0.230886
vn 0.124467 0.934807 0.291029
vn 0.020112 0.969224 0.245356
vn 0.097439 0.963463 0.249490
vn 0.017427 0.945158 0.283921
vn 0.082504 0.926525 0.328773
vn -0.028827 0.928429 0.332391
vn -0.121384 0.943695 0.263151
vn 0.017427 0.945158 0.283921
vn -0.028827 0.928429 0.332391
vn -0.752289 0.625885 0.128382
vn -0.806898 0.553324 0.128769
vn -0.799339 0.578851 0.019456
vn -0.195758 0.912837 0.319115
vn -0.325673 0.872824 0.324323
vn -0.324463 0.899026 0.246867
vn -0.073120 0.909830 0.373140
vn -0.221867 0.895583 0.348531
vn -0.195758 0.912837 0.319115
vn 0.888241 -0.424791 -0.065487
vn 0.805404 -0.569466 -0.036822
vn 0.899252 -0.406239 0.009085
vn 0.000000 0.000000 1.000000
vn 0.000000 0.000000 1.000000
vn 0.000000 0.000000 1.000000
vn 0.000000 0.000000 1.000000
vn 0.000000 0.000000 1.000000
vn 0.000000 0.000000 1.000000
vn 0.000000 0.000000 1.000000
vn 0.000000 0.000000 1.000000
vn 0.000000 0.000000 1.000000
vn 0.000000 0.000000 1.000000
vn 0.000000 0.000000 1.000000
vn 0.000000 0.000000 1.000000
vn 0.000000 0.000000 1.000000
vn 0.000000 0.000000 1.000000
vn 0.000000 0.000000 1.000000
vn 0.000000 0.000000 1.000000
vn 0.000000 0.000000 1.000000
vn 0.000000 0.000000 1.000000
vn 0.000000 0.000000 1.000000
vn 0.000000 0.000000 1.000000
vn 0.000000 0.000000 1.000000
vn 0.000000 0.000000 1.000000
vn 0.000000 0.000000 1.000000
vn 0.000000 0.000000 1.000000
vn 0.000000 0.000000 1.000000
vn 0.000000 0.000000 1.000000
vn 0.000000 0.000000 1.000000
vn 0.000000 0.000000 1.000000
vn 0.000000 0.000000 1.000000
vn 0.000000 0.000000 1.000000
vn 0.000000 0.000000 1.000000
vn 0.000000 0.000000 1.000000
vn 0.000000 0.000000 1.000000
vn 0.000000 0.000000 1.000000
vn 0.000000 0.000000 1.000000
vn 0.000000 0.000000 1.000000
vn 0.000000 0.000000 1.000000
vn 0.000000 0.000000 1.000000
vn 0.000000 0.000000 1.000000
vn 0.000000 0.000000 1.000000
vn 0.000000 0.000000 1.000000
vn 0.000000 0.000000 1.000000
vn 0.000000 0.000000 1.000000
vn 0.000000 0.000000 1.000000
vn 0.000000 0.000000 1.000000
vn 0.000000 0.000000 1.000000
vn 0.000000 0.000000 1.000000
vn 0.000000 0.000000 1.000000
vn 0.000000 0.000000 1.000000
vn 0.000000 0.000000 1.000000
vn 0.000000 0.000000 1.000000
vn 0.000000 0.000000 1.000000
vn 0.000000 0.000000 1.000000
vn 0.000000 0.000000 1.000000
vn 0.000000 0.000000 1.000000
vn 0.000000 0.000000 1.000000
vn 0.000000 0.000000 1.000000
vn 0.000000 0.000000 1.000000
vn 0.000000 0.000000 1.000000
vn 0.000000 0.000000 1.000000
vn 0.000000 0.000000 1.000000
vn 0.000000 0.000000 1.000000
vn 0.000000 0.000000 1.000000
vn 0.000000 0.000000 1.000000
vn 0.000000 0.000000 1.000000
vn 0.000000 0.000000 1.000000
vn 0.000000 0.000000 1.000000
vn 0.000000 0.000000 1.000000
vn 0.000000 0.000000 1.000000
vn 0.000000 0.000000 1.000000
vn 0.000000 0.000000 1.000000
vn 0.000000 0.000000 1.000000
vn 0.000000 0.000000 1.000000
vn 0.000000 0.000000 1.000000
vn 0.000000 0.000000 1.000000
vn 0.000000 0.000000 1.000000
vn 0.000000 0.000000 1.000000
vn 0.000000 0.000000 1.000000
vn 0.000000 0.000000 1.000000
vn 0.000000 0.000000 1.000000
vn 0.000000 0.000000 1.000000
vn 0.000000 0.000000 1.000000
vn 0.000000 0.000000 1.000000
vn 0.000000 0.000000 1.000000
vn 0.000000 0.000000 1.000000
vn 0.000000 0.000000 1.000000
vn 0.000000 0.000000 1.000000
vn 0.000000 0.000000 1.000000
vn 0.000000 0.000000 1.000000
vn 0.000000 0.000000 1.000000
vn 0.000000 0.000000 1.000000
vn 0.000000 0.000000 1.000000
vn 0.000000 0.000000 1.000000
vn 0.000000 0.000000 1.000000
vn 0.000000 0.000000 1.000000
vn 0.000000 0.000000 1.000000
vn 0.000000 0.000000 1.000000
vn 0.000000 0.000000 1.000000
vn 0.000000 0.000000 1.000000
vn 0.000000 0.000000 1.000000
vn 0.000000 0.000000 1.000000
vn 0.000000 0.000000 1.000000
vn 0.000000 0.000000 1.000000
vn 0.000000 0.000000 1.000000
vn 0.000000 0.000000 1.000000
vn 0.000000 0.000000 1.000000
vn 0.000000 0.000000 1.000000
vn 0.000000 0.000000 1.000000
vn 0.000000 0.000000 1.000000
vn 0.000000 0.000000 1.000000
vn 0.000000 0.000000 1.000000
vn 0.000000 0.000000 1.000000
vn 0.000000 0.000000 1.000000
vn 0.000000 0.000000 1.000000
vn 0.000000 0.000000 1.000000
vn 0.000000 0.000000 1.000000
vn 0.000000 0.000000 1.000000
vn 0.000000 0.000000 1.000000
vn 0.000000 0.000000 1.000000
vn 0.000000 0.000000 1.000000
vn 0.000000 0.000000 1.000000
vn 0.000000 0.000000 1.000000
vn 0.000000 0.000000 1.000000
vn 0.000000 0.000000 1.000000
vn 0.000000 0.000000 1.000000
vn 0.000000 0.000000 1.000000
vn 0.000000 0.000000 1.000000
vn 0.000000 0.000000 1.000000
vn 0.000000 0.000000 1.000000
vn 0.000000 0.000000 1.000000
vn 0.000000 0.000000 1.000000
vn 0.000000 0.000000 1.000000
vn 0.000000 0.000000 1.000000
vn 0.000000 0.000000 1.000000
vn 0.000000 0.000000 1.000000
vn 0.000000 0.000000 1.000000
vn 0.000000 0.000000 1.000000
vn 0.000000 0.000000 1.000000
vn 0.000000 0.000000 1.000000
vn 0.000000 0.000000 1.000000
vn 0.000000 0.000000 1.000000
vn 0.000000 0.000000 1.000000
vn 0.000000 0.000000 1.000000
vn 0.000000 0.000000 1.000000
vn 0.000000 0.000000 1.000000
vn 0.000000 0.000000 1.000000
vn 0.000000 0.000000 1.000000
vn 0.000000 0.000000 1.000000
vn 0.000000 0.000000 1.000000
vn 0.000000 0.000000 1.000000
vn 0.000000 0.000000 1.000000
vn 0.000000 0.000000 1.000000
vn 0.000000 0.000000 1.000000
vn 0.000000 0.000000 1.000000
vn 0.000000 0.000000 1.000000
vn 0.000000 0.000000 1.000000
vn 0.000000 0.000000 1.000000
vn 0.000000 0.000000 1.000000
vn 0.000000 0.000000 1.000000
vn 0.000000 0.000000 1.000000
vn 0.000000 0.000000 1.000000
vn 0.000000 0.000000 1.000000
vn 0.000000 0.000000 1.000000
vn 0.000000 0.000000 1.000000
vn 0.000000 0.000000 1.000000
vn 0.000000 0.000000 1.000000
vn 0.000000 0.000000 1.000000
vn 0.000000 0.000000 1.000000
vn 0.000000 0.000000 1.000000
vn 0.000000 0.000000 1.000000
vn 0.000000 0.000000 1.000000
vn 0.000000 0.000000 1.000000
vn 0.000000 0.000000 1.000000
vn 0.000000 0.000000 1.000000
vn 0.000000 0.000000 1.000000
vn 0.000000 0.000000 1.000000
vn 0.000000 0.000000 1.000000
vn 0.000000 0.000000 1.000000
vn 0.000000 0.000000 1.000000
vn 0.000000 0.000000 1.000000
vn 0.000000 0.000000 1.000000
vn 0.000000 0.000000 1.000000
vn 0.000000 0.000000 1.000000
vn 0.000000 0.000000 1.000000
vn 0.000000 0.000000 1.000000
vn 0.000000 0.000000 1.000000
vn 0.000000 0.000000 1.000000
vn 0.000000 0.000000 1.000000
vn 0.000000 0.000000 1.000000
vn 0.000000 0.000000 1.000000
vn 0.000000 0.000000 1.000000
vn 0.000000 0.000000 1.000000
vn 0.000000 0.000000 1.000000
vn 0.000000 0.000000 1.000000
vn 0.000000 0.000000 1.000000
vn 0.000000 0.000000 1.000000
vn 0.000000 0.000000 1.000000
vn 0.000000 0.000000 1.000000
vn 0.000000 0.000000 1.000000
vn 0.000000 0.000000 1.000000
vn 0.000000 0.000000 1.000000
vn 0.000000 0.000000 1.000000
vn 0.000000 0.000000 1.000000
vn 0.000000 0.000000 1.000000
vn 0.000000 0.000000 1.000000
vn 0.000000 0.000000 1.000000
vn 0.000000 0.000000 1.000000
vn 0.000000 0.000000 1.000000
vn 0.000000 0.000000 1.000000
vn 0.000000 0.000000 1.000000
vn 0.000000 0.000000 1.000000
vn 0.000000 0.000000 1.000000
vn 0.000000 0.000000 1.000000
vn 0.000000 0.000000 1.000000
vn 0.000000 0.000000 1.000000
vn 0.000000 0.000000 1.000000
vn 0.000000 0.000000 1.000000
vn 0.000000 0.000000 1.000000
vn 0.000000 0.000000 1.000000
vn 0.000000 0.000000 1.000000
vn 0.000000 0.000000 1.000000
vn 0.000000 0.000000 1.000000
vn 0.000000 0.000000 1.000000
vn 0.000000 0.000000 1.000000
vn 0.000000 0.000000 1.000000
vn 0.000000 0.000000 1.000000
vn 0.000000 0.000000 1.000000
vn 0.000000 0.000000 1.000000
vn 0.000000 0.000000 1.000000
vn 0.000000 0.000000 1.000000
vn 0.000000 0.000000 1.000000
vn 0.000000 0.000000 1.000000
vn 0.000000 0.000000 1.000000
vn 0.000000 0.000000 1.000000
vn 0.000000 0.000000 1.000000
vn 0.000000 0.000000 1.000000
vn 0.000000 0.000000 1.000000
vn 0.000000 0.000000 1.000000
vn 0.000000 0.000000 1.000000
vn 0.000000 0.000000 1.000000
vn 0.000000 0.000000 1.000000
vn 0.000000 0.000000 1.000000
vn 0.000000 0.000000 1.000000
vn 0.000000 0.000000 1.000000
vn 0.000000 0.000000 1.000000
vn 0.000000 0.000000 1.000000
vn 0.000000 0.000000 1.000000
vn 0.000000 0.000000 1.000000
vn 0.000000 0.000000 1.000000
vn 0.000000 0.000000 1.000000
vn 0.000000 0.000000 1.000000
vn 0.000000 0.000000 1.000000
vn 0.000000 0.000000 1.000000
vn 0.000000 0.000000 1.000000
vn 0.000000 0.000000 1.000000
vn 0.000000 0.000000 1.000000
vn 0.000000 0.000000 1.000000
vn 0.000000 0.000000 1.000000
vn 0.000000 0.000000 1.000000
vn 0.000000 0.000000 1.000000
vn 0.000000 0.000000 1.000000
vn 0.000000 0.000000 1.000000
vn 0.000000 0.000000 1.000000
vn 0.000000 0.000000 1.000000
vn 0.000000 0.000000 1.000000
vn 0.000000 0.000000 1.000000
vn 0.000000 0.000000 1.000000
vn 0.000000 0.000000 1.000000
vn 0.000000 0.000000 1.000000
vn 0.000000 0.000000 1.000000
vn 0.000000 0.000000 1.000000
vn 0.000000 0.000000 1.000000
vn 0.000000 0.000000 1.000000
vn 0.000000 0.000000 1.000000
vn 0.000000 0.000000 1.000000
vn 0.000000 0.000000 1.000000

# Groups:

# Group with 4762 faces:
g group_0
f 81//1 79//2 16//3
f 18//4 81//5 16//6
f 19//7 81//8 18//9
f 82//10 19//11 84//12
f 19//13 82//14 81//15
f 81//16 82//17 83//18
f 741//19 127//20 128//21
f 179//22 245//23 178//24
f 267//25 225//26 269//27
f 871//28 432//29 362//30
f 417//31 432//32 488//33
f 579//34 564//35 1135//36
f 1129//37 1145//38 1135//39
f 1129//40 1135//41 1122//42
f 1136//43 1146//44 1129//45
f 1146//46 1145//47 1129//48
f 1147//49 1137//50 1125//51
f 1117//52 1125//53 1137//54
f 1117//55 1137//56 1136//57
f 1117//58 1136//59 1123//60
f 1136//61 1129//62 1123//63
f 1129//64 1116//65 1123//66
f 1112//67 1117//68 1123//69
f 1112//70 1123//71 1116//72
f 1116//73 1129//74 1122//75
f 1116//76 1122//77 1095//78
f 564//79 1111//80 1135//81
f 1111//82 564//83 549//84
f 1094//85 1111//86 549//87
f 1094//88 549//89 536//90
f 1030//91 536//92 499//93
f 942//94 432//95 871//96
f 942//97 498//98 432//99
f 498//100 488//101 432//102
f 535//103 546//104 528//105
f 528//106 546//107 534//108
f 564//109 579//110 563//111
f 579//112 1135//113 615//114
f 1135//115 1170//116 615//117
f 1145//118 1170//119 1135//120
f 1170//121 1145//122 1172//123
f 1179//124 1170//125 1172//126
f 629//127 615//128 1170//129
f 1170//130 1179//131 629//132
f 1179//133 1195//134 629//135
f 1186//136 1172//137 1175//138
f 1176//139 1162//140 1173//141
f 1173//142 1174//143 1182//144
f 1187//145 1189//146 2336//147
f 1189//148 2337//149 2336//150
f 1189//151 1187//152 1182//153
f 1176//154 1182//155 1187//156
f 1195//157 1186//158 2338//159
f 1186//160 2339//161 2338//162
f 639//163 640//164 2340//165
f 640//166 2341//167 2340//168
f 640//169 650//170 2341//171
f 650//172 2342//173 2341//174
f 632//175 650//176 640//177
f 605//178 632//179 640//180
f 644//181 2343//182 2344//183
f 643//184 644//185 2345//186
f 644//187 2344//188 2345//189
f 624//190 643//191 612//192
f 612//193 632//194 605//195
f 643//196 650//197 632//198
f 650//199 2346//200 2347//201
f 650//202 643//203 2346//204
f 643//205 2345//206 2346//207
f 612//208 643//209 632//210
f 650//211 2347//212 2342//213
f 604//214 605//215 640//216
f 604//217 640//218 603//219
f 639//220 2340//221 2348//222
f 603//223 640//224 639//225
f 639//226 611//227 603//228
f 637//229 611//230 639//231
f 637//232 639//233 2349//234
f 639//235 2350//236 2349//237
f 639//238 2348//239 2350//240
f 627//241 611//242 637//243
f 627//244 637//245 649//246
f 649//247 2351//248 2352//249
f 649//250 637//251 2351//252
f 637//253 2349//254 2351//255
f 649//256 636//257 627//258
f 590//259 612//260 605//261
f 590//262 604//263 582//264
f 590//265 605//266 604//267
f 589//268 582//269 604//270
f 589//271 604//272 603//273
f 589//274 568//275 582//276
f 589//277 567//278 568//279
f 568//280 551//281 552//282
f 569//283 582//284 552//285
f 568//286 567//287 551//288
f 611//289 589//290 603//291
f 636//292 649//293 2353//294
f 649//295 2354//296 2353//297
f 630//298 636//299 2355//300
f 636//301 2356//302 2355//303
f 621//304 627//305 636//306
f 636//307 630//308 621//309
f 621//310 630//311 626//312
f 627//313 621//314 617//315
f 617//316 611//317 627//318
f 567//319 589//320 611//321
f 524//322 552//323 551//324
f 512//325 524//326 511//327
f 524//328 509//329 511//330
f 493//331 512//332 511//333
f 493//334 511//335 492//336
f 525//337 569//338 552//339
f 569//340 590//341 582//342
f 460//343 504//344 493//345
f 504//346 512//347 493//348
f 515//349 525//350 512//351
f 515//352 569//353 525//354
f 582//355 568//356 552//357
f 504//358 515//359 512//360
f 552//361 524//362 525//363
f 493//364 492//365 460//366
f 590//367 569//368 560//369
f 560//370 569//371 515//372
f 644//373 2357//374 2343//375
f 644//376 645//377 2357//378
f 645//379 2358//380 2357//381
f 643//382 624//383 644//384
f 607//385 624//386 612//387
f 645//388 624//389 633//390
f 645//391 633//392 651//393
f 651//394 2359//395 2360//396
f 645//397 644//398 624//399
f 614//400 624//401 607//402
f 624//403 614//404 633//405
f 651//406 652//407 2361//408
f 652//409 2362//410 2361//411
f 651//412 2361//413 2359//414
f 645//415 651//416 2358//417
f 651//418 2360//419 2358//420
f 652//421 2363//422 2362//423
f 633//424 652//425 651//426
f 628//427 633//428 614//429
f 628//430 652//431 633//432
f 652//433 628//434 646//435
f 646//436 1195//437 2364//438
f 1195//439 2365//440 2364//441
f 652//442 646//443 2363//444
f 646//445 2364//446 2363//447
f 646//448 629//449 1195//450
f 1195//451 2338//452 2365//453
f 1186//454 1195//455 1179//456
f 1186//457 1179//458 1172//459
f 1187//460 1186//461 1175//462
f 1176//463 1187//464 1175//465
f 1182//466 1176//467 1173//468
f 1177//469 1182//470 1174//471
f 1189//472 2366//473 2337//474
f 1203//475 2367//476 2368//477
f 1203//478 2368//479 2369//480
f 1191//481 1185//482 2370//483
f 1185//484 2371//485 2370//486
f 1191//487 2370//488 2372//489
f 1186//490 2373//491 2374//492
f 1186//493 2374//494 2339//495
f 1186//496 1187//497 2373//498
f 1187//499 2375//500 2373//501
f 1187//502 2336//503 2375//504
f 1189//505 1191//506 2366//507
f 1191//508 2372//509 2366//510
f 1191//511 1177//512 1185//513
f 1185//514 1203//515 2371//516
f 1203//517 2369//518 2371//519
f 1196//520 2376//521 2377//522
f 1203//523 1196//524 2367//525
f 1196//526 2377//527 2367//528
f 1196//529 1203//530 1193//531
f 1193//532 1203//533 1185//534
f 1196//535 1198//536 2376//537
f 1198//538 2378//539 2376//540
f 1182//541 1177//542 1189//543
f 1191//544 1189//545 1177//546
f 1185//547 1156//548 1193//549
f 1196//550 1193//551 1166//552
f 1166//553 1193//554 1156//555
f 1177//556 1174//557 1158//558
f 1164//559 1158//560 1174//561
f 1176//562 1175//563 1162//564
f 1162//565 1164//566 1173//567
f 1174//568 1173//569 1164//570
f 1162//571 1151//572 1147//573
f 1158//574 1164//575 1147//576
f 1164//577 1162//578 1147//579
f 1162//580 1157//581 1151//582
f 1151//583 1157//584 1136//585
f 1146//586 1136//587 1157//588
f 1136//589 1137//590 1151//591
f 1151//592 1137//593 1147//594
f 1158//595 1147//596 1132//597
f 1158//598 1154//599 1177//600
f 1185//601 1177//602 1154//603
f 1196//604 1166//605 1198//606
f 1166//607 1169//608 1198//609
f 1185//610 1154//611 1156//612
f 1166//613 1161//614 1169//615
f 1156//616 1149//617 1166//618
f 1161//619 1166//620 1149//621
f 1148//622 1161//623 1149//624
f 1154//625 1121//626 1156//627
f 1121//628 1149//629 1156//630
f 1110//631 1149//632 1121//633
f 1132//634 1105//635 1158//636
f 1102//637 1132//638 1126//639
f 1132//640 1147//641 1126//642
f 1147//643 1125//644 1126//645
f 1126//646 1125//647 1101//648
f 1113//649 1101//650 1125//651
f 1113//652 1125//653 1117//654
f 1154//655 1105//656 1107//657
f 1105//658 1132//659 1102//660
f 1154//661 1158//662 1105//663
f 1107//664 1121//665 1154//666
f 1107//667 1088//668 1121//669
f 1076//670 1107//671 1105//672
f 1089//673 1033//674 1061//675
f 1089//676 1061//677 1101//678
f 1102//679 1126//680 1101//681
f 1113//682 1099//683 1089//684
f 1113//685 1089//686 1101//687
f 1047//688 1089//689 1099//690
f 1047//691 1033//692 1089//693
f 1102//694 1101//695 1061//696
f 1073//697 1105//698 1102//699
f 1073//700 1076//701 1105//702
f 1076//703 1088//704 1107//705
f 1121//706 1088//707 1110//708
f 1109//709 1108//710 1120//711
f 1114//712 1120//713 1108//714
f 1106//715 1093//716 1086//717
f 1086//718 1093//719 1077//720
f 1087//721 1067//722 1077//723
f 1077//724 1067//725 1054//726
f 1077//727 1054//728 1066//729
f 1066//730 1053//731 1051//732
f 1064//733 1051//734 1050//735
f 1050//736 1049//737 1063//738
f 1063//739 1074//740 1064//741
f 1091//742 1092//743 1074//744
f 1092//745 1075//746 1074//747
f 1072//748 1091//749 1074//750
f 1063//751 1072//752 1074//753
f 1063//754 1062//755 1072//756
f 1049//757 1062//758 1063//759
f 1050//760 1063//761 1064//762
f 1036//763 1050//764 1037//765
f 1037//766 1050//767 1051//768
f 1038//769 1037//770 1051//771
f 1053//772 1038//773 1051//774
f 1024//775 1023//776 1038//777
f 1053//778 1040//779 1038//780
f 1040//781 1024//782 1038//783
f 1023//784 1008//785 1006//786
f 1006//787 1004//788 1022//789
f 1022//790 1021//791 1036//792
f 1049//793 1034//794 1062//795
f 1062//796 1034//797 1048//798
f 1071//799 1062//800 1048//801
f 1072//802 1071//803 1090//804
f 1090//805 1103//806 1091//807
f 1104//808 1103//809 1128//810
f 1128//811 1119//812 1104//813
f 1133//814 1114//815 1119//816
f 1104//817 1119//818 1092//819
f 1086//820 1092//821 1106//822
f 1086//823 1075//824 1092//825
f 1064//826 1075//827 1051//828
f 1075//829 1066//830 1051//831
f 1066//832 1086//833 1077//834
f 1086//835 1066//836 1075//837
f 1064//838 1074//839 1075//840
f 1092//841 1091//842 1104//843
f 1072//844 1090//845 1091//846
f 1091//847 1103//848 1104//849
f 1128//850 1142//851 1119//852
f 1133//853 1119//854 1142//855
f 1143//856 1120//857 1114//858
f 1144//859 1109//860 1120//861
f 1110//862 1115//863 1149//864
f 1148//865 1149//866 1115//867
f 1144//868 1148//869 1115//870
f 1115//871 1109//872 1144//873
f 1144//874 1155//875 1148//876
f 1148//877 1155//878 1161//879
f 1168//880 1155//881 1143//882
f 1155//883 1144//884 1143//885
f 1160//886 1168//887 1143//888
f 1133//889 1160//890 1143//891
f 1160//892 1133//893 1142//894
f 1106//895 1119//896 1114//897
f 1106//898 1092//899 1119//900
f 1142//901 1128//902 1141//903
f 1127//904 1141//905 1128//906
f 1127//907 1128//908 1103//909
f 1085//910 1090//911 1071//912
f 1048//913 1060//914 1071//915
f 1085//916 1071//917 1060//918
f 1127//919 1103//920 1090//921
f 1127//922 1140//923 1141//924
f 1184//925 1142//926 1141//927
f 1194//928 1168//929 1160//930
f 1142//931 1184//932 1160//933
f 1184//934 1194//935 1160//936
f 1197//937 1169//938 1168//939
f 1197//940 1168//941 1194//942
f 1198//943 1169//944 2379//945
f 1169//946 2380//947 2379//948
f 1169//949 1197//950 2380//951
f 1197//952 2381//953 2380//954
f 1184//955 1141//956 1159//957
f 1140//958 1159//959 1141//960
f 1127//961 1139//962 1140//963
f 1090//964 1118//965 1127//966
f 1090//967 1085//968 1118//969
f 1048//970 1032//971 1060//972
f 1048//973 1020//974 1032//975
f 1003//976 1020//977 1048//978
f 1003//979 988//980 1001//981
f 1003//982 971//983 988//984
f 1003//985 1001//986 1020//987
f 1032//988 1084//989 1060//990
f 1060//991 1100//992 1085//993
f 1139//994 1127//995 1118//996
f 1131//997 1139//998 1118//999
f 1085//1000 1100//1001 1118//1002
f 1131//1003 1118//1004 1100//1005
f 1139//1006 1153//1007 1140//1008
f 1165//1009 1159//1010 1140//1011
f 1165//1012 1140//1013 1153//1014
f 1153//1015 1152//1016 1163//1017
f 1183//1018 1165//1019 1178//1020
f 1190//1021 1183//1022 1178//1023
f 1202//1024 1190//1025 2382//1026
f 1190//1027 2383//1028 2382//1029
f 1198//1030 2384//1031 2378//1032
f 1192//1033 1184//1034 1159//1035
f 1183//1036 1192//1037 1159//1038
f 1183//1039 1159//1040 1165//1041
f 1192//1042 1183//1043 1202//1044
f 1202//1045 2385//1046 2386//1047
f 1194//1048 2387//1049 2388//1050
f 1194//1051 2388//1052 2389//1053
f 1194//1054 1184//1055 2387//1056
f 1184//1057 2390//1058 2387//1059
f 1184//1060 1192//1061 2390//1062
f 1192//1063 2391//1064 2390//1065
f 1192//1066 2392//1067 2391//1068
f 1192//1069 1202//1070 2392//1071
f 1202//1072 2386//1073 2392//1074
f 1202//1075 1183//1076 1190//1077
f 1202//1078 2382//1079 2385//1080
f 1201//1081 2393//1082 2394//1083
f 1190//1084 1201//1085 2383//1086
f 1201//1087 2394//1088 2383//1089
f 1201//1090 1190//1091 1188//1092
f 1201//1093 2395//1094 2393//1095
f 1201//1096 2396//1097 2395//1098
f 1201//1099 1200//1100 2396//1101
f 1200//1102 2397//1103 2396//1104
f 1201//1105 1188//1106 1200//1107
f 1178//1108 1188//1109 1190//1110
f 1163//1111 1181//1112 1188//1113
f 1163//1114 1167//1115 1181//1116
f 1181//1117 1167//1118 1180//1119
f 1200//1120 1199//1121 2397//1122
f 1199//1123 2398//1124 2397//1125
f 1199//1126 2399//1127 2400//1128
f 1199//1129 2400//1130 2401//1131
f 1017//1132 1081//1133 1059//1134
f 1081//1135 1017//1136 456//1137
f 941//1138 931//1139 456//1140
f 941//1141 922//1142 931//1143
f 527//1144 520//1145 533//1146
f 526//1147 533//1148 520//1149
f 532//1150 526//1151 519//1152
f 467//1153 519//1154 526//1155
f 520//1156 485//1157 526//1158
f 526//1159 485//1160 467//1161
f 485//1162 468//1163 467//1164
f 468//1165 443//1166 467//1167
f 442//1168 467//1169 443//1170
f 444//1171 443//1172 468//1173
f 468//1174 453//1175 444//1176
f 444//1177 453//1178 430//1179
f 430//1180 429//1181 444//1182
f 444//1183 429//1184 443//1185
f 443//1186 429//1187 428//1188
f 424//1189 445//1190 431//1191
f 456//1192 470//1193 489//1194
f 489//1195 478//1196 487//1197
f 527//1198 487//1199 497//1200
f 527//1201 497//1202 520//1203
f 487//1204 469//1205 477//1206
f 487//1207 477//1208 497//1209
f 485//1210 497//1211 477//1212
f 468//1213 485//1214 477//1215
f 520//1216 497//1217 485//1218
f 477//1219 469//1220 453//1221
f 477//1222 453//1223 468//1224
f 453//1225 445//1226 430//1227
f 424//1228 430//1229 445//1230
f 454//1231 446//1232 431//1233
f 454//1234 431//1235 445//1236
f 469//1237 454//1238 445//1239
f 469//1240 445//1241 453//1242
f 407//1243 428//1244 395//1245
f 395//1246 428//1247 429//1248
f 430//1249 396//1250 395//1251
f 390//1252 397//1253 409//1254
f 931//1255 409//1256 446//1257
f 456//1258 931//1259 446//1260
f 455//1261 456//1262 446//1263
f 455//1264 446//1265 454//1266
f 487//1267 454//1268 469//1269
f 487//1270 478//1271 454//1272
f 478//1273 455//1274 454//1275
f 478//1276 470//1277 455//1278
f 470//1279 456//1280 455//1281
f 489//1282 470//1283 478//1284
f 446//1285 409//1286 431//1287
f 431//1288 408//1289 424//1290
f 424//1291 408//1292 396//1293
f 430//1294 424//1295 396//1296
f 396//1297 408//1298 389//1299
f 408//1300 397//1301 389//1302
f 390//1303 389//1304 397//1305
f 431//1306 397//1307 408//1308
f 409//1309 397//1310 431//1311
f 423//1312 428//1313 407//1314
f 407//1315 406//1316 423//1317
f 407//1318 388//1319 406//1320
f 407//1321 395//1322 388//1323
f 395//1324 368//1325 388//1326
f 359//1327 368//1328 396//1329
f 359//1330 354//1331 368//1332
f 367//1333 368//1334 352//1335
f 358//1336 367//1337 352//1338
f 352//1339 354//1340 344//1341
f 352//1342 344//1343 343//1344
f 386//1345 415//1346 394//1347
f 379//1348 394//1349 387//1350
f 379//1351 387//1352 367//1353
f 388//1354 387//1355 406//1356
f 367//1357 387//1358 388//1359
f 367//1360 388//1361 368//1362
f 394//1363 379//1364 386//1365
f 379//1366 358//1367 386//1368
f 358//1369 352//1370 351//1371
f 351//1372 352//1373 343//1374
f 415//1375 414//1376 426//1377
f 415//1378 426//1379 427//1380
f 584//1381 576//1382 555//1383
f 575//1384 584//1385 555//1386
f 554//1387 555//1388 532//1389
f 555//1390 526//1391 532//1392
f 519//1393 517//1394 532//1395
f 495//1396 516//1397 517//1398
f 517//1399 519//1400 495//1401
f 495//1402 494//1403 516//1404
f 467//1405 465//1406 519//1407
f 495//1408 519//1409 465//1410
f 465//1411 467//1412 442//1413
f 452//1414 465//1415 442//1416
f 442//1417 443//1418 428//1419
f 428//1420 423//1421 442//1422
f 441//1423 442//1424 423//1425
f 452//1426 494//1427 495//1428
f 415//1429 441//1430 423//1431
f 591//1432 584//1433 575//1434
f 575//1435 555//1436 554//1437
f 554//1438 532//1439 517//1440
f 427//1441 452//1442 441//1443
f 505//1444 516//1445 494//1446
f 516//1447 553//1448 545//1449
f 553//1450 516//1451 505//1452
f 553//1453 503//1454 540//1455
f 553//1456 540//1457 583//1458
f 623//1459 622//1460 642//1461
f 623//1462 642//1463 2402//1464
f 642//1465 2403//1466 2402//1467
f 613//1468 623//1469 2404//1470
f 623//1471 2402//1472 2404//1473
f 613//1474 584//1475 623//1476
f 623//1477 584//1478 591//1479
f 599//1480 585//1481 570//1482
f 585//1483 561//1484 570//1485
f 570//1486 576//1487 599//1488
f 599//1489 576//1490 613//1491
f 576//1492 570//1493 555//1494
f 613//1495 576//1496 584//1497
f 570//1498 526//1499 555//1500
f 570//1501 533//1502 526//1503
f 561//1504 527//1505 533//1506
f 561//1507 533//1508 570//1509
f 586//1510 527//1511 561//1512
f 585//1513 586//1514 561//1515
f 594//1516 586//1517 585//1518
f 599//1519 594//1520 585//1521
f 618//1522 594//1523 599//1524
f 613//1525 2404//1526 2405//1527
f 613//1528 2405//1529 2406//1530
f 599//1531 613//1532 2407//1533
f 613//1534 2406//1535 2407//1536
f 618//1537 599//1538 2408//1539
f 599//1540 2407//1541 2408//1542
f 600//1543 594//1544 618//1545
f 594//1546 600//1547 586//1548
f 562//1549 487//1550 527//1551
f 562//1552 489//1553 487//1554
f 562//1555 527//1556 586//1557
f 641//1558 2409//1559 2410//1560
f 649//1561 2352//1562 2354//1563
f 636//1564 2353//1565 2356//1566
f 635//1567 2411//1568 2412//1569
f 635//1570 630//1571 2411//1572
f 630//1573 2355//1574 2411//1575
f 630//1576 635//1577 626//1578
f 626//1579 635//1580 620//1581
f 621//1582 626//1583 616//1584
f 617//1585 621//1586 610//1587
f 617//1588 610//1589 598//1590
f 598//1591 611//1592 617//1593
f 598//1594 610//1595 587//1596
f 598//1597 567//1598 611//1599
f 537//1600 567//1601 598//1602
f 598//1603 587//1604 537//1605
f 551//1606 567//1607 537//1608
f 537//1609 587//1610 522//1611
f 537//1612 509//1613 551//1614
f 524//1615 551//1616 509//1617
f 537//1618 522//1619 509//1620
f 509//1621 522//1622 508//1623
f 511//1624 509//1625 492//1626
f 490//1627 492//1628 509//1629
f 509//1630 508//1631 500//1632
f 509//1633 500//1634 490//1635
f 508//1636 479//1637 500//1638
f 508//1639 513//1640 479//1641
f 513//1642 507//1643 479//1644
f 507//1645 472//1646 479//1647
f 500//1648 479//1649 471//1650
f 471//1651 480//1652 500//1653
f 490//1654 500//1655 480//1656
f 480//1657 492//1658 490//1659
f 471//1660 479//1661 457//1662
f 492//1663 480//1664 449//1665
f 460//1666 492//1667 449//1668
f 506//1669 515//1670 504//1671
f 577//1672 560//1673 515//1674
f 556//1675 577//1676 515//1677
f 595//1678 614//1679 607//1680
f 593//1681 595//1682 607//1683
f 593//1684 607//1685 592//1686
f 577//1687 578//1688 593//1689
f 593//1690 592//1691 577//1692
f 577//1693 592//1694 560//1695
f 628//1696 619//1697 629//1698
f 614//1699 595//1700 608//1701
f 608//1702 619//1703 628//1704
f 608//1705 628//1706 614//1707
f 1172//1708 1146//1709 1175//1710
f 1162//1711 1175//1712 1157//1713
f 1175//1714 1146//1715 1157//1716
f 1146//1717 1172//1718 1145//1719
f 619//1720 579//1721 615//1722
f 563//1723 619//1724 608//1725
f 619//1726 563//1727 579//1728
f 578//1729 595//1730 593//1731
f 557//1732 608//1733 595//1734
f 608//1735 557//1736 563//1737
f 557//1738 595//1739 546//1740
f 546//1741 578//1742 534//1743
f 556//1744 534//1745 578//1746
f 534//1747 486//1748 528//1749
f 528//1750 486//1751 488//1752
f 486//1753 534//1754 556//1755
f 328//1756 346//1757 327//1758
f 327//1759 353//1760 335//1761
f 486//1762 556//1763 518//1764
f 578//1765 577//1766 556//1767
f 518//1768 506//1769 496//1770
f 466//1771 496//1772 506//1773
f 496//1774 466//1775 486//1776
f 496//1777 486//1778 518//1779
f 556//1780 515//1781 518//1782
f 518//1783 515//1784 506//1785
f 504//1786 476//1787 506//1788
f 466//1789 506//1790 476//1791
f 476//1792 504//1793 460//1794
f 466//1795 476//1796 440//1797
f 405//1798 385//1799 440//1800
f 403//1801 476//1802 460//1803
f 460//1804 425//1805 403//1806
f 460//1807 449//1808 425//1809
f 436//1810 425//1811 449//1812
f 480//1813 411//1814 436//1815
f 449//1816 480//1817 436//1818
f 480//1819 471//1820 447//1821
f 419//1822 447//1823 434//1824
f 457//1825 434//1826 447//1827
f 457//1828 447//1829 471//1830
f 457//1831 448//1832 434//1833
f 419//1834 434//1835 410//1836
f 419//1837 411//1838 447//1839
f 480//1840 447//1841 411//1842
f 405//1843 476//1844 403//1845
f 405//1846 440//1847 476//1848
f 425//1849 436//1850 374//1851
f 375//1852 403//1853 374//1854
f 403//1855 425//1856 374//1857
f 376//1858 403//1859 375//1860
f 403//1861 376//1862 405//1863
f 376//1864 385//1865 405//1866
f 365//1867 385//1868 376//1869
f 375//1870 348//1871 376//1872
f 348//1873 375//1874 374//1875
f 313//1876 315//1877 374//1878
f 374//1879 401//1880 313//1881
f 303//1882 374//1883 315//1884
f 303//1885 296//1886 348//1887
f 297//1888 376//1889 348//1890
f 297//1891 348//1892 296//1893
f 376//1894 297//1895 365//1896
f 357//1897 416//1898 385//1899
f 440//1900 385//1901 416//1902
f 357//1903 385//1904 365//1905
f 357//1906 365//1907 324//1908
f 324//1909 365//1910 297//1911
f 294//1912 303//1913 315//1914
f 293//1915 294//1916 315//1917
f 313//1918 293//1919 315//1920
f 381//1921 401//1922 411//1923
f 436//1924 401//1925 374//1926
f 411//1927 401//1928 436//1929
f 411//1930 419//1931 399//1932
f 411//1933 399//1934 381//1935
f 419//1936 410//1937 399//1938
f 410//1939 398//1940 380//1941
f 399//1942 410//1943 380//1944
f 381//1945 399//1946 321//1947
f 401//1948 381//1949 302//1950
f 381//1951 321//1952 302//1953
f 321//1954 399//1955 319//1956
f 302//1957 313//1958 401//1959
f 293//1960 313//1961 292//1962
f 294//1963 278//1964 296//1965
f 279//1966 296//1967 278//1968
f 417//1969 486//1970 466//1971
f 353//1972 360//1973 417//1974
f 353//1975 416//1976 357//1977
f 417//1978 440//1979 416//1980
f 417//1981 466//1982 440//1983
f 353//1984 417//1985 416//1986
f 353//1987 357//1988 335//1989
f 296//1990 279//1991 297//1992
f 335//1993 357//1994 324//1995
f 327//1996 335//1997 317//1998
f 317//1999 335//2000 324//2001
f 306//2002 328//2003 327//2004
f 306//2005 327//2006 317//2007
f 306//2008 317//2009 282//2010
f 307//2011 283//2012 329//2013
f 942//2014 884//2015 957//2016
f 959//2017 987//2018 1018//2019
f 959//2020 1018//2021 957//2022
f 900//2023 957//2024 884//2025
f 872//2026 884//2027 871//2028
f 851//2029 872//2030 871//2031
f 851//2032 871//2033 329//2034
f 845//2035 851//2036 329//2037
f 329//2038 283//2039 845//2040
f 834//2041 845//2042 824//2043
f 824//2044 845//2045 283//2046
f 812//2047 834//2048 824//2049
f 834//2050 851//2051 845//2052
f 885//2053 900//2054 884//2055
f 913//2056 957//2057 900//2058
f 970//2059 1019//2060 960//2061
f 987//2062 960//2063 1019//2064
f 945//2065 960//2066 933//2067
f 960//2068 932//2069 933//2070
f 945//2071 933//2072 915//2073
f 933//2074 914//2075 915//2076
f 915//2077 888//2078 926//2079
f 882//2080 876//2081 888//2082
f 914//2083 933//2084 932//2085
f 932//2086 960//2087 987//2088
f 932//2089 987//2090 959//2091
f 913//2092 932//2093 959//2094
f 913//2095 959//2096 957//2097
f 885//2098 913//2099 900//2100
f 886//2101 887//2102 913//2103
f 887//2104 914//2105 913//2106
f 886//2107 913//2108 885//2109
f 888//2110 915//2111 887//2112
f 887//2113 915//2114 914//2115
f 914//2116 932//2117 913//2118
f 888//2119 887//2120 882//2121
f 887//2122 881//2123 882//2124
f 874//2125 882//2126 881//2127
f 881//2128 887//2129 886//2130
f 881//2131 886//2132 873//2133
f 885//2134 873//2135 886//2136
f 872//2137 885//2138 884//2139
f 834//2140 843//2141 851//2142
f 837//2143 827//2144 838//2145
f 838//2146 852//2147 856//2148
f 874//2149 861//2150 869//2151
f 856//2152 869//2153 861//2154
f 852//2155 863//2156 856//2157
f 877//2158 876//2159 863//2160
f 865//2161 864//2162 848//2163
f 892//2164 909//2165 890//2166
f 950//2167 1007//2168 948//2169
f 1007//2170 974//2171 948//2172
f 1007//2173 1005//2174 974//2175
f 1033//2176 1035//2177 1061//2178
f 1035//2179 1033//2180 990//2181
f 1035//2182 990//2183 1005//2184
f 1005//2185 990//2186 974//2187
f 950//2188 948//2189 928//2190
f 928//2191 919//2192 950//2193
f 919//2194 937//2195 951//2196
f 950//2197 919//2198 951//2199
f 950//2200 951//2201 963//2202
f 978//2203 950//2204 963//2205
f 951//2206 965//2207 963//2208
f 965//2209 979//2210 963//2211
f 979//2212 978//2213 963//2214
f 979//2215 994//2216 978//2217
f 978//2218 1009//2219 950//2220
f 950//2221 1009//2222 1007//2223
f 1005//2224 1007//2225 1065//2226
f 1052//2227 1076//2228 1065//2229
f 1102//2230 1035//2231 1073//2232
f 1065//2233 1073//2234 1035//2235
f 1065//2236 1076//2237 1073//2238
f 1080//2239 1110//2240 1088//2241
f 1058//2242 1068//2243 1088//2244
f 1076//2245 1039//2246 1088//2247
f 1088//2248 1039//2249 1058//2250
f 1039//2251 1076//2252 1052//2253
f 1088//2254 1068//2255 1080//2256
f 1079//2257 1110//2258 1080//2259
f 1078//2260 1067//2261 1087//2262
f 1087//2263 1077//2264 1093//2265
f 1114//2266 1108//2267 1093//2268
f 1093//2269 1108//2270 1087//2271
f 1078//2272 1087//2273 1109//2274
f 1079//2275 1109//2276 1115//2277
f 1109//2278 1087//2279 1108//2280
f 1114//2281 1093//2282 1106//2283
f 1078//2284 1109//2285 1079//2286
f 1079//2287 1115//2288 1110//2289
f 1080//2290 1068//2291 1057//2292
f 1080//2293 1057//2294 1070//2295
f 1045//2296 1058//2297 1026//2298
f 1058//2299 1039//2300 1026//2301
f 1069//2302 1070//2303 1056//2304
f 1069//2305 1056//2306 1055//2307
f 1069//2308 1055//2309 1067//2310
f 1055//2311 1054//2312 1067//2313
f 1078//2314 1069//2315 1067//2316
f 1080//2317 1070//2318 1079//2319
f 1079//2320 1069//2321 1078//2322
f 1054//2323 1053//2324 1066//2325
f 1054//2326 1040//2327 1053//2328
f 1040//2329 1025//2330 1024//2331
f 1025//2332 1010//2333 1024//2334
f 1024//2335 1010//2336 1008//2337
f 1008//2338 1010//2339 993//2340
f 1008//2341 993//2342 992//2343
f 992//2344 991//2345 1006//2346
f 1036//2347 1037//2348 1022//2349
f 1037//2350 1023//2351 1022//2352
f 1023//2353 1006//2354 1022//2355
f 1006//2356 1008//2357 992//2358
f 1023//2359 1024//2360 1008//2361
f 1038//2362 1023//2363 1037//2364
f 992//2365 976//2366 975//2367
f 991//2368 975//2369 973//2370
f 989//2371 971//2372 1021//2373
f 1034//2374 1003//2375 1048//2376
f 1049//2377 1036//2378 1034//2379
f 1050//2380 1036//2381 1049//2382
f 1022//2383 1004//2384 1021//2385
f 1036//2386 1021//2387 1034//2388
f 1021//2389 1003//2390 1034//2391
f 991//2392 973//2393 989//2394
f 1021//2395 971//2396 1003//2397
f 1060//2398 1084//2399 1100//2400
f 1139//2401 1131//2402 1153//2403
f 1138//2404 1131//2405 1124//2406
f 1152//2407 1131//2408 1138//2409
f 1152//2410 1150//2411 1163//2412
f 1150//2413 1152//2414 1138//2415
f 1130//2416 1138//2417 1124//2418
f 1098//2419 1124//2420 1100//2421
f 1199//2422 2401//2423 2398//2424
f 1199//2425 1180//2426 1171//2427
f 1083//2428 1081//2429 1096//2430
f 1081//2431 1134//2432 1096//2433
f 1130//2434 1124//2435 1096//2436
f 1096//2437 1134//2438 1130//2439
f 1124//2440 1098//2441 1096//2442
f 1001//2443 969//2444 1020//2445
f 1059//2446 1020//2447 986//2448
f 1098//2449 1100//2450 1084//2451
f 1098//2452 1084//2453 1083//2454
f 1096//2455 1098//2456 1083//2457
f 1059//2458 1083//2459 1084//2460
f 1059//2461 1081//2462 1083//2463
f 923//2464 941//2465 958//2466
f 986//2467 1017//2468 1059//2469
f 986//2470 941//2471 1017//2472
f 456//2473 1017//2474 941//2475
f 941//2476 923//2477 922//2478
f 931//2479 922//2480 912//2481
f 906//2482 370//2483 912//2484
f 355//2485 860//2486 330//2487
f 355//2488 330//2489 338//2490
f 369//2491 355//2492 338//2493
f 361//2494 369//2495 337//2496
f 389//2497 361//2498 359//2499
f 389//2500 359//2501 396//2502
f 395//2503 396//2504 368//2505
f 345//2506 354//2507 359//2508
f 345//2509 336//2510 354//2511
f 336//2512 326//2513 325//2514
f 354//2515 352//2516 368//2517
f 344//2518 336//2519 325//2520
f 344//2521 325//2522 343//2523
f 343//2524 325//2525 323//2526
f 350//2527 351//2528 343//2529
f 350//2530 343//2531 342//2532
f 378//2533 366//2534 351//2535
f 350//2536 378//2537 351//2538
f 377//2539 350//2540 349//2541
f 413//2542 349//2543 384//2544
f 392//2545 383//2546 373//2547
f 371//2548 373//2549 356//2550
f 382//2551 398//2552 400//2553
f 399//2554 380//2555 364//2556
f 399//2557 364//2558 319//2559
f 319//2560 364//2561 332//2562
f 364//2563 339//2564 332//2565
f 363//2566 339//2567 364//2568
f 363//2569 382//2570 331//2571
f 363//2572 331//2573 339//2574
f 332//2575 339//2576 309//2577
f 319//2578 332//2579 298//2580
f 319//2581 299//2582 321//2583
f 319//2584 298//2585 299//2586
f 321//2587 299//2588 300//2589
f 321//2590 300//2591 302//2592
f 302//2593 300//2594 288//2595
f 313//2596 302//2597 292//2598
f 270//2599 294//2600 293//2601
f 294//2602 270//2603 278//2604
f 297//2605 274//2606 324//2607
f 278//2608 265//2609 279//2610
f 317//2611 274//2612 282//2613
f 274//2614 317//2615 324//2616
f 272//2617 258//2618 274//2619
f 272//2620 274//2621 297//2622
f 272//2623 297//2624 279//2625
f 279//2626 256//2627 272//2628
f 265//2629 278//2630 270//2631
f 265//2632 270//2633 235//2634
f 279//2635 238//2636 256//2637
f 258//2638 272//2639 256//2640
f 265//2641 238//2642 279//2643
f 265//2644 236//2645 238//2646
f 236//2647 265//2648 235//2649
f 236//2650 235//2651 216//2652
f 236//2653 216//2654 194//2655
f 256//2656 238//2657 219//2658
f 217//2659 196//2660 219//2661
f 196//2662 220//2663 219//2664
f 217//2665 195//2666 196//2667
f 195//2668 169//2669 196//2670
f 170//2671 196//2672 169//2673
f 168//2674 169//2675 195//2676
f 195//2677 217//2678 194//2679
f 217//2680 236//2681 194//2682
f 166//2683 194//2684 165//2685
f 194//2686 192//2687 165//2688
f 165//2689 192//2690 163//2691
f 192//2692 190//2693 163//2694
f 163//2695 190//2696 161//2697
f 163//2698 161//2699 138//2700
f 138//2701 161//2702 137//2703
f 161//2704 160//2705 137//2706
f 137//2707 160//2708 135//2709
f 137//2710 135//2711 97//2712
f 101//2713 137//2714 97//2715
f 95//2716 97//2717 135//2718
f 135//2719 160//2720 158//2721
f 134//2722 135//2723 158//2724
f 187//2725 186//2726 158//2727
f 160//2728 187//2729 158//2730
f 211//2731 251//2732 210//2733
f 233//2734 270//2735 292//2736
f 292//2737 270//2738 293//2739
f 233//2740 235//2741 270//2742
f 233//2743 214//2744 235//2745
f 235//2746 214//2747 216//2748
f 216//2749 192//2750 194//2751
f 139//2752 141//2753 165//2754
f 165//2755 141//2756 166//2757
f 166//2758 141//2759 142//2760
f 166//2761 168//2762 194//2763
f 168//2764 195//2765 194//2766
f 144//2767 169//2768 168//2769
f 144//2770 168//2771 142//2772
f 166//2773 142//2774 168//2775
f 144//2776 170//2777 169//2778
f 145//2779 170//2780 144//2781
f 114//2782 145//2783 144//2784
f 116//2785 145//2786 114//2787
f 116//2788 114//2789 113//2790
f 113//2791 111//2792 51//2793
f 51//2794 109//2795 46//2796
f 107//2797 104//2798 41//2799
f 41//2800 104//2801 36//2802
f 104//2803 101//2804 36//2805
f 100//2806 36//2807 101//2808
f 104//2809 138//2810 101//2811
f 138//2812 139//2813 163//2814
f 165//2815 163//2816 139//2817
f 109//2818 139//2819 107//2820
f 107//2821 139//2822 104//2823
f 139//2824 138//2825 104//2826
f 41//2827 45//2828 46//2829
f 51//2830 46//2831 50//2832
f 50//2833 8//2834 56//2835
f 56//2836 59//2837 60//2838
f 63//2839 60//2840 67//2841
f 125//2842 124//2843 80//2844
f 80//2845 79//2846 83//2847
f 125//2848 80//2849 127//2850
f 127//2851 83//2852 128//2853
f 741//2854 153//2855 127//2856
f 772//2857 758//2858 741//2859
f 743//2860 772//2861 741//2862
f 741//2863 128//2864 743//2865
f 203//2866 202//2867 153//2868
f 261//2869 225//2870 178//2871
f 261//2872 178//2873 245//2874
f 791//2875 202//2876 203//2877
f 800//2878 791//2879 203//2880
f 802//2881 800//2882 203//2883
f 800//2884 835//2885 812//2886
f 835//2887 834//2888 812//2889
f 835//2890 843//2891 834//2892
f 835//2893 800//2894 825//2895
f 873//2896 885//2897 867//2898
f 868//2899 873//2900 867//2901
f 859//2902 868//2903 867//2904
f 867//2905 872//2906 851//2907
f 885//2908 872//2909 867//2910
f 859//2911 867//2912 843//2913
f 843//2914 867//2915 851//2916
f 835//2917 859//2918 843//2919
f 847//2920 859//2921 835//2922
f 833//2923 847//2924 835//2925
f 835//2926 825//2927 833//2928
f 837//2929 847//2930 833//2931
f 847//2932 868//2933 859//2934
f 847//2935 861//2936 868//2937
f 856//2938 861//2939 847//2940
f 837//2941 856//2942 847//2943
f 837//2944 838//2945 856//2946
f 827//2947 837//2948 833//2949
f 820//2950 827//2951 833//2952
f 820//2953 833//2954 825//2955
f 829//2956 827//2957 820//2958
f 829//2959 838//2960 827//2961
f 829//2962 839//2963 838//2964
f 839//2965 852//2966 838//2967
f 864//2968 863//2969 852//2970
f 848//2971 864//2972 852//2973
f 877//2974 863//2975 864//2976
f 890//2977 888//2978 876//2979
f 882//2980 874//2981 869//2982
f 863//2983 876//2984 882//2985
f 863//2986 882//2987 869//2988
f 856//2989 863//2990 869//2991
f 874//2992 881//2993 868//2994
f 868//2995 881//2996 873//2997
f 861//2998 874//2999 868//3000
f 909//3001 927//3002 890//3003
f 926//3004 890//3005 927//3006
f 928//3007 936//3008 909//3009
f 928//3010 909//3011 911//3012
f 919//3013 928//3014 911//3015
f 921//3016 919//3017 911//3018
f 937//3019 919//3020 921//3021
f 953//3022 965//3023 951//3024
f 953//3025 980//3026 965//3027
f 980//3028 995//3029 979//3030
f 979//3031 995//3032 994//3033
f 978//3034 994//3035 1009//3036
f 1007//3037 1009//3038 1052//3039
f 1052//3040 1065//3041 1007//3042
f 1065//3043 1035//3044 1005//3045
f 1061//3046 1035//3047 1102//3048
f 1052//3049 1009//3050 1039//3051
f 1026//3052 1039//3053 1009//3054
f 1058//3055 1045//3056 1068//3057
f 1045//3058 1057//3059 1068//3060
f 1028//3061 1057//3062 1045//3063
f 994//3064 1026//3065 1009//3066
f 994//3067 995//3068 1026//3069
f 1045//3070 1026//3071 995//3072
f 1014//3073 1045//3074 995//3075
f 1016//3076 1028//3077 1014//3078
f 998//3079 1014//3080 995//3081
f 980//3082 998//3083 995//3084
f 980//3085 979//3086 965//3087
f 952//3088 980//3089 953//3090
f 953//3091 951//3092 937//3093
f 937//3094 938//3095 953//3096
f 938//3097 952//3098 953//3099
f 929//3100 937//3101 921//3102
f 929//3103 930//3104 938//3105
f 930//3106 954//3107 938//3108
f 938//3109 954//3110 952//3111
f 954//3112 967//3113 952//3114
f 952//3115 967//3116 983//3117
f 967//3118 966//3119 983//3120
f 952//3121 983//3122 980//3123
f 983//3124 998//3125 980//3126
f 983//3127 982//3128 998//3129
f 998//3130 982//3131 1016//3132
f 1016//3133 1029//3134 1028//3135
f 1028//3136 1044//3137 1057//3138
f 1044//3139 1070//3140 1057//3141
f 1044//3142 1056//3143 1070//3144
f 1043//3145 1056//3146 1044//3147
f 1043//3148 1042//3149 1056//3150
f 1056//3151 1042//3152 1055//3153
f 1055//3154 1041//3155 1054//3156
f 1054//3157 1041//3158 1040//3159
f 1041//3160 1025//3161 1040//3162
f 1010//3163 1011//3164 993//3165
f 1011//3166 1010//3167 1012//3168
f 999//3169 997//3170 1015//3171
f 1000//3172 1015//3173 1029//3174
f 1000//3175 1029//3176 1016//3177
f 999//3178 1015//3179 1000//3180
f 982//3181 1000//3182 1016//3183
f 984//3184 997//3185 999//3186
f 984//3187 981//3188 997//3189
f 996//3190 997//3191 981//3192
f 966//3193 982//3194 983//3195
f 956//3196 966//3197 967//3198
f 929//3199 938//3200 937//3201
f 905//3202 1566//3203 929//3204
f 1566//3205 930//3206 929//3207
f 929//3208 921//3209 905//3210
f 905//3211 1558//3212 1566//3213
f 1566//3214 1569//3215 930//3216
f 1569//3217 940//3218 930//3219
f 1566//3220 1561//3221 1569//3222
f 1562//3223 1569//3224 1561//3225
f 1550//3226 1561//3227 1558//3228
f 1566//3229 1558//3230 1561//3231
f 1558//3232 1549//3233 1550//3234
f 1558//3235 905//3236 1549//3237
f 899//3238 895//3239 1549//3240
f 905//3241 899//3242 1549//3243
f 905//3244 904//3245 899//3246
f 904//3247 905//3248 921//3249
f 921//3250 911//3251 904//3252
f 893//3253 904//3254 898//3255
f 904//3256 911//3257 898//3258
f 899//3259 904//3260 893//3261
f 895//3262 899//3263 893//3264
f 895//3265 1512//3266 1549//3267
f 1550//3268 1519//3269 1527//3270
f 1519//3271 1550//3272 1549//3273
f 1549//3274 1512//3275 1519//3276
f 1535//3277 1543//3278 1540//3279
f 1540//3280 1543//3281 1552//3282
f 1540//3283 1552//3284 1561//3285
f 1552//3286 1562//3287 1561//3288
f 1540//3289 1561//3290 1550//3291
f 1554//3292 1562//3293 1552//3294
f 1554//3295 1552//3296 1543//3297
f 1550//3298 1527//3299 1540//3300
f 1535//3301 1540//3302 1527//3303
f 1536//3304 1543//3305 1535//3306
f 1545//3307 1554//3308 1543//3309
f 1556//3310 1554//3311 1545//3312
f 1545//3313 1543//3314 1536//3315
f 1527//3316 1519//3317 1505//3318
f 1519//3319 1494//3320 1505//3321
f 1527//3322 1523//3323 1535//3324
f 1523//3325 1530//3326 1535//3327
f 1535//3328 1530//3329 1536//3330
f 1529//3331 1545//3332 1536//3333
f 1530//3334 1529//3335 1536//3336
f 1527//3337 1505//3338 1522//3339
f 1527//3340 1522//3341 1523//3342
f 1505//3343 1496//3344 1507//3345
f 1522//3346 1505//3347 1507//3348
f 1515//3349 1523//3350 1514//3351
f 1531//3352 1529//3353 1530//3354
f 1522//3355 1507//3356 1514//3357
f 1523//3358 1522//3359 1514//3360
f 1524//3361 1523//3362 1515//3363
f 1507//3364 1478//3365 1514//3366
f 1514//3367 1478//3368 1515//3369
f 1524//3370 1530//3371 1523//3372
f 1524//3373 1531//3374 1530//3375
f 1533//3376 1547//3377 1531//3378
f 1531//3379 1547//3380 1529//3381
f 1547//3382 1545//3383 1529//3384
f 1547//3385 1556//3386 1545//3387
f 1556//3388 1570//3389 1554//3390
f 1554//3391 1570//3392 1562//3393
f 1562//3394 1573//3395 1569//3396
f 1570//3397 1573//3398 1562//3399
f 1570//3400 1572//3401 1573//3402
f 1570//3403 1574//3404 1572//3405
f 1573//3406 940//3407 1569//3408
f 940//3409 954//3410 930//3411
f 940//3412 956//3413 954//3414
f 1572//3415 956//3416 940//3417
f 956//3418 967//3419 954//3420
f 984//3421 999//3422 985//3423
f 985//3424 1000//3425 982//3426
f 985//3427 999//3428 1000//3429
f 984//3430 939//3431 981//3432
f 968//3433 985//3434 966//3435
f 982//3436 966//3437 985//3438
f 968//3439 984//3440 985//3441
f 955//3442 996//3443 981//3444
f 1572//3445 940//3446 1573//3447
f 1571//3448 1575//3449 1574//3450
f 939//3451 1575//3452 1571//3453
f 1568//3454 939//3455 1571//3456
f 1564//3457 1574//3458 1570//3459
f 1563//3460 1571//3461 1574//3462
f 1563//3463 1574//3464 1564//3465
f 1563//3466 1553//3467 1571//3468
f 1553//3469 1568//3470 1571//3471
f 1574//3472 968//3473 1572//3474
f 1572//3475 966//3476 956//3477
f 1572//3478 968//3479 966//3480
f 1575//3481 984//3482 968//3483
f 1574//3484 1575//3485 968//3486
f 939//3487 984//3488 1575//3489
f 955//3490 981//3491 939//3492
f 1563//3493 1544//3494 1553//3495
f 1544//3496 1563//3497 1546//3498
f 1546//3499 1564//3500 1555//3501
f 1547//3502 1555//3503 1556//3504
f 1537//3505 1546//3506 1555//3507
f 1537//3508 1544//3509 1546//3510
f 1516//3511 1544//3512 1537//3513
f 1516//3514 1521//3515 1544//3516
f 1533//3517 1555//3518 1547//3519
f 1517//3520 1533//3521 1531//3522
f 1499//3523 1531//3524 1524//3525
f 1478//3526 1497//3527 1515//3528
f 1497//3529 1498//3530 1515//3531
f 1524//3532 1515//3533 1498//3534
f 1480//3535 1498//3536 1497//3537
f 1507//3538 1496//3539 1478//3540
f 1494//3541 1496//3542 1505//3543
f 1494//3544 1519//3545 1476//3546
f 1512//3547 895//3548 1518//3549
f 893//3550 866//3551 1518//3552
f 1518//3553 895//3554 893//3555
f 878//3556 893//3557 898//3558
f 878//3559 866//3560 893//3561
f 911//3562 909//3563 898//3564
f 898//3565 909//3566 892//3567
f 898//3568 892//3569 878//3570
f 878//3571 892//3572 877//3573
f 878//3574 865//3575 866//3576
f 866//3577 854//3578 1491//3579
f 1491//3580 1518//3581 866//3582
f 1461//3583 1469//3584 1491//3585
f 1469//3586 1512//3587 1491//3588
f 1491//3589 1512//3590 1518//3591
f 1476//3592 1512//3593 1469//3594
f 1476//3595 1519//3596 1512//3597
f 854//3598 866//3599 865//3600
f 865//3601 878//3602 877//3603
f 865//3604 877//3605 864//3606
f 877//3607 892//3608 876//3609
f 854//3610 865//3611 848//3612
f 841//3613 848//3614 839//3615
f 841//3616 854//3617 848//3618
f 1461//3619 854//3620 841//3621
f 1431//3622 1461//3623 841//3624
f 1431//3625 1419//3626 1447//3627
f 1478//3628 1454//3629 1464//3630
f 1482//3631 1479//3632 1464//3633
f 1465//3634 1482//3635 1464//3636
f 1482//3637 1480//3638 1479//3639
f 1497//3640 1479//3641 1480//3642
f 1478//3643 1479//3644 1497//3645
f 1478//3646 1464//3647 1479//3648
f 1467//3649 1482//3650 1465//3651
f 1419//3652 1433//3653 1447//3654
f 823//3655 1405//3656 1431//3657
f 823//3658 1431//3659 841//3660
f 1461//3661 1491//3662 854//3663
f 1469//3664 1461//3665 1447//3666
f 1431//3667 1447//3668 1461//3669
f 1496//3670 1454//3671 1478//3672
f 815//3673 829//3674 820//3675
f 791//3676 800//3677 812//3678
f 758//3679 802//3680 203//3681
f 791//3682 245//3683 202//3684
f 417//3685 488//3686 486//3687
f 362//3688 432//3689 360//3690
f 360//3691 432//3692 417//3693
f 362//3694 360//3695 346//3696
f 329//3697 362//3698 346//3699
f 871//3700 362//3701 329//3702
f 329//3703 346//3704 328//3705
f 329//3706 328//3707 307//3708
f 307//3709 328//3710 306//3711
f 283//3712 307//3713 275//3714
f 306//3715 282//3716 307//3717
f 282//3718 275//3719 307//3720
f 282//3721 274//3722 275//3723
f 275//3724 274//3725 258//3726
f 267//3727 275//3728 258//3729
f 242//3730 267//3731 258//3732
f 242//3733 258//3734 240//3735
f 222//3736 242//3737 240//3738
f 220//3739 222//3740 240//3741
f 220//3742 197//3743 222//3744
f 170//3745 172//3746 197//3747
f 197//3748 220//3749 196//3750
f 170//3751 197//3752 196//3753
f 145//3754 172//3755 170//3756
f 198//3757 172//3758 147//3759
f 147//3760 172//3761 145//3762
f 116//3763 147//3764 145//3765
f 116//3766 120//3767 147//3768
f 198//3769 222//3770 197//3771
f 198//3772 197//3773 172//3774
f 147//3775 176//3776 198//3777
f 176//3778 225//3779 198//3780
f 198//3781 242//3782 222//3783
f 198//3784 225//3785 242//3786
f 149//3787 176//3788 147//3789
f 151//3790 178//3791 149//3792
f 149//3793 178//3794 176//3795
f 178//3796 225//3797 176//3798
f 225//3799 267//3800 242//3801
f 151//3802 179//3803 178//3804
f 152//3805 179//3806 151//3807
f 151//3808 124//3809 152//3810
f 153//3811 179//3812 152//3813
f 225//3814 261//3815 269//3816
f 267//3817 283//3818 275//3819
f 269//3820 283//3821 267//3822
f 269//3823 824//3824 283//3825
f 261//3826 824//3827 269//3828
f 153//3829 202//3830 179//3831
f 179//3832 202//3833 245//3834
f 203//3835 153//3836 758//3837
f 741//3838 758//3839 153//3840
f 783//3841 743//3842 760//3843
f 790//3844 788//3845 789//3846
f 790//3847 789//3848 780//3849
f 789//3850 788//3851 778//3852
f 778//3853 788//3854 786//3855
f 788//3856 795//3857 786//3858
f 792//3859 803//3860 781//3861
f 783//3862 792//3863 781//3864
f 783//3865 781//3866 772//3867
f 781//3868 758//3869 772//3870
f 802//3871 758//3872 781//3873
f 792//3874 783//3875 785//3876
f 1330//3877 799//3878 790//3879
f 790//3880 780//3881 1330//3882
f 1321//3883 1330//3884 780//3885
f 780//3886 1307//3887 1321//3888
f 1321//3889 1343//3890 1330//3891
f 1343//3892 1362//3893 799//3894
f 1330//3895 1343//3896 799//3897
f 815//3898 820//3899 807//3900
f 825//3901 813//3902 820//3903
f 825//3904 802//3905 813//3906
f 825//3907 800//3908 802//3909
f 803//3910 813//3911 802//3912
f 805//3913 813//3914 803//3915
f 805//3916 820//3917 813//3918
f 807//3919 820//3920 805//3921
f 795//3922 807//3923 792//3924
f 805//3925 803//3926 792//3927
f 803//3928 802//3929 781//3930
f 792//3931 807//3932 805//3933
f 792//3934 785//3935 795//3936
f 815//3937 807//3938 809//3939
f 817//3940 809//3941 811//3942
f 817//3943 811//3944 818//3945
f 1378//3946 823//3947 818//3948
f 818//3949 823//3950 830//3951
f 823//3952 841//3953 830//3954
f 839//3955 848//3956 852//3957
f 830//3958 839//3959 829//3960
f 841//3961 839//3962 830//3963
f 1362//3964 1378//3965 811//3966
f 811//3967 1378//3968 818//3969
f 818//3970 830//3971 817//3972
f 815//3973 830//3974 829//3975
f 817//3976 830//3977 815//3978
f 815//3979 809//3980 817//3981
f 795//3982 809//3983 807//3984
f 796//3985 809//3986 795//3987
f 799//3988 811//3989 796//3990
f 796//3991 811//3992 809//3993
f 799//3994 1362//3995 811//3996
f 788//3997 796//3998 795//3999
f 788//4000 790//4001 796//4002
f 796//4003 790//4004 799//4005
f 780//4006 769//4007 1307//4008
f 1307//4009 1291//4010 1293//4011
f 1307//4012 1293//4013 1309//4014
f 1309//4015 1321//4016 1307//4017
f 1343//4018 1346//4019 1364//4020
f 1362//4021 1364//4022 1380//4023
f 1378//4024 1380//4025 1405//4026
f 1405//4027 1419//4028 1431//4029
f 1406//4030 1419//4031 1405//4032
f 1407//4033 1419//4034 1406//4035
f 1381//4036 1407//4037 1406//4038
f 1381//4039 1406//4040 1380//4041
f 1380//4042 1406//4043 1405//4044
f 1365//4045 1381//4046 1364//4047
f 1364//4048 1381//4049 1380//4050
f 1384//4051 1407//4052 1381//4053
f 1407//4054 1433//4055 1419//4056
f 1407//4057 1384//4058 1408//4059
f 1433//4060 1408//4061 1434//4062
f 1434//4063 1469//4064 1447//4065
f 1434//4066 1447//4067 1433//4068
f 1408//4069 1433//4070 1407//4071
f 1451//4072 1434//4073 1409//4074
f 1451//4075 1409//4076 1420//4077
f 1464//4078 1454//4079 1456//4080
f 1453//4081 1439//4082 1454//4083
f 1408//4084 1409//4085 1434//4086
f 1385//4087 1408//4088 1384//4089
f 1367//4090 1384//4091 1381//4092
f 1367//4093 1381//4094 1365//4095
f 1348//4096 1367//4097 1365//4098
f 1348//4099 1365//4100 1346//4101
f 1346//4102 1365//4103 1364//4104
f 1309//4105 1335//4106 1333//4107
f 1310//4108 1309//4109 1293//4110
f 1297//4111 1293//4112 1295//4113
f 1293//4114 1297//4115 1310//4116
f 1313//4117 1310//4118 1297//4119
f 1310//4120 1313//4121 1335//4122
f 1333//4123 1335//4124 1348//4125
f 1324//4126 1337//4127 1335//4128
f 1333//4129 1348//4130 1346//4131
f 1350//4132 1368//4133 1367//4134
f 1368//4135 1385//4136 1367//4137
f 1367//4138 1385//4139 1384//4140
f 1350//4141 1367//4142 1348//4143
f 1335//4144 1350//4145 1348//4146
f 1337//4147 1350//4148 1335//4149
f 1337//4150 1339//4151 1351//4152
f 1350//4153 1351//4154 1368//4155
f 1386//4156 1409//4157 1385//4158
f 1409//4159 1411//4160 1420//4161
f 1422//4162 1412//4163 1424//4164
f 1440//4165 1426//4166 1427//4167
f 1442//4168 1427//4169 1428//4170
f 1426//4171 1439//4172 1424//4173
f 1412//4174 1422//4175 1411//4176
f 1386//4177 1411//4178 1409//4179
f 1369//4180 1386//4181 1368//4182
f 1385//4183 1368//4184 1386//4185
f 1351//4186 1369//4187 1368//4188
f 1326//4189 1352//4190 1339//4191
f 1324//4192 1339//4193 1337//4194
f 1337//4195 1351//4196 1350//4197
f 1408//4198 1385//4199 1409//4200
f 1422//4201 1453//4202 1420//4203
f 1420//4204 1411//4205 1422//4206
f 1453//4207 1422//4208 1439//4209
f 1440//4210 1456//4211 1454//4212
f 1440//4213 1454//4214 1439//4215
f 1439//4216 1426//4217 1440//4218
f 1456//4219 1440//4220 1442//4221
f 1456//4222 1442//4223 1444//4224
f 1464//4225 1456//4226 1465//4227
f 1456//4228 1458//4229 1465//4230
f 1458//4231 1467//4232 1465//4233
f 1467//4234 1471//4235 1482//4236
f 1471//4237 1480//4238 1482//4239
f 1500//4240 1480//4241 1471//4242
f 1456//4243 1444//4244 1458//4245
f 1458//4246 1471//4247 1467//4248
f 1471//4249 1470//4250 1500//4251
f 1480//4252 1500//4253 1498//4254
f 1500//4255 1499//4256 1498//4257
f 1499//4258 1524//4259 1498//4260
f 1499//4261 1517//4262 1531//4263
f 1517//4264 1532//4265 1533//4266
f 1511//4267 1532//4268 1517//4269
f 1486//4270 1499//4271 1483//4272
f 1490//4273 1483//4274 1470//4275
f 1458//4276 1459//4277 1471//4278
f 1459//4279 2329//4280 1471//4281
f 1471//4282 2329//4283 1470//4284
f 1500//4285 1470//4286 1483//4287
f 1490//4288 1486//4289 1483//4290
f 1483//4291 1499//4292 1500//4293
f 1486//4294 1501//4295 1499//4296
f 1501//4297 1517//4298 1499//4299
f 1501//4300 1511//4301 1517//4302
f 1501//4303 1484//4304 1511//4305
f 1484//4306 1510//4307 1511//4308
f 1485//4309 1501//4310 1486//4311
f 1485//4312 1484//4313 1501//4314
f 1488//4315 1489//4316 1487//4317
f 2335//4318 1470//4319 2329//4320
f 1458//4321 1444//4322 1429//4323
f 1458//4324 1429//4325 2311//4326
f 1459//4327 1458//4328 2311//4329
f 1459//4330 2312//4331 2329//4332
f 2312//4333 2314//4334 2329//4335
f 2314//4336 2316//4337 2329//4338
f 2320//4339 2314//4340 2317//4341
f 2293//4342 2317//4343 2312//4344
f 2317//4345 2314//4346 2312//4347
f 2312//4348 1459//4349 2311//4350
f 2311//4351 1429//4352 2256//4353
f 2311//4354 2256//4355 2258//4356
f 2317//4357 2293//4358 2259//4359
f 2259//4360 2298//4361 2317//4362
f 2259//4363 2293//4364 2258//4365
f 2311//4366 2258//4367 2293//4368
f 2293//4369 2312//4370 2311//4371
f 2258//4372 2218//4373 2259//4374
f 2259//4375 2226//4376 2270//4377
f 2270//4378 2298//4379 2259//4380
f 2302//4381 2298//4382 2270//4383
f 2304//4384 2302//4385 2270//4386
f 2282//4387 2302//4388 2304//4389
f 2270//4390 2237//4391 2304//4392
f 2237//4393 2279//4394 2304//4395
f 2279//4396 2282//4397 2304//4398
f 2280//4399 2279//4400 2237//4401
f 2270//4402 2231//4403 2237//4404
f 2231//4405 2270//4406 2226//4407
f 2259//4408 2218//4409 2226//4410
f 2258//4411 2256//4412 2218//4413
f 2218//4414 2256//4415 1404//4416
f 1418//4417 1404//4418 2256//4419
f 1429//4420 1418//4421 2256//4422
f 1444//4423 1418//4424 1429//4425
f 1416//4426 1375//4427 1404//4428
f 2051//4429 1359//4430 1920//4431
f 1359//4432 1375//4433 1396//4434
f 1375//4435 1416//4436 1396//4437
f 1396//4438 1416//4439 1415//4440
f 1416//4441 1427//4442 1415//4443
f 1415//4444 1427//4445 1426//4446
f 1415//4447 1426//4448 1413//4449
f 1413//4450 1426//4451 1424//4452
f 1413//4453 1424//4454 1412//4455
f 1390//4456 1413//4457 1412//4458
f 1390//4459 1412//4460 1388//4461
f 1388//4462 1412//4463 1411//4464
f 1388//4465 1411//4466 1386//4467
f 1370//4468 1386//4469 1369//4470
f 1352//4471 1369//4472 1351//4473
f 1354//4474 1370//4475 1352//4476
f 1352//4477 1370//4478 1369//4479
f 1352//4480 1326//4481 1354//4482
f 1339//4483 1352//4484 1351//4485
f 1324//4486 1313//4487 1297//4488
f 1295//4489 1293//4490 1277//4491
f 1283//4492 1281//4493 1266//4494
f 1297//4495 1283//4496 1324//4497
f 1324//4498 1283//4499 1316//4500
f 1326//4501 1324//4502 1316//4503
f 1370//4504 1388//4505 1386//4506
f 1390//4507 1388//4508 1370//4509
f 1354//4510 1390//4511 1370//4512
f 1301//4513 1318//4514 1326//4515
f 1301//4516 1326//4517 1316//4518
f 1283//4519 1284//4520 1316//4521
f 1285//4522 1301//4523 1284//4524
f 1316//4525 1284//4526 1301//4527
f 1318//4528 1356//4529 1354//4530
f 1356//4531 1390//4532 1354//4533
f 1318//4534 1354//4535 1326//4536
f 1393//4537 1413//4538 1390//4539
f 1356//4540 1393//4541 1390//4542
f 1358//4543 1393//4544 1356//4545
f 1328//4546 1358//4547 1356//4548
f 1328//4549 1356//4550 1318//4551
f 1302//4552 1318//4553 1301//4554
f 1287//4555 1302//4556 1285//4557
f 1285//4558 1302//4559 1301//4560
f 1755//4561 1305//4562 1287//4563
f 1287//4564 1305//4565 1302//4566
f 1305//4567 1318//4568 1302//4569
f 1305//4570 1861//4571 1318//4572
f 1809//4573 1861//4574 1305//4575
f 1809//4576 1305//4577 1755//4578
f 1271//4579 1755//4580 1287//4581
f 1271//4582 1287//4583 1269//4584
f 1269//4585 1285//4586 1267//4587
f 1267//4588 1285//4589 1284//4590
f 1269//4591 1287//4592 1285//4593
f 1269//4594 1270//4595 1271//4596
f 1705//4597 1755//4598 1271//4599
f 1707//4600 1757//4601 1705//4602
f 1705//4603 1757//4604 1755//4605
f 1809//4606 1755//4607 1757//4608
f 1809//4609 1864//4610 1861//4611
f 1864//4612 1920//4613 1861//4614
f 1861//4615 1920//4616 1318//4617
f 1328//4618 1318//4619 1920//4620
f 1920//4621 1359//4622 1328//4623
f 1328//4624 1359//4625 1358//4626
f 1359//4627 1396//4628 1358//4629
f 1358//4630 1396//4631 1393//4632
f 1396//4633 1415//4634 1393//4635
f 1393//4636 1415//4637 1413//4638
f 1812//4639 1864//4640 1809//4641
f 1920//4642 1979//4643 2051//4644
f 1923//4645 1979//4646 1920//4647
f 1864//4648 1923//4649 1920//4650
f 1866//4651 1923//4652 1864//4653
f 1812//4654 1866//4655 1864//4656
f 1760//4657 1812//4658 1757//4659
f 1757//4660 1812//4661 1809//4662
f 1760//4663 1763//4664 1812//4665
f 1925//4666 2062//4667 1982//4668
f 2159//4669 2068//4670 2166//4671
f 2237//4672 2166//4673 2175//4674
f 2073//4675 2166//4676 2068//4677
f 2068//4678 2159//4679 2062//4680
f 1925//4681 1933//4682 2062//4683
f 2057//4684 1982//4685 2062//4686
f 2154//4687 2062//4688 2159//4689
f 2159//4690 2226//4691 2154//4692
f 2154//4693 2226//4694 2218//4695
f 2154//4696 2218//4697 2147//4698
f 2147//4699 2218//4700 1404//4701
f 2147//4702 1404//4703 1375//4704
f 2147//4705 1375//4706 2051//4707
f 1375//4708 1359//4709 2051//4710
f 1428//4711 1416//4712 1418//4713
f 1418//4714 1416//4715 1404//4716
f 1444//4717 1442//4718 1428//4719
f 1444//4720 1428//4721 1418//4722
f 1416//4723 1428//4724 1427//4725
f 1440//4726 1427//4727 1442//4728
f 1979//4729 2147//4730 2051//4731
f 1979//4732 2057//4733 2147//4734
f 1982//4735 2057//4736 1979//4737
f 1923//4738 1982//4739 1979//4740
f 1982//4741 1923//4742 1925//4743
f 1866//4744 1933//4745 1925//4746
f 1817//4747 1763//4748 1766//4749
f 1713//4750 1766//4751 1763//4752
f 1710//4753 1713//4754 1763//4755
f 1710//4756 1760//4757 1707//4758
f 1710//4759 1763//4760 1760//4761
f 1707//4762 1760//4763 1757//4764
f 1617//4765 1707//4766 1609//4767
f 1609//4768 1705//4769 1602//4770
f 1602//4771 1271//4772 1270//4773
f 1710//4774 1707//4775 1617//4776
f 1609//4777 1707//4778 1705//4779
f 1602//4780 1705//4781 1271//4782
f 1602//4783 1604//4784 1609//4785
f 1609//4786 1612//4787 1617//4788
f 1621//4789 1627//4790 1617//4791
f 1633//4792 1628//4793 1632//4794
f 1636//4795 1632//4796 1638//4797
f 1723//4798 1721//4799 1641//4800
f 1646//4801 1723//4802 1641//4803
f 1641//4804 1718//4805 1636//4806
f 1636//4807 1716//4808 1633//4809
f 1633//4810 1716//4811 1628//4812
f 1628//4813 1710//4814 1617//4815
f 1617//4816 1627//4817 1628//4818
f 1812//4819 1763//4820 1817//4821
f 1819//4822 1866//4823 1817//4824
f 1817//4825 1866//4826 1812//4827
f 1766//4828 1819//4829 1817//4830
f 2073//4831 1989//4832 1997//4833
f 1935//4834 1997//4835 1989//4836
f 1933//4837 1935//4838 1989//4839
f 2068//4840 1989//4841 2073//4842
f 2175//4843 2073//4844 2076//4845
f 2076//4846 2081//4847 2184//4848
f 2175//4849 2076//4850 2184//4851
f 2184//4852 2242//4853 2175//4854
f 2242//4855 2280//4856 2175//4857
f 2237//4858 2175//4859 2280//4860
f 2242//4861 2283//4862 2280//4863
f 2184//4864 2247//4865 2242//4866
f 2247//4867 2283//4868 2242//4869
f 2286//4870 2283//4871 2247//4872
f 2098//4873 2081//4874 2001//4875
f 2081//4876 1999//4877 2001//4878
f 2003//4879 2098//4880 2001//4881
f 2098//4882 2247//4883 2081//4884
f 2247//4885 2184//4886 2081//4887
f 2282//4888 2326//4889 2302//4890
f 2320//4891 2317//4892 2298//4893
f 2320//4894 2316//4895 2314//4896
f 2320//4897 2319//4898 2316//4899
f 2319//4900 2332//4901 2316//4902
f 2333//4903 2332//4904 2319//4905
f 2323//4906 2319//4907 2320//4908
f 2320//4909 2302//4910 2326//4911
f 2282//4912 2309//4913 2326//4914
f 2326//4915 2309//4916 2327//4917
f 2283//4918 2279//4919 2280//4920
f 2283//4921 2282//4922 2279//4923
f 2286//4924 2282//4925 2283//4926
f 2282//4927 2286//4928 2309//4929
f 2290//4930 2286//4931 2247//4932
f 2290//4933 2247//4934 2197//4935
f 2098//4936 2197//4937 2247//4938
f 2098//4939 2003//4940 2005//4941
f 2010//4942 2098//4943 2005//4944
f 2010//4945 2197//4946 2098//4947
f 2248//4948 2290//4949 2197//4950
f 2290//4951 2289//4952 2286//4953
f 2286//4954 2289//4955 2309//4956
f 2326//4957 2323//4958 2320//4959
f 2323//4960 2333//4961 2319//4962
f 2316//4963 2332//4964 2329//4965
f 2329//4966 2332//4967 2335//4968
f 2335//4969 1472//4970 1470//4971
f 2330//4972 1472//4973 2335//4974
f 2330//4975 2334//4976 1472//4977
f 2331//4978 2334//4979 2330//4980
f 2334//4981 1489//4982 1472//4983
f 1472//4984 1490//4985 1470//4986
f 1472//4987 1489//4988 1490//4989
f 2334//4990 1487//4991 1489//4992
f 2321//4993 2331//4994 2333//4995
f 2333//4996 2330//4997 2332//4998
f 2335//4999 2332//5000 2330//5001
f 2333//5002 2331//5003 2330//5004
f 2318//5005 2331//5006 2321//5007
f 2322//5008 2318//5009 2321//5010
f 2325//5011 2333//5012 2323//5013
f 2327//5014 2323//5015 2326//5016
f 2327//5017 2325//5018 2323//5019
f 2324//5020 2321//5021 2325//5022
f 2325//5023 2321//5024 2333//5025
f 2324//5026 2322//5027 2321//5028
f 2328//5029 2325//5030 2327//5031
f 2328//5032 2324//5033 2325//5034
f 2305//5035 2324//5036 2328//5037
f 2324//5038 2305//5039 2284//5040
f 2308//5041 2306//5042 2309//5043
f 2306//5044 2327//5045 2309//5046
f 2306//5047 2328//5048 2327//5049
f 2307//5050 2328//5051 2306//5052
f 2307//5053 2305//5054 2328//5055
f 2291//5056 2305//5057 2307//5058
f 2288//5059 2308//5060 2309//5061
f 2310//5062 2308//5063 2288//5064
f 2248//5065 2288//5066 2289//5067
f 2248//5068 2289//5069 2290//5070
f 2248//5071 2254//5072 2288//5073
f 2288//5074 2254//5075 2310//5076
f 2310//5077 2307//5078 2308//5079
f 2308//5080 2307//5081 2306//5082
f 2291//5083 2284//5084 2305//5085
f 2310//5086 2291//5087 2307//5088
f 2251//5089 2287//5090 2291//5091
f 2200//5092 2254//5093 2248//5094
f 2200//5095 2255//5096 2254//5097
f 2255//5098 2251//5099 2254//5100
f 2253//5101 2251//5102 2255//5103
f 2117//5104 2200//5105 2205//5106
f 1947//5107 2010//5108 1944//5109
f 1944//5110 2005//5111 1943//5112
f 1943//5113 2005//5114 2003//5115
f 1944//5116 2010//5117 2005//5118
f 1947//5119 2016//5120 2010//5121
f 1953//5122 2016//5123 1947//5124
f 1887//5125 1947//5126 1885//5127
f 1883//5128 1885//5129 1944//5130
f 1885//5131 1947//5132 1944//5133
f 1887//5134 1953//5135 1947//5136
f 1885//5137 1832//5138 1834//5139
f 1887//5140 1885//5141 1834//5142
f 1779//5143 1726//5144 1727//5145
f 1727//5146 1726//5147 1653//5148
f 1777//5149 1779//5150 1832//5151
f 1885//5152 1883//5153 1832//5154
f 1779//5155 1834//5156 1832//5157
f 1777//5158 1726//5159 1779//5160
f 1883//5161 1944//5162 1943//5163
f 2003//5164 1942//5165 1943//5166
f 1943//5167 1942//5168 1881//5169
f 1883//5170 1943//5171 1881//5172
f 1941//5173 1879//5174 1881//5175
f 1829//5176 1881//5177 1827//5178
f 1827//5179 1774//5180 1829//5181
f 1827//5182 1881//5183 1879//5184
f 1941//5185 1878//5186 1879//5187
f 1827//5188 1879//5189 1825//5190
f 1997//5191 1937//5192 1939//5193
f 1941//5194 1999//5195 1939//5196
f 1941//5197 1939//5198 1878//5199
f 1879//5200 1878//5201 1825//5202
f 1878//5203 1875//5204 1825//5205
f 1875//5206 1935//5207 1872//5208
f 1872//5209 1935//5210 1933//5211
f 1822//5212 1875//5213 1872//5214
f 1822//5215 1872//5216 1819//5217
f 1766//5218 1768//5219 1822//5220
f 1768//5221 1825//5222 1822//5223
f 1825//5224 1875//5225 1822//5226
f 1716//5227 1768//5228 1766//5229
f 1766//5230 1822//5231 1819//5232
f 1819//5233 1872//5234 1866//5235
f 1872//5236 1933//5237 1866//5238
f 1933//5239 2068//5240 2062//5241
f 1989//5242 2068//5243 1933//5244
f 1628//5245 1713//5246 1710//5247
f 1716//5248 1766//5249 1713//5250
f 1718//5251 1768//5252 1716//5253
f 1718//5254 1772//5255 1768//5256
f 1772//5257 1825//5258 1768//5259
f 1772//5260 1827//5261 1825//5262
f 1721//5263 1772//5264 1718//5265
f 1774//5266 1772//5267 1721//5268
f 1723//5269 1774//5270 1721//5271
f 1641//5272 1721//5273 1718//5274
f 1636//5275 1718//5276 1716//5277
f 1628//5278 1716//5279 1713//5280
f 1633//5281 1632//5282 1636//5283
f 1636//5284 1638//5285 1641//5286
f 1640//5287 1641//5288 1638//5289
f 1635//5290 1640//5291 1638//5292
f 1635//5293 1638//5294 1632//5295
f 1627//5296 1635//5297 1632//5298
f 1627//5299 1632//5300 1628//5301
f 1583//5302 1622//5303 1581//5304
f 1581//5305 1621//5306 1616//5307
f 1581//5308 1622//5309 1621//5310
f 1621//5311 1622//5312 1627//5313
f 1622//5314 1585//5315 1627//5316
f 1583//5317 1585//5318 1622//5319
f 1635//5320 1585//5321 1591//5322
f 1649//5323 1645//5324 1591//5325
f 1655//5326 1592//5327 1657//5328
f 1657//5329 1592//5330 1594//5331
f 1657//5332 1594//5333 1661//5334
f 1667//5335 1661//5336 1597//5337
f 1678//5338 1667//5339 1597//5340
f 1678//5341 1688//5342 1699//5343
f 1741//5344 1742//5345 1700//5346
f 1700//5347 1742//5348 1689//5349
f 1742//5350 1735//5351 1689//5352
f 1689//5353 1735//5354 1669//5355
f 1735//5356 1731//5357 1669//5358
f 1669//5359 1731//5360 1658//5361
f 1658//5362 1731//5363 1727//5364
f 1782//5365 1779//5366 1727//5367
f 1731//5368 1782//5369 1727//5370
f 1653//5371 1726//5372 1646//5373
f 1723//5374 1646//5375 1726//5376
f 1829//5377 1774//5378 1777//5379
f 1726//5380 1777//5381 1723//5382
f 1723//5383 1777//5384 1774//5385
f 1774//5386 1827//5387 1772//5388
f 1832//5389 1883//5390 1829//5391
f 1883//5392 1881//5393 1829//5394
f 1777//5395 1832//5396 1829//5397
f 1646//5398 1645//5399 1653//5400
f 1653//5401 1645//5402 1649//5403
f 1658//5404 1727//5405 1653//5406
f 1653//5407 1655//5408 1658//5409
f 1655//5410 1657//5411 1662//5412
f 1669//5413 1668//5414 1689//5415
f 1661//5416 1668//5417 1669//5418
f 1661//5419 1669//5420 1662//5421
f 1658//5422 1662//5423 1669//5424
f 1655//5425 1662//5426 1658//5427
f 1662//5428 1657//5429 1661//5430
f 1668//5431 1661//5432 1667//5433
f 1667//5434 1679//5435 1668//5436
f 1668//5437 1679//5438 1700//5439
f 1741//5440 1700//5441 1699//5442
f 1741//5443 1699//5444 1751//5445
f 1792//5446 1857//5447 1846//5448
f 1846//5449 1857//5450 1913//5451
f 1966//5452 1899//5453 1913//5454
f 1968//5455 1972//5456 2042//5457
f 2046//5458 2139//5459 2042//5460
f 2042//5461 2139//5462 2040//5463
f 2040//5464 2139//5465 2133//5466
f 2139//5467 2132//5468 2133//5469
f 2133//5470 2129//5471 2130//5472
f 2031//5473 2130//5474 2124//5475
f 2130//5476 2128//5477 2124//5478
f 2124//5479 2118//5480 2019//5481
f 2016//5482 2197//5483 2010//5484
f 1953//5485 2019//5486 2016//5487
f 1953//5488 1956//5489 2019//5490
f 1956//5491 2023//5492 2019//5493
f 2124//5494 2019//5495 2023//5496
f 2030//5497 2023//5498 1956//5499
f 1956//5500 1953//5501 1887//5502
f 1956//5503 1887//5504 1895//5505
f 1957//5506 1895//5507 1897//5508
f 1895//5509 1843//5510 1897//5511
f 1834//5512 1843//5513 1895//5514
f 1895//5515 1887//5516 1834//5517
f 1834//5518 1782//5519 1843//5520
f 1843//5521 1846//5522 1897//5523
f 1897//5524 1899//5525 1960//5526
f 1960//5527 2037//5528 1957//5529
f 1957//5530 2037//5531 2030//5532
f 2031//5533 2030//5534 2037//5535
f 1960//5536 1966//5537 2037//5538
f 1966//5539 2040//5540 2037//5541
f 2040//5542 2130//5543 2037//5544
f 2031//5545 2037//5546 2130//5547
f 2133//5548 2130//5549 2040//5550
f 1968//5551 2040//5552 1966//5553
f 1968//5554 1966//5555 1913//5556
f 2042//5557 2040//5558 1968//5559
f 1913//5560 1972//5561 1968//5562
f 2042//5563 1972//5564 2046//5565
f 2046//5566 2138//5567 2139//5568
f 2138//5569 2132//5570 2139//5571
f 2138//5572 2137//5573 2132//5574
f 2132//5575 2211//5576 2127//5577
f 2123//5578 2127//5579 2212//5580
f 2127//5581 2211//5582 2212//5583
f 2212//5584 2204//5585 2208//5586
f 2019//5587 2205//5588 2016//5589
f 2016//5590 2205//5591 2197//5592
f 2019//5593 2118//5594 2205//5595
f 2124//5596 2117//5597 2118//5598
f 2205//5599 2118//5600 2117//5601
f 2124//5602 2123//5603 2117//5604
f 2117//5605 2123//5606 2208//5607
f 2123//5608 2212//5609 2208//5610
f 2127//5611 2123//5612 2128//5613
f 2129//5614 2128//5615 2130//5616
f 2129//5617 2127//5618 2128//5619
f 2124//5620 2030//5621 2031//5622
f 1957//5623 2030//5624 1956//5625
f 1957//5626 1956//5627 1895//5628
f 1960//5629 1957//5630 1897//5631
f 1897//5632 1846//5633 1899//5634
f 1966//5635 1960//5636 1899//5637
f 1846//5638 1913//5639 1899//5640
f 1846//5641 1789//5642 1792//5643
f 1789//5644 1742//5645 1792//5646
f 1789//5647 1735//5648 1742//5649
f 1689//5650 1668//5651 1700//5652
f 1678//5653 1699//5654 1700//5655
f 1678//5656 1700//5657 1679//5658
f 1679//5659 1667//5660 1678//5661
f 1751//5662 1699//5663 1698//5664
f 1698//5665 1750//5666 1751//5667
f 1741//5668 1751//5669 1801//5670
f 1801//5671 1856//5672 1857//5673
f 1913//5674 1912//5675 1972//5676
f 2046//5677 1972//5678 2045//5679
f 2045//5680 2138//5681 2046//5682
f 2144//5683 2137//5684 2138//5685
f 2144//5686 2138//5687 2045//5688
f 1972//5689 1976//5690 2045//5691
f 2049//5692 2144//5693 2045//5694
f 1976//5695 2049//5696 2045//5697
f 2049//5698 2143//5699 2144//5700
f 2144//5701 2143//5702 2137//5703
f 2137//5704 2142//5705 2214//5706
f 2137//5707 2214//5708 2132//5709
f 2133//5710 2132//5711 2129//5712
f 2132//5713 2127//5714 2129//5715
f 2128//5716 2123//5717 2124//5718
f 2211//5719 2207//5720 2212//5721
f 2212//5722 2207//5723 2204//5724
f 2208//5725 2255//5726 2117//5727
f 2117//5728 2255//5729 2200//5730
f 2248//5731 2197//5732 2205//5733
f 2248//5734 2205//5735 2200//5736
f 2208//5737 2204//5738 2255//5739
f 2204//5740 2253//5741 2255//5742
f 2204//5743 2252//5744 2253//5745
f 2252//5746 2250//5747 2253//5748
f 2253//5749 2250//5750 2251//5751
f 2251//5752 2291//5753 2254//5754
f 2310//5755 2254//5756 2291//5757
f 2250//5758 2287//5759 2251//5760
f 2291//5761 2287//5762 2284//5763
f 2322//5764 2284//5765 2303//5766
f 2275//5767 2303//5768 2277//5769
f 2284//5770 2277//5771 2303//5772
f 2281//5773 2277//5774 2284//5775
f 2285//5776 2281//5777 2284//5778
f 2287//5779 2285//5780 2284//5781
f 2281//5782 2245//5783 2241//5784
f 2277//5785 2241//5786 2236//5787
f 2281//5788 2241//5789 2277//5790
f 2285//5791 2245//5792 2281//5793
f 2245//5794 2285//5795 2246//5796
f 2246//5797 2285//5798 2287//5799
f 2246//5800 2287//5801 2250//5802
f 2249//5803 2246//5804 2250//5805
f 2249//5806 2250//5807 2252//5808
f 2204//5809 2203//5810 2252//5811
f 2249//5812 2252//5813 2199//5814
f 2203//5815 2199//5816 2252//5817
f 2202//5818 2199//5819 2203//5820
f 2207//5821 2203//5822 2204//5823
f 2207//5824 2202//5825 2203//5826
f 2210//5827 2202//5828 2207//5829
f 2211//5830 2210//5831 2207//5832
f 2206//5833 2198//5834 2210//5835
f 2210//5836 2198//5837 2202//5838
f 2202//5839 2198//5840 2199//5841
f 2196//5842 2194//5843 2249//5844
f 2196//5845 2249//5846 2199//5847
f 2198//5848 2196//5849 2199//5850
f 2198//5851 2195//5852 2196//5853
f 2246//5854 2194//5855 2193//5856
f 2245//5857 2193//5858 2189//5859
f 2245//5860 2189//5861 2183//5862
f 2241//5863 2183//5864 2174//5865
f 2236//5866 2241//5867 2174//5868
f 2245//5869 2183//5870 2241//5871
f 2194//5872 2246//5873 2249//5874
f 2246//5875 2193//5876 2245//5877
f 2195//5878 2194//5879 2196//5880
f 2195//5881 2097//5882 2194//5883
f 2097//5884 2192//5885 2194//5886
f 2194//5887 2192//5888 2193//5889
f 2193//5890 2192//5891 2189//5892
f 2192//5893 2188//5894 2189//5895
f 2188//5896 2182//5897 2189//5898
f 2189//5899 2182//5900 2183//5901
f 2182//5902 2173//5903 2183//5904
f 2183//5905 2173//5906 2174//5907
f 2174//5908 2172//5909 2236//5910
f 2274//5911 2277//5912 2236//5913
f 2236//5914 2230//5915 2274//5916
f 2230//5917 2268//5918 2274//5919
f 2230//5920 2263//5921 2268//5922
f 2268//5923 2269//5924 2274//5925
f 2274//5926 2275//5927 2277//5928
f 2269//5929 2301//5930 2275//5931
f 2274//5932 2269//5933 2275//5934
f 2301//5935 2269//5936 2299//5937
f 2297//5938 2299//5939 2264//5940
f 2269//5941 2264//5942 2299//5943
f 2268//5944 2264//5945 2269//5946
f 2264//5947 2296//5948 2297//5949
f 2275//5950 2301//5951 2303//5952
f 2322//5953 2303//5954 2300//5955
f 2284//5956 2322//5957 2324//5958
f 2300//5959 2318//5960 2322//5961
f 2318//5962 2315//5963 2331//5964
f 2300//5965 2315//5966 2318//5967
f 2297//5968 2315//5969 2300//5970
f 1468//5971 2331//5972 2315//5973
f 1487//5974 1485//5975 1488//5976
f 1489//5977 1488//5978 1490//5979
f 1488//5980 1486//5981 1490//5982
f 1488//5983 1485//5984 1486//5985
f 1487//5986 1484//5987 1485//5988
f 1468//5989 1484//5990 1487//5991
f 1468//5992 1487//5993 2334//5994
f 1468//5995 2334//5996 2331//5997
f 1511//5998 1516//5999 1532//6000
f 1532//6001 1537//6002 1533//6003
f 1533//6004 1537//6005 1555//6006
f 1532//6007 1516//6008 1537//6009
f 1481//6010 1509//6011 1510//6012
f 2300//6013 2299//6014 2297//6015
f 2300//6016 2303//6017 2301//6018
f 2301//6019 2299//6020 2300//6021
f 2297//6022 2296//6023 2315//6024
f 2296//6025 2313//6026 2315//6027
f 2264//6028 2263//6029 2296//6030
f 2315//6031 2313//6032 1468//6033
f 1468//6034 1466//6035 1484//6036
f 1509//6037 1516//6038 1510//6039
f 1510//6040 1516//6041 1511//6042
f 1484//6043 1481//6044 1510//6045
f 2313//6046 1445//6047 1468//6048
f 1484//6049 1466//6050 1481//6051
f 1509//6052 1508//6053 1516//6054
f 1546//6055 1563//6056 1564//6057
f 1556//6058 1555//6059 1570//6060
f 1555//6061 1564//6062 1570//6063
f 1551//6064 1568//6065 1553//6066
f 1542//6067 1551//6068 1553//6069
f 1542//6070 1553//6071 1521//6072
f 1528//6073 1542//6074 1521//6075
f 1508//6076 1521//6077 1516//6078
f 1445//6079 1466//6080 1468//6081
f 2295//6082 2313//6083 2296//6084
f 2263//6085 2295//6086 2296//6087
f 2262//6088 2295//6089 2263//6090
f 2261//6091 2295//6092 2262//6093
f 2266//6094 2261//6095 2262//6096
f 2272//6097 2266//6098 2267//6099
f 2272//6100 2267//6101 2273//6102
f 2273//6103 2263//6104 2230//6105
f 2171//6106 2273//6107 2230//6108
f 2172//6109 2230//6110 2236//6111
f 2172//6112 2171//6113 2230//6114
f 2174//6115 2173//6116 2172//6117
f 2181//6118 2171//6119 2182//6120
f 2188//6121 2181//6122 2182//6123
f 2182//6124 2171//6125 2173//6126
f 2172//6127 2173//6128 2171//6129
f 2181//6130 2180//6131 2171//6132
f 2186//6133 2180//6134 2187//6135
f 2191//6136 2187//6137 2192//6138
f 2191//6139 2192//6140 2097//6141
f 2097//6142 2201//6143 2106//6144
f 2206//6145 2195//6146 2198//6147
f 2209//6148 2206//6149 2210//6150
f 2214//6151 2211//6152 2132//6153
f 2214//6154 2210//6155 2211//6156
f 2213//6157 2210//6158 2214//6159
f 2142//6160 2213//6161 2214//6162
f 2136//6163 2209//6164 2213//6165
f 2213//6166 2209//6167 2210//6168
f 2122//6169 2206//6170 2209//6171
f 2206//6172 2122//6173 2116//6174
f 2201//6175 2206//6176 2116//6177
f 2121//6178 2116//6179 2122//6180
f 2122//6181 2209//6182 2126//6183
f 2135//6184 2131//6185 2136//6186
f 2044//6187 2136//6188 2141//6189
f 2048//6190 2141//6191 2143//6192
f 2048//6193 2143//6194 2049//6195
f 1976//6196 1975//6197 2049//6198
f 2048//6199 2049//6200 1974//6201
f 1974//6202 2049//6203 1975//6204
f 1975//6205 1976//6206 1916//6207
f 1916//6208 1976//6209 1917//6210
f 1976//6211 1912//6212 1917//6213
f 1916//6214 1917//6215 1858//6216
f 1858//6217 1917//6218 1859//6219
f 1856//6220 1859//6221 1917//6222
f 1856//6223 1807//6224 1859//6225
f 1858//6226 1859//6227 1806//6228
f 1806//6229 1859//6230 1807//6231
f 1856//6232 1801//6233 1807//6234
f 1801//6235 1751//6236 1807//6237
f 1805//6238 1858//6239 1806//6240
f 1807//6241 1750//6242 1806//6243
f 1915//6244 1858//6245 1805//6246
f 1914//6247 1915//6248 1805//6249
f 1800//6250 1914//6251 1805//6252
f 1915//6253 1916//6254 1858//6255
f 1915//6256 1975//6257 1916//6258
f 1974//6259 1975//6260 1915//6261
f 1914//6262 1974//6263 1915//6264
f 1911//6265 1914//6266 1800//6267
f 1911//6268 1800//6269 1799//6270
f 1799//6271 1910//6272 1911//6273
f 1911//6274 1973//6275 1914//6276
f 1973//6277 1974//6278 1914//6279
f 2047//6280 2048//6281 1974//6282
f 1973//6283 2047//6284 1974//6285
f 2047//6286 2141//6287 2048//6288
f 2047//6289 2044//6290 2141//6291
f 2142//6292 2141//6293 2140//6294
f 2140//6295 2215//6296 2142//6297
f 2215//6298 2213//6299 2142//6300
f 2136//6301 2213//6302 2215//6303
f 2215//6304 2140//6305 2136//6306
f 2141//6307 2136//6308 2140//6309
f 2135//6310 2136//6311 2044//6312
f 2047//6313 1973//6314 2044//6315
f 2044//6316 1973//6317 1971//6318
f 1970//6319 2044//6320 1971//6321
f 1971//6322 1973//6323 1911//6324
f 1911//6325 1970//6326 1971//6327
f 2043//6328 2044//6329 1970//6330
f 2043//6331 1970//6332 1969//6333
f 2043//6334 1969//6335 1967//6336
f 2041//6337 2043//6338 1967//6339
f 2038//6340 1967//6341 1965//6342
f 2034//6343 2038//6344 1965//6345
f 1967//6346 1908//6347 1965//6348
f 1908//6349 1906//6350 1965//6351
f 1906//6352 1964//6353 1965//6354
f 1965//6355 1964//6356 2034//6357
f 2034//6358 2035//6359 2038//6360
f 2038//6361 2041//6362 1967//6363
f 2038//6364 2039//6365 2041//6366
f 2134//6367 2043//6368 2041//6369
f 2029//6370 2120//6371 2125//6372
f 2029//6373 2125//6374 2036//6375
f 2036//6376 2125//6377 2131//6378
f 2136//6379 2131//6380 2209//6381
f 2126//6382 2209//6383 2131//6384
f 2131//6385 2125//6386 2126//6387
f 2125//6388 2121//6389 2126//6390
f 2126//6391 2121//6392 2122//6393
f 2120//6394 2121//6395 2125//6396
f 2120//6397 2115//6398 2121//6399
f 2121//6400 2115//6401 2116//6402
f 2201//6403 2097//6404 2195//6405
f 2201//6406 2195//6407 2206//6408
f 2115//6409 2201//6410 2116//6411
f 2115//6412 2111//6413 2201//6414
f 2111//6415 2105//6416 2201//6417
f 2201//6418 2105//6419 2106//6420
f 2105//6421 2096//6422 2106//6423
f 2106//6424 2096//6425 2097//6426
f 2096//6427 2091//6428 2097//6429
f 2097//6430 2091//6431 2191//6432
f 2091//6433 2186//6434 2191//6435
f 2191//6436 2186//6437 2187//6438
f 2192//6439 2187//6440 2188//6441
f 2187//6442 2181//6443 2188//6444
f 2187//6445 2180//6446 2181//6447
f 2180//6448 2240//6449 2171//6450
f 2240//6451 2273//6452 2171//6453
f 2272//6454 2273//6455 2240//6456
f 2240//6457 2244//6458 2272//6459
f 2263//6460 2264//6461 2268//6462
f 2273//6463 2267//6464 2263//6465
f 2267//6466 2262//6467 2263//6468
f 2267//6469 2266//6470 2262//6471
f 2272//6472 2276//6473 2266//6474
f 2276//6475 2265//6476 2266//6477
f 1445//6478 1457//6479 1466//6480
f 2295//6481 1445//6482 2313//6483
f 1457//6484 1481//6485 1466//6486
f 1457//6487 1508//6488 1481//6489
f 1508//6490 1509//6491 1481//6492
f 1520//6493 1528//6494 1521//6495
f 1553//6496 1544//6497 1521//6498
f 1551//6499 1567//6500 1568//6501
f 1551//6502 1541//6503 1567//6504
f 1551//6505 1542//6506 1541//6507
f 1542//6508 1528//6509 1541//6510
f 1455//6511 1508//6512 1457//6513
f 1443//6514 1457//6515 1445//6516
f 2292//6517 1443//6518 1445//6519
f 2294//6520 2292//6521 1445//6522
f 2294//6523 1445//6524 2295//6525
f 2261//6526 2294//6527 2295//6528
f 2265//6529 2294//6530 2261//6531
f 2266//6532 2265//6533 2261//6534
f 2271//6535 2265//6536 2276//6537
f 2235//6538 2271//6539 2276//6540
f 2278//6541 2276//6542 2272//6543
f 2239//6544 2235//6545 2278//6546
f 2243//6547 2278//6548 2244//6549
f 2095//6550 2090//6551 2096//6552
f 2105//6553 2095//6554 2096//6555
f 2096//6556 2090//6557 2091//6558
f 2090//6559 2186//6560 2091//6561
f 2090//6562 2244//6563 2186//6564
f 2180//6565 2186//6566 2244//6567
f 2090//6568 2094//6569 2244//6570
f 2244//6571 2240//6572 2180//6573
f 2272//6574 2244//6575 2278//6576
f 2244//6577 2190//6578 2243//6579
f 2093//6580 2190//6581 2094//6582
f 2244//6583 2094//6584 2190//6585
f 2107//6586 2093//6587 2102//6588
f 2107//6589 2102//6590 2108//6591
f 2119//6592 2114//6593 2120//6594
f 2029//6595 2119//6596 2120//6597
f 2120//6598 2114//6599 2115//6600
f 2114//6601 2111//6602 2115//6603
f 2114//6604 2113//6605 2111//6606
f 2113//6607 2109//6608 2111//6609
f 2111//6610 2109//6611 2105//6612
f 2109//6613 2104//6614 2105//6615
f 2104//6616 2095//6617 2105//6618
f 2103//6619 2095//6620 2104//6621
f 2109//6622 2103//6623 2104//6624
f 2108//6625 2103//6626 2109//6627
f 2113//6628 2108//6629 2109//6630
f 2108//6631 2102//6632 2103//6633
f 2102//6634 2094//6635 2103//6636
f 2103//6637 2094//6638 2095//6639
f 2090//6640 2095//6641 2094//6642
f 2102//6643 2093//6644 2094//6645
f 2101//6646 2093//6647 2107//6648
f 2112//6649 2107//6650 2108//6651
f 2112//6652 2108//6653 2113//6654
f 2022//6655 2113//6656 2119//6657
f 2028//6658 2119//6659 2029//6660
f 2028//6661 2022//6662 2119//6663
f 2119//6664 2113//6665 2114//6666
f 2112//6667 2113//6668 2022//6669
f 2028//6670 2027//6671 2022//6672
f 1964//6673 2027//6674 2034//6675
f 2034//6676 2028//6677 2035//6678
f 2035//6679 2039//6680 2038//6681
f 2039//6682 2036//6683 2131//6684
f 2135//6685 2039//6686 2131//6687
f 2134//6688 2039//6689 2135//6690
f 2044//6691 2134//6692 2135//6693
f 2043//6694 2134//6695 2044//6696
f 2134//6697 2041//6698 2039//6699
f 2035//6700 2036//6701 2039//6702
f 2029//6703 2036//6704 2035//6705
f 2035//6706 2028//6707 2029//6708
f 2034//6709 2027//6710 2028//6711
f 1964//6712 1963//6713 2027//6714
f 1963//6715 2026//6716 2027//6717
f 2026//6718 2022//6719 2027//6720
f 2021//6721 2107//6722 2112//6723
f 2110//6724 2101//6725 2107//6726
f 2021//6727 2110//6728 2107//6729
f 2022//6730 2021//6731 2112//6732
f 2020//6733 2018//6734 2021//6735
f 2026//6736 2021//6737 2022//6738
f 2026//6739 2020//6740 2021//6741
f 2025//6742 2020//6743 2026//6744
f 2033//6745 2026//6746 1963//6747
f 2032//6748 2025//6749 2033//6750
f 2033//6751 2025//6752 2026//6753
f 2024//6754 2025//6755 2032//6756
f 2033//6757 1962//6758 2032//6759
f 1962//6760 1959//6761 2032//6762
f 1961//6763 1959//6764 1962//6765
f 1902//6766 1962//6767 1963//6768
f 1904//6769 1963//6770 1964//6771
f 1904//6772 1964//6773 1906//6774
f 1908//6775 1907//6776 1906//6777
f 1906//6778 1905//6779 1904//6780
f 1903//6781 1963//6782 1904//6783
f 1902//6784 1963//6785 1903//6786
f 2033//6787 1963//6788 1962//6789
f 1962//6790 1901//6791 1961//6792
f 1898//6793 1958//6794 1961//6795
f 1901//6796 1898//6797 1961//6798
f 1900//6799 1898//6800 1901//6801
f 1850//6802 1901//6803 1902//6804
f 1851//6805 1902//6806 1903//6807
f 1853//6808 1903//6809 1905//6810
f 1854//6811 1905//6812 1907//6813
f 1909//6814 1854//6815 1907//6816
f 1908//6817 1909//6818 1907//6819
f 1906//6820 1907//6821 1905//6822
f 1853//6823 1905//6824 1854//6825
f 1909//6826 1855//6827 1854//6828
f 1798//6829 1854//6830 1855//6831
f 1909//6832 1910//6833 1855//6834
f 1910//6835 1799//6836 1855//6837
f 1799//6838 1800//6839 1748//6840
f 1748//6841 1800//6842 1749//6843
f 1806//6844 1749//6845 1805//6846
f 1806//6847 1750//6848 1749//6849
f 1749//6850 1800//6851 1805//6852
f 1698//6853 1749//6854 1750//6855
f 1807//6856 1751//6857 1750//6858
f 1792//6859 1741//6860 1801//6861
f 1801//6862 1857//6863 1792//6864
f 1856//6865 1913//6866 1857//6867
f 1912//6868 1913//6869 1856//6870
f 1917//6871 1912//6872 1856//6873
f 1976//6874 1972//6875 1912//6876
f 1792//6877 1742//6878 1741//6879
f 1697//6880 1749//6881 1698//6882
f 1696//6883 1749//6884 1697//6885
f 1696//6886 1748//6887 1749//6888
f 1740//6889 1799//6890 1748//6891
f 1740//6892 1739//6893 1855//6894
f 1740//6895 1855//6896 1799//6897
f 1798//6898 1855//6899 1739//6900
f 1797//6901 1854//6902 1798//6903
f 1738//6904 1798//6905 1739//6906
f 1738//6907 1747//6908 1798//6909
f 1738//6910 1739//6911 1694//6912
f 1694//6913 1739//6914 1695//6915
f 1739//6916 1740//6917 1695//6918
f 1695//6919 1740//6920 1696//6921
f 1740//6922 1748//6923 1696//6924
f 1687//6925 1696//6926 1697//6927
f 1688//6928 1697//6929 1698//6930
f 1688//6931 1698//6932 1699//6933
f 1687//6934 1697//6935 1688//6936
f 1678//6937 1687//6938 1688//6939
f 1677//6940 1687//6941 1678//6942
f 1677//6943 1686//6944 1687//6945
f 1686//6946 1696//6947 1687//6948
f 1686//6949 1695//6950 1696//6951
f 1676//6952 1686//6953 1677//6954
f 1676//6955 1685//6956 1686//6957
f 1686//6958 1694//6959 1695//6960
f 1685//6961 1694//6962 1686//6963
f 1694//6964 1693//6965 1738//6966
f 1693//6967 1747//6968 1738//6969
f 1747//6970 1797//6971 1798//6972
f 1853//6973 1854//6974 1797//6975
f 1796//6976 1853//6977 1797//6978
f 1796//6979 1797//6980 1747//6981
f 1747//6982 1746//6983 1796//6984
f 1852//6985 1853//6986 1796//6987
f 1852//6988 1796//6989 1851//6990
f 1851//6991 1903//6992 1852//6993
f 1852//6994 1903//6995 1853//6996
f 1904//6997 1905//6998 1903//6999
f 1796//7000 1804//7001 1851//7002
f 1796//7003 1746//7004 1804//7005
f 1754//7006 1804//7007 1746//7008
f 1692//7009 1746//7010 1747//7011
f 1747//7012 1693//7013 1692//7014
f 1685//7015 1692//7016 1693//7017
f 1685//7018 1693//7019 1694//7020
f 1684//7021 1692//7022 1685//7023
f 1676//7024 1684//7025 1685//7026
f 1675//7027 1684//7028 1676//7029
f 1684//7030 1703//7031 1692//7032
f 1692//7033 1703//7034 1746//7035
f 1745//7036 1754//7037 1746//7038
f 1703//7039 1745//7040 1746//7041
f 1745//7042 1753//7043 1754//7044
f 1850//7045 1902//7046 1851//7047
f 1849//7048 1901//7049 1850//7050
f 1849//7051 1900//7052 1901//7053
f 1962//7054 1902//7055 1901//7056
f 1848//7057 1900//7058 1849//7059
f 1849//7060 1794//7061 1848//7062
f 1900//7063 1848//7064 1847//7065
f 1845//7066 1900//7067 1847//7068
f 1791//7069 1847//7070 1793//7071
f 1847//7072 1848//7073 1793//7074
f 1848//7075 1794//7076 1793//7077
f 1845//7078 1791//7079 1790//7080
f 1844//7081 1845//7082 1790//7083
f 1844//7084 1790//7085 1788//7086
f 1841//7087 1844//7088 1788//7089
f 1786//7090 1841//7091 1788//7092
f 1788//7093 1790//7094 1787//7095
f 1790//7096 1736//7097 1787//7098
f 1787//7099 1736//7100 1734//7101
f 1786//7102 1787//7103 1734//7104
f 1734//7105 1736//7106 1681//7107
f 1680//7108 1734//7109 1681//7110
f 1785//7111 1786//7112 1734//7113
f 1733//7114 1785//7115 1734//7116
f 1733//7117 1734//7118 1680//7119
f 1663//7120 1730//7121 1670//7122
f 1730//7123 1732//7124 1670//7125
f 1732//7126 1680//7127 1670//7128
f 1671//7129 1664//7130 1670//7131
f 1680//7132 1671//7133 1670//7134
f 1663//7135 1670//7136 1664//7137
f 1671//7138 1665//7139 1664//7140
f 1659//7141 1664//7142 1665//7143
f 1665//7144 1671//7145 1672//7146
f 1681//7147 1673//7148 1672//7149
f 1672//7150 1680//7151 1681//7152
f 1671//7153 1680//7154 1672//7155
f 1666//7156 1672//7157 1673//7158
f 1673//7159 1681//7160 1690//7161
f 1701//7162 1682//7163 1690//7164
f 1743//7165 1701//7166 1690//7167
f 1690//7168 1737//7169 1743//7170
f 1744//7171 1701//7172 1752//7173
f 1744//7174 1753//7175 1745//7176
f 1745//7177 1702//7178 1744//7179
f 1744//7180 1752//7181 1753//7182
f 1803//7183 1804//7184 1753//7185
f 1753//7186 1804//7187 1754//7188
f 1803//7189 1850//7190 1804//7191
f 1803//7192 1849//7193 1850//7194
f 1851//7195 1804//7196 1850//7197
f 1802//7198 1849//7199 1803//7200
f 1802//7201 1803//7202 1752//7203
f 1752//7204 1803//7205 1753//7206
f 1794//7207 1802//7208 1752//7209
f 1795//7210 1794//7211 1752//7212
f 1795//7213 1752//7214 1743//7215
f 1737//7216 1793//7217 1743//7218
f 1743//7219 1793//7220 1795//7221
f 1793//7222 1794//7223 1795//7224
f 1802//7225 1794//7226 1849//7227
f 1744//7228 1702//7229 1701//7230
f 1743//7231 1752//7232 1701//7233
f 1691//7234 1701//7235 1702//7236
f 1745//7237 1703//7238 1702//7239
f 1683//7240 1703//7241 1684//7242
f 1684//7243 1675//7244 1683//7245
f 1683//7246 1675//7247 1674//7248
f 1674//7249 1682//7250 1683//7251
f 1683//7252 1691//7253 1703//7254
f 1691//7255 1702//7256 1703//7257
f 1682//7258 1701//7259 1691//7260
f 1682//7261 1691//7262 1683//7263
f 1673//7264 1682//7265 1674//7266
f 1674//7267 1595//7268 1673//7269
f 1673//7270 1690//7271 1682//7272
f 1681//7273 1736//7274 1690//7275
f 1736//7276 1737//7277 1690//7278
f 1791//7279 1793//7280 1737//7281
f 1737//7282 1790//7283 1791//7284
f 1847//7285 1791//7286 1845//7287
f 1896//7288 1845//7289 1842//7290
f 1894//7291 1896//7292 1842//7293
f 1845//7294 1896//7295 1898//7296
f 1845//7297 1898//7298 1900//7299
f 1958//7300 1959//7301 1961//7302
f 2032//7303 1959//7304 2024//7305
f 2017//7306 2018//7307 2024//7308
f 2024//7309 2018//7310 2025//7311
f 2025//7312 2018//7313 2020//7314
f 2021//7315 2018//7316 2110//7317
f 2015//7318 2009//7319 2110//7320
f 2018//7321 2015//7322 2110//7323
f 2009//7324 2100//7325 2110//7326
f 2110//7327 2100//7328 2101//7329
f 2100//7330 2086//7331 2101//7332
f 2101//7333 2086//7334 2093//7335
f 2086//7336 2190//7337 2093//7338
f 2086//7339 2080//7340 2190//7341
f 2086//7342 2079//7343 2080//7344
f 2080//7345 2179//7346 2238//7347
f 2238//7348 2239//7349 2080//7350
f 2080//7351 2243//7352 2190//7353
f 2278//7354 2243//7355 2239//7356
f 2080//7357 2239//7358 2243//7359
f 2238//7360 2234//7361 2239//7362
f 2239//7363 2234//7364 2235//7365
f 2234//7366 2271//7367 2235//7368
f 2234//7369 2232//7370 2271//7371
f 2265//7372 2271//7373 2229//7374
f 2232//7375 2229//7376 2271//7377
f 2233//7378 2228//7379 2229//7380
f 2228//7381 2225//7382 2260//7383
f 2229//7384 2260//7385 2265//7386
f 2235//7387 2276//7388 2278//7389
f 1443//7390 1455//7391 1457//7392
f 1443//7393 1441//7394 1455//7395
f 1438//7396 1455//7397 1441//7398
f 1441//7399 1425//7400 1438//7401
f 1425//7402 1437//7403 1438//7404
f 1437//7405 1463//7406 1438//7407
f 1508//7408 1455//7409 1477//7410
f 1506//7411 1508//7412 1477//7413
f 1520//7414 1508//7415 1506//7416
f 1520//7417 1521//7418 1508//7419
f 1506//7420 1513//7421 1520//7422
f 1438//7423 1463//7424 1477//7425
f 1455//7426 1438//7427 1477//7428
f 1463//7429 1462//7430 1477//7431
f 1493//7432 1495//7433 1462//7434
f 1462//7435 1495//7436 1506//7437
f 1462//7438 1506//7439 1477//7440
f 1503//7441 1492//7442 1473//7443
f 1460//7444 849//7445 1473//7446
f 1495//7447 1513//7448 1506//7449
f 1525//7450 1493//7451 1504//7452
f 1502//7453 870//7454 883//7455
f 894//7456 1502//7457 883//7458
f 910//7459 902//7460 891//7461
f 935//7462 910//7463 891//7464
f 935//7465 891//7466 916//7467
f 924//7468 923//7469 943//7470
f 958//7471 943//7472 923//7473
f 944//7474 925//7475 924//7476
f 944//7477 924//7478 943//7479
f 969//7480 958//7481 986//7482
f 1020//7483 969//7484 986//7485
f 988//7486 969//7487 1001//7488
f 988//7489 961//7490 969//7491
f 961//7492 934//7493 944//7494
f 944//7495 943//7496 961//7497
f 961//7498 943//7499 969//7500
f 934//7501 925//7502 944//7503
f 969//7504 943//7505 958//7506
f 916//7507 925//7508 934//7509
f 925//7510 901//7511 908//7512
f 925//7513 908//7514 924//7515
f 906//7516 922//7517 923//7518
f 906//7519 879//7520 370//7521
f 370//7522 879//7523 355//7524
f 879//7525 860//7526 355//7527
f 338//7528 330//7529 318//7530
f 338//7531 318//7532 337//7533
f 361//7534 337//7535 359//7536
f 359//7537 337//7538 345//7539
f 345//7540 337//7541 326//7542
f 337//7543 318//7544 326//7545
f 345//7546 326//7547 336//7548
f 325//7549 326//7550 305//7551
f 342//7552 343//7553 323//7554
f 384//7555 349//7556 341//7557
f 384//7558 341//7559 383//7560
f 373//7561 312//7562 356//7563
f 310//7564 347//7565 356//7566
f 371//7567 347//7568 372//7569
f 398//7570 382//7571 363//7572
f 380//7573 398//7574 363//7575
f 380//7576 363//7577 364//7578
f 382//7579 372//7580 340//7581
f 382//7582 340//7583 331//7584
f 331//7585 309//7586 339//7587
f 332//7588 309//7589 298//7590
f 300//7591 299//7592 287//7593
f 288//7594 300//7595 287//7596
f 292//7597 302//7598 288//7599
f 233//7600 190//7601 214//7602
f 216//7603 214//7604 192//7605
f 214//7606 190//7607 192//7608
f 233//7609 211//7610 190//7611
f 190//7612 211//7613 189//7614
f 189//7615 160//7616 161//7617
f 190//7618 189//7619 161//7620
f 101//7621 97//7622 28//7623
f 96//7624 28//7625 97//7626
f 96//7627 97//7628 95//7629
f 95//7630 135//7631 134//7632
f 134//7633 157//7634 130//7635
f 134//7636 130//7637 91//7638
f 95//7639 134//7640 91//7641
f 157//7642 156//7643 130//7644
f 156//7645 129//7646 130//7647
f 156//7648 155//7649 129//7650
f 230//7651 208//7652 246//7653
f 250//7654 230//7655 246//7656
f 301//7657 276//7658 291//7659
f 301//7660 291//7661 310//7662
f 310//7663 333//7664 347//7665
f 371//7666 356//7667 347//7668
f 340//7669 372//7670 347//7671
f 333//7672 340//7673 347//7674
f 340//7675 320//7676 331//7677
f 309//7678 331//7679 308//7680
f 292//7681 251//7682 233//7683
f 211//7684 210//7685 189//7686
f 210//7687 187//7688 189//7689
f 160//7690 189//7691 187//7692
f 187//7693 209//7694 186//7695
f 209//7696 206//7697 186//7698
f 186//7699 206//7700 183//7701
f 157//7702 186//7703 183//7704
f 205//7705 182//7706 183//7707
f 182//7708 204//7709 185//7710
f 204//7711 227//7712 185//7713
f 228//7714 204//7715 182//7716
f 205//7717 228//7718 182//7719
f 229//7720 205//7721 183//7722
f 206//7723 229//7724 183//7725
f 249//7726 248//7727 206//7728
f 249//7729 206//7730 209//7731
f 210//7732 209//7733 187//7734
f 210//7735 249//7736 209//7737
f 292//7738 288//7739 251//7740
f 233//7741 251//7742 211//7743
f 251//7744 249//7745 210//7746
f 249//7747 251//7748 288//7749
f 288//7750 264//7751 249//7752
f 249//7753 264//7754 248//7755
f 248//7756 229//7757 206//7758
f 229//7759 247//7760 205//7761
f 247//7762 228//7763 205//7764
f 228//7765 227//7766 204//7767
f 185//7768 227//7769 208//7770
f 227//7771 246//7772 208//7773
f 301//7774 310//7775 312//7776
f 373//7777 314//7778 312//7779
f 356//7780 312//7781 310//7782
f 320//7783 333//7784 311//7785
f 340//7786 333//7787 320//7788
f 333//7789 310//7790 311//7791
f 320//7792 308//7793 331//7794
f 298//7795 309//7796 290//7797
f 299//7798 298//7799 286//7800
f 287//7801 299//7802 284//7803
f 284//7804 263//7805 287//7806
f 287//7807 263//7808 264//7809
f 288//7810 287//7811 264//7812
f 264//7813 263//7814 248//7815
f 248//7816 263//7817 229//7818
f 229//7819 263//7820 247//7821
f 311//7822 289//7823 320//7824
f 309//7825 308//7826 290//7827
f 298//7828 290//7829 286//7830
f 299//7831 286//7832 284//7833
f 284//7834 286//7835 247//7836
f 284//7837 247//7838 263//7839
f 286//7840 262//7841 247//7842
f 281//7843 289//7844 227//7845
f 281//7846 227//7847 262//7848
f 286//7849 281//7850 262//7851
f 311//7852 310//7853 291//7854
f 311//7855 291//7856 289//7857
f 289//7858 291//7859 250//7860
f 286//7861 290//7862 281//7863
f 290//7864 289//7865 281//7866
f 290//7867 308//7868 289//7869
f 308//7870 320//7871 289//7872
f 289//7873 246//7874 227//7875
f 262//7876 228//7877 247//7878
f 227//7879 228//7880 262//7881
f 289//7882 250//7883 246//7884
f 291//7885 276//7886 250//7887
f 230//7888 250//7889 207//7890
f 208//7891 230//7892 184//7893
f 208//7894 184//7895 185//7896
f 182//7897 157//7898 183//7899
f 186//7900 157//7901 158//7902
f 134//7903 158//7904 157//7905
f 182//7906 156//7907 157//7908
f 182//7909 155//7910 156//7911
f 155//7912 182//7913 185//7914
f 185//7915 154//7916 155//7917
f 129//7918 155//7919 133//7920
f 133//7921 155//7922 154//7923
f 133//7924 132//7925 129//7926
f 129//7927 90//7928 130//7929
f 130//7930 90//7931 91//7932
f 129//7933 132//7934 90//7935
f 96//7936 90//7937 23//7938
f 91//7939 96//7940 95//7941
f 91//7942 90//7943 96//7944
f 90//7945 94//7946 23//7947
f 35//7948 34//7949 39//7950
f 39//7951 4//7952 40//7953
f 41//7954 40//7955 45//7956
f 45//7957 49//7958 50//7959
f 50//7960 56//7961 51//7962
f 56//7963 113//7964 51//7965
f 50//7966 49//7967 8//7968
f 56//7969 60//7970 113//7971
f 59//7972 56//7973 8//7974
f 59//7975 12//7976 60//7977
f 63//7978 116//7979 113//7980
f 113//7981 60//7982 63//7983
f 63//7984 68//7985 116//7986
f 116//7987 68//7988 120//7989
f 149//7990 147//7991 122//7992
f 151//7993 122//7994 124//7995
f 152//7996 124//7997 125//7998
f 152//7999 125//8000 153//8001
f 122//8002 147//8003 120//8004
f 149//8005 122//8006 151//8007
f 127//8008 153//8009 125//8010
f 83//8011 127//8012 80//8013
f 83//8014 82//8015 88//8016
f 726//8017 88//8018 705//8019
f 726//8020 743//8021 128//8022
f 726//8023 705//8024 728//8025
f 745//8026 726//8027 728//8028
f 726//8029 745//8030 743//8031
f 786//8032 763//8033 766//8034
f 778//8035 766//8036 768//8037
f 1321//8038 1309//8039 1333//8040
f 1333//8041 1346//8042 1343//8043
f 1343//8044 1364//8045 1362//8046
f 1362//8047 1380//8048 1378//8049
f 1378//8050 1405//8051 823//8052
f 1335//8053 1309//8054 1310//8055
f 1321//8056 1333//8057 1343//8058
f 1277//8059 1293//8060 1291//8061
f 1277//8062 1280//8063 1295//8064
f 1297//8065 1295//8066 1281//8067
f 1277//8068 1274//8069 1280//8070
f 1280//8071 1274//8072 1242//8073
f 1280//8074 1246//8075 1281//8076
f 1281//8077 1246//8078 1266//8079
f 1269//8080 1267//8081 1270//8082
f 1253//8083 1267//8084 1266//8085
f 1246//8086 1251//8087 1266//8088
f 1266//8089 1267//8090 1283//8091
f 1267//8092 1284//8093 1283//8094
f 1270//8095 1254//8096 1598//8097
f 1602//8098 1598//8099 1604//8100
f 1609//8101 1604//8102 1612//8103
f 1617//8104 1612//8105 1621//8106
f 1612//8107 1616//8108 1621//8109
f 1601//8110 1256//8111 1220//8112
f 1256//8113 1601//8114 1598//8115
f 1270//8116 1598//8117 1602//8118
f 1601//8119 1604//8120 1598//8121
f 1256//8122 1598//8123 1254//8124
f 1253//8125 1270//8126 1267//8127
f 1253//8128 1254//8129 1270//8130
f 1251//8131 1254//8132 1253//8133
f 1251//8134 1253//8135 1266//8136
f 1326//8137 1339//8138 1324//8139
f 1297//8140 1281//8141 1283//8142
f 1242//8143 1246//8144 1280//8145
f 1280//8146 1281//8147 1295//8148
f 1245//8149 1250//8150 1251//8151
f 1245//8152 1251//8153 1246//8154
f 1242//8155 1245//8156 1246//8157
f 1241//8158 1245//8159 1242//8160
f 1241//8161 1274//8162 1260//8163
f 1274//8164 1241//8165 1242//8166
f 1274//8167 1277//8168 1291//8169
f 756//8170 1272//8171 1307//8172
f 780//8173 789//8174 769//8175
f 769//8176 768//8177 756//8178
f 766//8179 763//8180 751//8181
f 762//8182 785//8183 760//8184
f 786//8185 795//8186 785//8187
f 762//8188 786//8189 785//8190
f 783//8191 760//8192 785//8193
f 762//8194 760//8195 745//8196
f 745//8197 760//8198 743//8199
f 772//8200 743//8201 783//8202
f 730//8203 762//8204 745//8205
f 728//8206 730//8207 745//8208
f 756//8209 1307//8210 769//8211
f 1307//8212 1272//8213 1291//8214
f 1291//8215 1272//8216 1274//8217
f 722//8218 1274//8219 1272//8220
f 768//8221 739//8222 756//8223
f 762//8224 763//8225 786//8226
f 786//8227 766//8228 778//8229
f 769//8230 789//8231 778//8232
f 768//8233 769//8234 778//8235
f 755//8236 739//8237 768//8238
f 755//8239 768//8240 766//8241
f 755//8242 766//8243 751//8244
f 748//8245 751//8246 763//8247
f 748//8248 763//8249 762//8250
f 762//8251 730//8252 748//8253
f 733//8254 748//8255 730//8256
f 728//8257 733//8258 730//8259
f 756//8260 739//8261 1272//8262
f 722//8263 739//8264 755//8265
f 736//8266 755//8267 751//8268
f 748//8269 736//8270 751//8271
f 733//8272 736//8273 748//8274
f 711//8275 733//8276 728//8277
f 672//8278 711//8279 728//8280
f 705//8281 668//8282 728//8283
f 728//8284 668//8285 672//8286
f 84//8287 705//8288 88//8289
f 84//8290 88//8291 82//8292
f 705//8293 84//8294 87//8295
f 22//8296 87//8297 20//8298
f 84//8299 20//8300 87//8301
f 84//8302 19//8303 20//8304
f 87//8305 22//8306 668//8307
f 668//8308 22//8309 670//8310
f 22//8311 654//8312 670//8313
f 670//8314 654//8315 675//8316
f 739//8317 722//8318 1272//8319
f 718//8320 721//8321 722//8322
f 718//8323 722//8324 755//8325
f 718//8326 755//8327 736//8328
f 733//8329 714//8330 736//8331
f 714//8332 718//8333 736//8334
f 711//8335 714//8336 733//8337
f 721//8338 1223//8339 722//8340
f 722//8341 1260//8342 1274//8343
f 1223//8344 1227//8345 1260//8346
f 722//8347 1223//8348 1260//8349
f 721//8350 718//8351 691//8352
f 721//8353 702//8354 1223//8355
f 698//8356 721//8357 691//8358
f 714//8359 691//8360 718//8361
f 675//8362 714//8363 711//8364
f 675//8365 711//8366 672//8367
f 670//8368 672//8369 668//8370
f 670//8371 675//8372 672//8373
f 683//8374 714//8375 675//8376
f 655//8377 683//8378 675//8379
f 683//8380 691//8381 714//8382
f 698//8383 702//8384 721//8385
f 702//8386 1227//8387 1223//8388
f 702//8389 1233//8390 1227//8391
f 1227//8392 1241//8393 1260//8394
f 1241//8395 1244//8396 1245//8397
f 1251//8398 1256//8399 1254//8400
f 1220//8401 1256//8402 1250//8403
f 1250//8404 1256//8405 1251//8406
f 1601//8407 1220//8408 1577//8409
f 1608//8410 1577//8411 1579//8412
f 1591//8413 1640//8414 1635//8415
f 1641//8416 1640//8417 1645//8418
f 1641//8419 1645//8420 1646//8421
f 1591//8422 1645//8423 1640//8424
f 1583//8425 1591//8426 1585//8427
f 1627//8428 1585//8429 1635//8430
f 1579//8431 1583//8432 1581//8433
f 1579//8434 1581//8435 1616//8436
f 1608//8437 1616//8438 1612//8439
f 1608//8440 1612//8441 1604//8442
f 1601//8443 1608//8444 1604//8445
f 1601//8446 1577//8447 1608//8448
f 1579//8449 1616//8450 1608//8451
f 1216//8452 1579//8453 1577//8454
f 1220//8455 1216//8456 1577//8457
f 1216//8458 1220//8459 1250//8460
f 1250//8461 1245//8462 1216//8463
f 1245//8464 1244//8465 1216//8466
f 1241//8467 1215//8468 1244//8469
f 683//8470 698//8471 691//8472
f 655//8473 657//8474 683//8475
f 654//8476 655//8477 675//8478
f 20//8479 654//8480 22//8481
f 705//8482 87//8483 668//8484
f 18//8485 20//8486 19//8487
f 63//8488 67//8489 68//8490
f 73//8491 122//8492 120//8493
f 73//8494 120//8495 68//8496
f 77//8497 122//8498 73//8499
f 77//8500 124//8501 122//8502
f 80//8503 124//8504 77//8505
f 79//8506 80//8507 77//8508
f 75//8509 79//8510 77//8511
f 75//8512 77//8513 73//8514
f 67//8515 75//8516 73//8517
f 67//8518 73//8519 68//8520
f 67//8521 13//8522 75//8523
f 16//8524 79//8525 75//8526
f 81//8527 83//8528 79//8529
f 75//8530 13//8531 16//8532
f 10//8533 16//8534 13//8535
f 67//8536 12//8537 13//8538
f 10//8539 13//8540 12//8541
f 10//8542 12//8543 59//8544
f 60//8545 12//8546 67//8547
f 59//8548 8//8549 10//8550
f 8//8551 49//8552 6//8553
f 6//8554 45//8555 4//8556
f 45//8557 40//8558 4//8559
f 6//8560 49//8561 45//8562
f 45//8563 50//8564 46//8565
f 111//8566 109//8567 51//8568
f 111//8569 142//8570 109//8571
f 142//8572 141//8573 109//8574
f 46//8575 109//8576 107//8577
f 46//8578 107//8579 41//8580
f 36//8581 40//8582 41//8583
f 35//8584 39//8585 40//8586
f 35//8587 40//8588 36//8589
f 35//8590 36//8591 100//8592
f 100//8593 101//8594 28//8595
f 28//8596 35//8597 100//8598
f 28//8599 34//8600 35//8601
f 39//8602 34//8603 2//8604
f 3//8605 39//8606 2//8607
f 39//8608 3//8609 4//8610
f 6//8611 3//8612 8//8613
f 6//8614 4//8615 3//8616
f 18//8617 16//8618 10//8619
f 8//8620 18//8621 10//8622
f 96//8623 34//8624 28//8625
f 27//8626 34//8627 96//8628
f 23//8629 27//8630 96//8631
f 33//8632 2//8633 34//8634
f 27//8635 33//8636 34//8637
f 26//8638 32//8639 33//8640
f 26//8641 33//8642 27//8643
f 26//8644 27//8645 23//8646
f 26//8647 23//8648 94//8649
f 1//8650 33//8651 32//8652
f 25//8653 31//8654 32//8655
f 25//8656 32//8657 26//8658
f 132//8659 94//8660 90//8661
f 93//8662 94//8663 132//8664
f 25//8665 94//8666 93//8667
f 131//8668 133//8669 154//8670
f 231//8671 250//8672 276//8673
f 314//8674 255//8675 277//8676
f 277//8677 255//8678 254//8679
f 271//8680 277//8681 253//8682
f 271//8683 253//8684 252//8685
f 276//8686 301//8687 271//8688
f 271//8689 301//8690 312//8691
f 277//8692 312//8693 314//8694
f 312//8695 277//8696 271//8697
f 253//8698 254//8699 234//8700
f 234//8701 254//8702 237//8703
f 237//8704 218//8705 215//8706
f 215//8707 234//8708 237//8709
f 167//8710 215//8711 218//8712
f 167//8713 193//8714 215//8715
f 191//8716 188//8717 212//8718
f 213//8719 212//8720 232//8721
f 234//8722 232//8723 252//8724
f 234//8725 252//8726 253//8727
f 140//8728 164//8729 193//8730
f 213//8731 193//8732 191//8733
f 213//8734 191//8735 212//8736
f 213//8737 232//8738 234//8739
f 215//8740 213//8741 234//8742
f 215//8743 193//8744 213//8745
f 212//8746 231//8747 232//8748
f 232//8749 231//8750 252//8751
f 231//8752 276//8753 252//8754
f 252//8755 276//8756 271//8757
f 207//8758 250//8759 231//8760
f 184//8761 230//8762 207//8763
f 154//8764 185//8765 184//8766
f 159//8767 154//8768 184//8769
f 184//8770 207//8771 188//8772
f 188//8773 207//8774 231//8775
f 188//8776 231//8777 212//8778
f 159//8779 184//8780 188//8781
f 131//8782 154//8783 159//8784
f 136//8785 131//8786 159//8787
f 136//8788 159//8789 188//8790
f 162//8791 188//8792 191//8793
f 164//8794 162//8795 191//8796
f 191//8797 193//8798 164//8799
f 188//8800 162//8801 136//8802
f 167//8803 108//8804 140//8805
f 167//8806 140//8807 193//8808
f 257//8809 239//8810 255//8811
f 237//8812 255//8813 239//8814
f 239//8815 221//8816 218//8817
f 221//8818 171//8819 218//8820
f 218//8821 171//8822 167//8823
f 259//8824 241//8825 257//8826
f 257//8827 241//8828 239//8829
f 241//8830 221//8831 239//8832
f 221//8833 173//8834 171//8835
f 117//8836 173//8837 146//8838
f 117//8839 146//8840 119//8841
f 70//8842 119//8843 121//8844
f 121//8845 150//8846 123//8847
f 123//8848 150//8849 126//8850
f 177//8851 150//8852 148//8853
f 175//8854 177//8855 148//8856
f 119//8857 174//8858 148//8859
f 200//8860 177//8861 175//8862
f 199//8863 200//8864 175//8865
f 199//8866 175//8867 174//8868
f 174//8869 175//8870 148//8871
f 199//8872 174//8873 173//8874
f 223//8875 199//8876 173//8877
f 173//8878 174//8879 146//8880
f 174//8881 119//8882 146//8883
f 148//8884 121//8885 119//8886
f 121//8887 74//8888 71//8889
f 70//8890 121//8891 71//8892
f 71//8893 69//8894 70//8895
f 72//8896 14//8897 69//8898
f 71//8899 72//8900 69//8901
f 66//8902 11//8903 65//8904
f 64//8905 66//8906 65//8907
f 61//8908 65//8909 62//8910
f 62//8911 9//8912 58//8913
f 58//8914 9//8915 55//8916
f 55//8917 7//8918 53//8919
f 52//8920 55//8921 53//8922
f 47//8923 53//8924 48//8925
f 48//8926 7//8927 5//8928
f 38//8929 1//8930 31//8931
f 24//8932 31//8933 25//8934
f 26//8935 94//8936 25//8937
f 25//8938 93//8939 24//8940
f 24//8941 30//8942 31//8943
f 30//8944 38//8945 31//8946
f 1//8947 32//8948 31//8949
f 18//8950 8//8951 3//8952
f 2//8953 1//8954 3//8955
f 1//8956 18//8957 3//8958
f 2//8959 33//8960 1//8961
f 5//8962 18//8963 1//8964
f 38//8965 5//8966 1//8967
f 18//8968 654//8969 20//8970
f 5//8971 7//8972 18//8973
f 38//8974 44//8975 5//8976
f 92//8977 24//8978 93//8979
f 99//8980 24//8981 92//8982
f 131//8983 92//8984 132//8985
f 93//8986 132//8987 92//8988
f 98//8989 92//8990 131//8991
f 132//8992 133//8993 131//8994
f 98//8995 131//8996 136//8997
f 98//8998 99//8999 92//9000
f 98//9001 103//9002 99//9003
f 99//9004 30//9005 24//9006
f 29//9007 38//9008 30//9009
f 30//9010 99//9011 29//9012
f 37//9013 44//9014 38//9015
f 37//9016 38//9017 29//9018
f 37//9019 29//9020 103//9021
f 102//9022 98//9023 136//9024
f 162//9025 102//9026 136//9027
f 102//9028 103//9029 98//9030
f 102//9031 106//9032 103//9033
f 29//9034 99//9035 103//9036
f 43//9037 48//9038 44//9039
f 44//9040 48//9041 5//9042
f 9//9043 18//9044 7//9045
f 9//9046 7//9047 55//9048
f 48//9049 53//9050 7//9051
f 52//9052 53//9053 47//9054
f 52//9055 47//9056 110//9057
f 110//9058 42//9059 108//9060
f 110//9061 108//9062 143//9063
f 171//9064 173//9065 117//9066
f 112//9067 171//9068 117//9069
f 117//9070 118//9071 112//9072
f 112//9073 118//9074 115//9075
f 115//9076 54//9077 112//9078
f 118//9079 64//9080 115//9081
f 171//9082 112//9083 143//9084
f 143//9085 112//9086 110//9087
f 54//9088 52//9089 110//9090
f 52//9091 58//9092 55//9093
f 9//9094 14//9095 18//9096
f 11//9097 14//9098 9//9099
f 14//9100 15//9101 18//9102
f 62//9103 11//9104 9//9105
f 65//9106 11//9107 62//9108
f 66//9109 14//9110 11//9111
f 15//9112 17//9113 18//9114
f 72//9115 15//9116 14//9117
f 69//9118 14//9119 66//9120
f 17//9121 654//9122 18//9123
f 17//9124 21//9125 654//9126
f 1216//9127 1244//9128 1215//9129
f 1233//9130 1215//9131 1241//9132
f 1233//9133 1241//9134 1227//9135
f 657//9136 698//9137 683//9138
f 702//9139 1229//9140 1233//9141
f 1589//9142 1579//9143 1216//9144
f 1219//9145 1215//9146 1233//9147
f 702//9148 664//9149 1229//9150
f 698//9151 664//9152 702//9153
f 664//9154 698//9155 657//9156
f 653//9157 654//9158 21//9159
f 21//9160 665//9161 653//9162
f 1592//9163 1655//9164 1649//9165
f 1649//9166 1655//9167 1653//9168
f 1594//9169 1592//9170 1591//9171
f 1649//9172 1591//9173 1592//9174
f 1589//9175 1583//9176 1579//9177
f 1229//9178 1219//9179 1233//9180
f 1205//9181 664//9182 657//9183
f 654//9184 673//9185 655//9186
f 673//9187 654//9188 653//9189
f 89//9190 667//9191 665//9192
f 85//9193 665//9194 17//9195
f 17//9196 665//9197 21//9198
f 667//9199 653//9200 665//9201
f 1215//9202 1219//9203 1216//9204
f 1583//9205 1589//9206 1591//9207
f 1589//9208 1594//9209 1591//9210
f 655//9211 678//9212 657//9213
f 673//9214 678//9215 655//9216
f 671//9217 673//9218 653//9219
f 667//9220 671//9221 653//9222
f 662//9223 657//9224 659//9225
f 1205//9226 1229//9227 664//9228
f 1661//9229 1594//9230 1597//9231
f 662//9232 1205//9233 657//9234
f 671//9235 678//9236 673//9237
f 1596//9238 1675//9239 1676//9240
f 1597//9241 1676//9242 1677//9243
f 1597//9244 1677//9245 1678//9246
f 656//9247 659//9248 657//9249
f 656//9250 657//9251 678//9252
f 680//9253 656//9254 678//9255
f 658//9256 659//9257 656//9258
f 682//9259 658//9260 656//9261
f 682//9262 656//9263 680//9264
f 663//9265 1205//9266 662//9267
f 660//9268 662//9269 659//9270
f 688//9271 660//9272 659//9273
f 688//9274 659//9275 658//9276
f 688//9277 658//9278 685//9279
f 687//9280 688//9281 685//9282
f 687//9283 685//9284 686//9285
f 716//9286 689//9287 686//9288
f 710//9289 713//9290 684//9291
f 715//9292 686//9293 684//9294
f 684//9295 713//9296 715//9297
f 713//9298 732//9299 715//9300
f 715//9301 734//9302 716//9303
f 750//9304 735//9305 734//9306
f 750//9307 734//9308 749//9309
f 775//9310 750//9311 749//9312
f 793//9313 775//9314 774//9315
f 804//9316 793//9317 784//9318
f 784//9319 793//9320 774//9321
f 860//9322 858//9323 850//9324
f 860//9325 850//9326 330//9327
f 318//9328 330//9329 850//9330
f 850//9331 285//9332 318//9333
f 325//9334 305//9335 316//9336
f 323//9337 325//9338 316//9339
f 323//9340 316//9341 304//9342
f 323//9343 304//9344 342//9345
f 349//9346 342//9347 322//9348
f 383//9349 341//9350 334//9351
f 383//9352 314//9353 373//9354
f 383//9355 334//9356 314//9357
f 334//9358 295//9359 314//9360
f 295//9361 255//9362 314//9363
f 322//9364 280//9365 295//9366
f 237//9367 254//9368 255//9369
f 237//9370 239//9371 218//9372
f 167//9373 171//9374 143//9375
f 167//9376 143//9377 108//9378
f 108//9379 42//9380 105//9381
f 43//9382 37//9383 106//9384
f 103//9385 106//9386 37//9387
f 43//9388 44//9389 37//9390
f 42//9391 48//9392 43//9393
f 43//9394 106//9395 42//9396
f 42//9397 47//9398 48//9399
f 47//9400 42//9401 110//9402
f 54//9403 58//9404 52//9405
f 57//9406 62//9407 58//9408
f 54//9409 57//9410 58//9411
f 61//9412 62//9413 57//9414
f 61//9415 57//9416 115//9417
f 57//9418 54//9419 115//9420
f 112//9421 54//9422 110//9423
f 64//9424 65//9425 61//9426
f 115//9427 64//9428 61//9429
f 64//9430 69//9431 66//9432
f 117//9433 119//9434 70//9435
f 117//9436 70//9437 64//9438
f 118//9439 117//9440 64//9441
f 64//9442 70//9443 69//9444
f 105//9445 42//9446 106//9447
f 105//9448 106//9449 102//9450
f 105//9451 102//9452 164//9453
f 164//9454 140//9455 105//9456
f 108//9457 105//9458 140//9459
f 162//9460 164//9461 102//9462
f 257//9463 295//9464 280//9465
f 280//9466 273//9467 257//9468
f 273//9469 266//9470 259//9471
f 273//9472 259//9473 257//9474
f 259//9475 223//9476 241//9477
f 221//9478 241//9479 223//9480
f 221//9481 223//9482 173//9483
f 223//9484 224//9485 199//9486
f 224//9487 200//9488 199//9489
f 243//9490 226//9491 224//9492
f 226//9493 200//9494 224//9495
f 260//9496 226//9497 243//9498
f 243//9499 266//9500 260//9501
f 304//9502 280//9503 322//9504
f 304//9505 273//9506 280//9507
f 316//9508 273//9509 304//9510
f 316//9511 305//9512 273//9513
f 305//9514 266//9515 273//9516
f 318//9517 305//9518 326//9519
f 285//9520 266//9521 305//9522
f 266//9523 268//9524 260//9525
f 305//9526 318//9527 285//9528
f 285//9529 846//9530 268//9531
f 285//9532 268//9533 266//9534
f 260//9535 268//9536 244//9537
f 180//9538 126//9539 150//9540
f 180//9541 150//9542 177//9543
f 200//9544 180//9545 177//9546
f 244//9547 201//9548 226//9549
f 244//9550 226//9551 260//9552
f 201//9553 200//9554 226//9555
f 201//9556 180//9557 200//9558
f 704//9559 86//9560 126//9561
f 704//9562 706//9563 666//9564
f 666//9565 706//9566 707//9567
f 707//9568 708//9569 676//9570
f 669//9571 666//9572 707//9573
f 674//9574 707//9575 676//9576
f 674//9577 680//9578 678//9579
f 676//9580 680//9581 674//9582
f 674//9583 678//9584 671//9585
f 669//9586 674//9587 671//9588
f 669//9589 671//9590 667//9591
f 669//9592 707//9593 674//9594
f 89//9595 669//9596 667//9597
f 89//9598 666//9599 669//9600
f 704//9601 666//9602 86//9603
f 181//9604 180//9605 201//9606
f 181//9607 126//9608 180//9609
f 181//9610 724//9611 126//9612
f 724//9613 704//9614 126//9615
f 724//9616 181//9617 742//9618
f 742//9619 725//9620 724//9621
f 201//9622 801//9623 771//9624
f 771//9625 181//9626 201//9627
f 801//9628 201//9629 244//9630
f 268//9631 801//9632 244//9633
f 846//9634 801//9635 268//9636
f 771//9637 742//9638 181//9639
f 744//9640 742//9641 771//9642
f 742//9643 744//9644 725//9645
f 727//9646 706//9647 725//9648
f 727//9649 729//9650 708//9651
f 727//9652 708//9653 706//9654
f 704//9655 725//9656 706//9657
f 744//9658 727//9659 725//9660
f 744//9661 729//9662 727//9663
f 744//9664 771//9665 773//9666
f 773//9667 759//9668 744//9669
f 729//9670 746//9671 731//9672
f 759//9673 747//9674 746//9675
f 731//9676 746//9677 747//9678
f 782//9679 773//9680 771//9681
f 801//9682 782//9683 771//9684
f 744//9685 759//9686 746//9687
f 804//9688 782//9689 801//9690
f 747//9691 732//9692 731//9693
f 710//9694 731//9695 713//9696
f 712//9697 681//9698 677//9699
f 712//9700 677//9701 709//9702
f 709//9703 710//9704 712//9705
f 684//9706 681//9707 712//9708
f 710//9709 684//9710 712//9711
f 731//9712 710//9713 729//9714
f 729//9715 710//9716 709//9717
f 708//9718 729//9719 709//9720
f 708//9721 709//9722 676//9723
f 707//9724 706//9725 708//9726
f 725//9727 704//9728 724//9729
f 709//9730 677//9731 676//9732
f 679//9733 677//9734 681//9735
f 681//9736 658//9737 682//9738
f 679//9739 682//9740 680//9741
f 681//9742 682//9743 679//9744
f 676//9745 679//9746 680//9747
f 676//9748 677//9749 679//9750
f 685//9751 658//9752 681//9753
f 685//9754 681//9755 684//9756
f 660//9757 661//9758 662//9759
f 661//9760 663//9761 662//9762
f 1589//9763 1216//9764 1219//9765
f 1206//9766 1229//9767 1205//9768
f 701//9769 1205//9770 696//9771
f 699//9772 701//9773 696//9774
f 696//9775 663//9776 693//9777
f 693//9778 661//9779 690//9780
f 692//9781 693//9782 690//9783
f 692//9784 690//9785 689//9786
f 689//9787 717//9788 692//9789
f 716//9790 717//9791 689//9792
f 734//9793 735//9794 717//9795
f 734//9796 717//9797 716//9798
f 752//9799 737//9800 735//9801
f 750//9802 752//9803 735//9804
f 764//9805 752//9806 750//9807
f 750//9808 775//9809 764//9810
f 775//9811 776//9812 764//9813
f 794//9814 776//9815 775//9816
f 794//9817 775//9818 793//9819
f 787//9820 776//9821 794//9822
f 787//9823 777//9824 776//9825
f 717//9826 737//9827 719//9828
f 697//9829 694//9830 719//9831
f 697//9832 719//9833 720//9834
f 694//9835 717//9836 719//9837
f 753//9838 737//9839 752//9840
f 764//9841 753//9842 752//9843
f 753//9844 765//9845 754//9846
f 753//9847 754//9848 738//9849
f 737//9850 753//9851 738//9852
f 720//9853 719//9854 738//9855
f 757//9856 740//9857 738//9858
f 757//9859 738//9860 754//9861
f 767//9862 757//9863 754//9864
f 777//9865 767//9866 765//9867
f 777//9868 765//9869 764//9870
f 764//9871 765//9872 753//9873
f 765//9874 767//9875 754//9876
f 776//9877 777//9878 764//9879
f 797//9880 777//9881 787//9882
f 797//9883 779//9884 777//9885
f 798//9886 779//9887 797//9888
f 779//9889 767//9890 777//9891
f 770//9892 757//9893 767//9894
f 779//9895 770//9896 767//9897
f 810//9898 1361//9899 798//9900
f 1361//9901 1342//9902 798//9903
f 819//9904 1379//9905 1361//9906
f 816//9907 819//9908 810//9909
f 822//9910 831//9911 816//9912
f 844//9913 828//9914 821//9915
f 862//9916 857//9917 855//9918
f 897//9919 862//9920 880//9921
f 889//9922 897//9923 901//9924
f 907//9925 896//9926 906//9927
f 907//9928 906//9929 923//9930
f 924//9931 908//9932 907//9933
f 924//9934 907//9935 923//9936
f 916//9937 901//9938 925//9939
f 889//9940 901//9941 916//9942
f 934//9943 935//9944 916//9945
f 946//9946 947//9947 935//9948
f 946//9949 935//9950 934//9951
f 971//9952 934//9953 961//9954
f 988//9955 971//9956 961//9957
f 946//9958 971//9959 989//9960
f 989//9961 973//9962 946//9963
f 946//9964 973//9965 962//9966
f 989//9967 1004//9968 991//9969
f 1021//9970 1004//9971 989//9972
f 1006//9973 991//9974 1004//9975
f 992//9976 975//9977 991//9978
f 962//9979 973//9980 975//9981
f 976//9982 962//9983 975//9984
f 976//9985 949//9986 962//9987
f 977//9988 949//9989 976//9990
f 976//9991 993//9992 977//9993
f 949//9994 920//9995 918//9996
f 920//9997 949//9998 977//9999
f 997//10000 1027//10001 1013//10002
f 1042//10003 1015//10004 1013//10005
f 997//10006 1013//10007 1015//10008
f 1013//10009 1027//10010 1042//10011
f 1029//10012 1044//10013 1028//10014
f 1015//10015 1043//10016 1029//10017
f 1029//10018 1043//10019 1044//10020
f 1015//10021 1042//10022 1043//10023
f 1041//10024 1027//10025 1025//10026
f 1025//10027 1012//10028 1010//10029
f 1025//10030 1027//10031 1012//10032
f 1012//10033 1027//10034 997//10035
f 997//10036 996//10037 1012//10038
f 996//10039 1011//10040 1012//10041
f 964//10042 996//10043 955//10044
f 955//10045 939//10046 1568//10047
f 1541//10048 1560//10049 1567//10050
f 1559//10051 1560//10052 1539//10053
f 1559//10054 1539//10055 1538//10056
f 1548//10057 1559//10058 1538//10059
f 1557//10060 1559//10061 1548//10062
f 1520//10063 1513//10064 1528//10065
f 1541//10066 1528//10067 1539//10068
f 1513//10069 1539//10070 1528//10071
f 1526//10072 1539//10073 1513//10074
f 1495//10075 1526//10076 1513//10077
f 1525//10078 1526//10079 1495//10080
f 894//10081 1548//10082 1534//10083
f 1502//10084 894//10085 1534//10086
f 1534//10087 1503//10088 1502//10089
f 902//10090 883//10091 870//10092
f 947//10093 946//10094 962//10095
f 962//10096 949//10097 917//10098
f 947//10099 910//10100 935//10101
f 917//10102 903//10103 902//10104
f 902//10105 910//10106 962//10107
f 917//10108 902//10109 962//10110
f 917//10111 918//10112 903//10113
f 964//10114 1557//10115 920//10116
f 1565//10117 964//10118 955//10119
f 1567//10120 1565//10121 955//10122
f 1567//10123 955//10124 1568//10125
f 1560//10126 1565//10127 1567//10128
f 1559//10129 1565//10130 1560//10131
f 1559//10132 1557//10133 1565//10134
f 918//10135 1548//10136 894//10137
f 903//10138 918//10139 894//10140
f 1548//10141 920//10142 1557//10143
f 918//10144 920//10145 1548//10146
f 894//10147 883//10148 902//10149
f 894//10150 902//10151 903//10152
f 889//10153 862//10154 897//10155
f 889//10156 916//10157 891//10158
f 946//10159 934//10160 971//10161
f 889//10162 875//10163 862//10164
f 891//10165 875//10166 889//10167
f 891//10168 870//10169 875//10170
f 875//10171 857//10172 862//10173
f 875//10174 853//10175 857//10176
f 853//10177 875//10178 870//10179
f 844//10180 857//10181 853//10182
f 902//10183 870//10184 891//10185
f 1502//10186 849//10187 870//10188
f 849//10189 853//10190 870//10191
f 1502//10192 1503//10193 1473//10194
f 1503//10195 1534//10196 1504//10197
f 1548//10198 1538//10199 1525//10200
f 1548//10201 1504//10202 1534//10203
f 1525//10204 1504//10205 1548//10206
f 1526//10207 1538//10208 1539//10209
f 1526//10210 1525//10211 1538//10212
f 1560//10213 1541//10214 1539//10215
f 1503//10216 1504//10217 1492//10218
f 1492//10219 1475//10220 1450//10221
f 1492//10222 1450//10223 1474//10224
f 1492//10225 1474//10226 1473//10227
f 1492//10228 1504//10229 1475//10230
f 1502//10231 1473//10232 849//10233
f 1448//10234 1474//10235 1450//10236
f 1460//10237 1430//10238 842//10239
f 1460//10240 1473//10241 1446//10242
f 1446//10243 1430//10244 1460//10245
f 842//10246 849//10247 1460//10248
f 1446//10249 1473//10250 1474//10251
f 1430//10252 1446//10253 1432//10254
f 853//10255 849//10256 840//10257
f 842//10258 840//10259 849//10260
f 844//10261 853//10262 828//10263
f 842//10264 1430//10265 831//10266
f 842//10267 831//10268 822//10269
f 828//10270 853//10271 840//10272
f 822//10273 840//10274 842//10275
f 840//10276 822//10277 828//10278
f 1432//10279 1449//10280 1383//10281
f 1435//10282 1452//10283 1421//10284
f 1421//10285 1452//10286 1436//10287
f 1437//10288 1436//10289 1463//10290
f 1423//10291 1437//10292 1425//10293
f 2260//10294 2292//10295 2294//10296
f 2265//10297 2260//10298 2294//10299
f 1443//10300 2292//10301 2257//10302
f 1443//10303 2257//10304 1441//10305
f 1417//10306 1425//10307 1441//10308
f 1421//10309 1436//10310 1437//10311
f 1463//10312 1436//10313 1462//10314
f 1452//10315 1462//10316 1436//10317
f 1475//10318 1452//10319 1450//10320
f 1525//10321 1495//10322 1493//10323
f 1504//10324 1493//10325 1475//10326
f 1452//10327 1475//10328 1493//10329
f 1452//10330 1493//10331 1462//10332
f 1450//10333 1452//10334 1435//10335
f 1450//10336 1435//10337 1449//10338
f 1421//10339 1410//10340 1435//10341
f 1435//10342 1383//10343 1449//10344
f 1432//10345 1448//10346 1449//10347
f 1450//10348 1449//10349 1448//10350
f 1446//10351 1474//10352 1448//10353
f 1432//10354 1446//10355 1448//10356
f 1430//10357 832//10358 831//10359
f 1383//10360 1435//10361 1387//10362
f 1437//10363 1410//10364 1421//10365
f 1417//10366 1441//10367 2257//10368
f 1414//10369 1425//10370 1417//10371
f 1423//10372 1425//10373 1414//10374
f 1423//10375 1410//10376 1437//10377
f 831//10378 819//10379 816//10380
f 831//10381 832//10382 819//10383
f 819//10384 1361//10385 810//10386
f 810//10387 798//10388 797//10389
f 816//10390 808//10391 814//10392
f 844//10393 826//10394 836//10395
f 880//10396 858//10397 860//10398
f 879//10399 880//10400 860//10401
f 858//10402 855//10403 846//10404
f 855//10405 836//10406 846//10407
f 836//10408 801//10409 846//10410
f 836//10411 804//10412 801//10413
f 804//10414 784//10415 782//10416
f 836//10417 826//10418 804//10419
f 826//10420 793//10421 804//10422
f 821//10423 794//10424 793//10425
f 806//10426 794//10427 821//10428
f 828//10429 806//10430 821//10431
f 826//10432 821//10433 793//10434
f 922//10435 906//10436 912//10437
f 906//10438 896//10439 879//10440
f 896//10441 880//10442 879//10443
f 880//10444 855//10445 858//10446
f 862//10447 855//10448 880//10449
f 855//10450 857//10451 844//10452
f 855//10453 844//10454 836//10455
f 908//10456 896//10457 907//10458
f 908//10459 897//10460 896//10461
f 901//10462 897//10463 908//10464
f 880//10465 896//10466 897//10467
f 844//10468 821//10469 826//10470
f 822//10471 814//10472 828//10473
f 822//10474 816//10475 814//10476
f 816//10477 810//10478 808//10479
f 810//10480 797//10481 808//10482
f 808//10483 797//10484 787//10485
f 787//10486 806//10487 808//10488
f 814//10489 808//10490 806//10491
f 828//10492 814//10493 806//10494
f 806//10495 787//10496 794//10497
f 832//10498 1379//10499 819//10500
f 1382//10501 1430//10502 1432//10503
f 1382//10504 1432//10505 1383//10506
f 1382//10507 832//10508 1430//10509
f 1379//10510 832//10511 1382//10512
f 1387//10513 1435//10514 1410//10515
f 1410//10516 1372//10517 1387//10518
f 1410//10519 1389//10520 1372//10521
f 1389//10522 1410//10523 1423//10524
f 2225//10525 2257//10526 2292//10527
f 2260//10528 2225//10529 2292//10530
f 2225//10531 2220//10532 2257//10533
f 1402//10534 1417//10535 2257//10536
f 2217//10537 1402//10538 2257//10539
f 2219//10540 2257//10541 2220//10542
f 2225//10543 2227//10544 2220//10545
f 2227//10546 2225//10547 2228//10548
f 2170//10549 2232//10550 2234//10551
f 2170//10552 2234//10553 2238//10554
f 2179//10555 2170//10556 2238//10557
f 2179//10558 2169//10559 2170//10560
f 2233//10561 2232//10562 2170//10563
f 2232//10564 2233//10565 2229//10566
f 2168//10567 2228//10568 2233//10569
f 2169//10570 2233//10571 2170//10572
f 2168//10573 2233//10574 2169//10575
f 2079//10576 2178//10577 2179//10578
f 2079//10579 2179//10580 2080//10581
f 2185//10582 2178//10583 2079//10584
f 2084//10585 2185//10586 2085//10587
f 2089//10588 2085//10589 2086//10590
f 2085//10591 2079//10592 2086//10593
f 2085//10594 2185//10595 2079//10596
f 2178//10597 2169//10598 2179//10599
f 2178//10600 2168//10601 2169//10602
f 2177//10603 2168//10604 2178//10605
f 2185//10606 2177//10607 2178//10608
f 2083//10609 2177//10610 2185//10611
f 2176//10612 2177//10613 2083//10614
f 2078//10615 2176//10616 2083//10617
f 2082//10618 2078//10619 2083//10620
f 2092//10621 2088//10622 2099//10623
f 2100//10624 2089//10625 2086//10626
f 2088//10627 2084//10628 2089//10629
f 2089//10630 2084//10631 2085//10632
f 2099//10633 2088//10634 2089//10635
f 2100//10636 2099//10637 2089//10638
f 2092//10639 2083//10640 2088//10641
f 2088//10642 2083//10643 2084//10644
f 2185//10645 2084//10646 2083//10647
f 2087//10648 2082//10649 2083//10650
f 2100//10651 2008//10652 2099//10653
f 2006//10654 2092//10655 2099//10656
f 2007//10657 2006//10658 2099//10659
f 2012//10660 2007//10661 2013//10662
f 1952//10663 2013//10664 2014//10665
f 2014//10666 2015//10667 2017//10668
f 2017//10669 2015//10670 2018//10671
f 2014//10672 2009//10673 2015//10674
f 2014//10675 2008//10676 2009//10677
f 2100//10678 2009//10679 2008//10680
f 2013//10681 2008//10682 2014//10683
f 1952//10684 2014//10685 2017//10686
f 2024//10687 1955//10688 2017//10689
f 1955//10690 1952//10691 2017//10692
f 1954//10693 1952//10694 1955//10695
f 1955//10696 2024//10697 1958//10698
f 1959//10699 1958//10700 2024//10701
f 1954//10702 1955//10703 1958//10704
f 1892//10705 1951//10706 1954//10707
f 1894//10708 1892//10709 1954//10710
f 1954//10711 1958//10712 1896//10713
f 1896//10714 1958//10715 1898//10716
f 1894//10717 1954//10718 1896//10719
f 1842//10720 1840//10721 1894//10722
f 1840//10723 1891//10724 1894//10725
f 1894//10726 1891//10727 1892//10728
f 1892//10729 1950//10730 1951//10731
f 1951//10732 1952//10733 1954//10734
f 1952//10735 1951//10736 2013//10737
f 2013//10738 2007//10739 2008//10740
f 2099//10741 2008//10742 2007//10743
f 2012//10744 2006//10745 2007//10746
f 2011//10747 2006//10748 2012//10749
f 2013//10750 1950//10751 2012//10752
f 2012//10753 1949//10754 2011//10755
f 1949//10756 1946//10757 2011//10758
f 1948//10759 1946//10760 1949//10761
f 1890//10762 1949//10763 1950//10764
f 1890//10765 1950//10766 1892//10767
f 1892//10768 1891//10769 1890//10770
f 1890//10771 1948//10772 1949//10773
f 2012//10774 1950//10775 1949//10776
f 2013//10777 1951//10778 1950//10779
f 1890//10780 1889//10781 1948//10782
f 1946//10783 1948//10784 1884//10785
f 1945//10786 1884//10787 1882//10788
f 1940//10789 1882//10790 1880//10791
f 1938//10792 1940//10793 1880//10794
f 1826//10795 1877//10796 1938//10797
f 1826//10798 1938//10799 1880//10800
f 1880//10801 1882//10802 1828//10803
f 1882//10804 1830//10805 1828//10806
f 1826//10807 1880//10808 1828//10809
f 1828//10810 1775//10811 1773//10812
f 1877//10813 1826//10814 1824//10815
f 1876//10816 1877//10817 1824//10818
f 1826//10819 1771//10820 1824//10821
f 1771//10822 1770//10823 1824//10824
f 1769//10825 1824//10826 1770//10827
f 1719//10828 1717//10829 1770//10830
f 1771//10831 1719//10832 1770//10833
f 1771//10834 1720//10835 1719//10836
f 1637//10837 1720//10838 1639//10839
f 1634//10840 1588//10841 1587//10842
f 1634//10843 1587//10844 1631//10845
f 1631//10846 1587//10847 1586//10848
f 1630//10849 1631//10850 1586//10851
f 1625//10852 1630//10853 1584//10854
f 1625//10855 1584//10856 1582//10857
f 1625//10858 1582//10859 1624//10860
f 1615//10861 1620//10862 1578//10863
f 1611//10864 1615//10865 1578//10866
f 1611//10867 1578//10868 1607//10869
f 1611//10870 1607//10871 1605//10872
f 1611//10873 1605//10874 1610//10875
f 1610//10876 1708//10877 1709//10878
f 1614//10879 1709//10880 1618//10881
f 1709//10882 1711//10883 1618//10884
f 1619//10885 1613//10886 1618//10887
f 1614//10888 1618//10889 1613//10890
f 1619//10891 1615//10892 1613//10893
f 1613//10894 1615//10895 1611//10896
f 1611//10897 1610//10898 1613//10899
f 1613//10900 1610//10901 1614//10902
f 1709//10903 1614//10904 1610//10905
f 1606//10906 1610//10907 1605//10908
f 1603//10909 1605//10910 1607//10911
f 1603//10912 1607//10913 1600//10914
f 1255//10915 1600//10916 1218//10917
f 1255//10918 1218//10919 1249//10920
f 1249//10921 1252//10922 1255//10923
f 1219//10924 1218//10925 1600//10926
f 1576//10927 1600//10928 1607//10929
f 1620//10930 1580//10931 1578//10932
f 1596//10933 1595//10934 1674//10935
f 1675//10936 1596//10937 1674//10938
f 1596//10939 1676//10940 1597//10941
f 1596//10942 1597//10943 1594//10944
f 1208//10945 1229//10946 1206//10947
f 1204//10948 1206//10949 1205//10950
f 701//10951 1204//10952 1205//10953
f 1224//10954 1206//10955 1204//10956
f 1224//10957 1204//10958 703//10959
f 1221//10960 1224//10961 703//10962
f 693//10963 663//10964 661//10965
f 690//10966 661//10967 660//10968
f 690//10969 660//10970 687//10971
f 687//10972 689//10973 690//10974
f 688//10975 687//10976 660//10977
f 663//10978 696//10979 1205//10980
f 686//10981 689//10982 687//10983
f 686//10984 715//10985 716//10986
f 761//10987 749//10988 747//10989
f 749//10990 734//10991 747//10992
f 732//10993 747//10994 734//10995
f 732//10996 734//10997 715//10998
f 731//10999 732//11000 713//11001
f 775//11002 749//11003 761//11004
f 774//11005 775//11006 761//11007
f 759//11008 761//11009 747//11010
f 761//11011 759//11012 774//11013
f 784//11014 774//11015 773//11016
f 784//11017 773//11018 782//11019
f 774//11020 759//11021 773//11022
f 717//11023 694//11024 692//11025
f 693//11026 692//11027 694//11028
f 695//11029 694//11030 697//11031
f 699//11032 703//11033 701//11034
f 695//11035 699//11036 696//11037
f 695//11038 697//11039 699//11040
f 693//11041 695//11042 696//11043
f 693//11044 694//11045 695//11046
f 699//11047 1221//11048 703//11049
f 703//11050 1204//11051 701//11052
f 1208//11053 1210//11054 1229//11055
f 1594//11056 1589//11057 1596//11058
f 1207//11059 1208//11060 1206//11061
f 1221//11062 1207//11063 1224//11064
f 1224//11065 1207//11066 1206//11067
f 1209//11068 1210//11069 1208//11070
f 1228//11071 1208//11072 1207//11073
f 1228//11074 1209//11075 1208//11076
f 1232//11077 1211//11078 1210//11079
f 1232//11080 1210//11081 1209//11082
f 1232//11083 1209//11084 1230//11085
f 1235//11086 1232//11087 1230//11088
f 1235//11089 1230//11090 1231//11091
f 1261//11092 1234//11093 1231//11094
f 1259//11095 1261//11096 1231//11097
f 1259//11098 1275//11099 1261//11100
f 1234//11101 1238//11102 1237//11103
f 1237//11104 1212//11105 1235//11106
f 1234//11107 1237//11108 1235//11109
f 1232//11110 1235//11111 1211//11112
f 1230//11113 1209//11114 1228//11115
f 1226//11116 1230//11117 1228//11118
f 1226//11119 1231//11120 1230//11121
f 1231//11122 1234//11123 1235//11124
f 1275//11125 1262//11126 1261//11127
f 1234//11128 1261//11129 1262//11130
f 1263//11131 1236//11132 1262//11133
f 1240//11134 1264//11135 1247//11136
f 1252//11137 1247//11138 1265//11139
f 1252//11140 1265//11141 1268//11142
f 1704//11143 1257//11144 1268//11145
f 1706//11146 1599//11147 1704//11148
f 1758//11149 1708//11150 1706//11151
f 1759//11152 1758//11153 1811//11154
f 1813//11155 1811//11156 1865//11157
f 1922//11158 1865//11159 1863//11160
f 1977//11161 1918//11162 1341//11163
f 1360//11164 1977//11165 1341//11166
f 1360//11167 1341//11168 1357//11169
f 1366//11170 1349//11171 1347//11172
f 1366//11173 1347//11174 1345//11175
f 1342//11176 1361//11177 1344//11178
f 1344//11179 1331//11180 1342//11181
f 1342//11182 1331//11183 798//11184
f 798//11185 1331//11186 779//11187
f 1331//11188 1320//11189 779//11190
f 1320//11191 770//11192 779//11193
f 757//11194 1273//11195 740//11196
f 1258//11197 740//11198 1273//11199
f 1273//11200 1259//11201 1258//11202
f 1258//11203 1259//11204 1226//11205
f 1226//11206 1225//11207 1258//11208
f 1259//11209 1231//11210 1226//11211
f 1258//11212 723//11213 740//11214
f 1225//11215 1221//11216 1222//11217
f 1222//11218 723//11219 1225//11220
f 1225//11221 723//11222 1258//11223
f 700//11224 723//11225 1222//11226
f 740//11227 723//11228 720//11229
f 720//11230 700//11231 697//11232
f 738//11233 719//11234 737//11235
f 1221//11236 700//11237 1222//11238
f 1221//11239 1228//11240 1207//11241
f 1228//11242 1225//11243 1226//11244
f 1221//11245 1225//11246 1228//11247
f 699//11248 700//11249 1221//11250
f 697//11251 700//11252 699//11253
f 720//11254 723//11255 700//11256
f 720//11257 738//11258 740//11259
f 770//11260 1290//11261 757//11262
f 757//11263 1290//11264 1273//11265
f 770//11266 1308//11267 1290//11268
f 1290//11269 1275//11270 1273//11271
f 1273//11272 1275//11273 1259//11274
f 1332//11275 1334//11276 1322//11277
f 1320//11278 1322//11279 1308//11280
f 1345//11281 1332//11282 1344//11283
f 1344//11284 1332//11285 1331//11286
f 1332//11287 1320//11288 1331//11289
f 1332//11290 1322//11291 1320//11292
f 1345//11293 1334//11294 1332//11295
f 1344//11296 1363//11297 1345//11298
f 1349//11299 1383//11300 1371//11301
f 1357//11302 1355//11303 1391//11304
f 1394//11305 1397//11306 1373//11307
f 1400//11308 1397//11309 1398//11310
f 2150//11311 2216//11312 2221//11313
f 2228//11314 2168//11315 2164//11316
f 2165//11317 2164//11318 2168//11319
f 2167//11320 2165//11321 2168//11322
f 2177//11323 2167//11324 2168//11325
f 2176//11326 2167//11327 2177//11328
f 2167//11329 2075//11330 2071//11331
f 2071//11332 2163//11333 2165//11334
f 2167//11335 2071//11336 2165//11337
f 2163//11338 2164//11339 2165//11340
f 2163//11341 2162//11342 2164//11343
f 2162//11344 2227//11345 2164//11346
f 2161//11347 2224//11348 2227//11349
f 2161//11350 2227//11351 2162//11352
f 2164//11353 2227//11354 2228//11355
f 2224//11356 2220//11357 2227//11358
f 1402//11359 1414//11360 1417//11361
f 1399//11362 1423//11363 1414//11364
f 1399//11365 1395//11366 1423//11367
f 1389//11368 1423//11369 1395//11370
f 1398//11371 1395//11372 1399//11373
f 2224//11374 2219//11375 2220//11376
f 2221//11377 2217//11378 2222//11379
f 2221//11380 2216//11381 2217//11382
f 2217//11383 2216//11384 1402//11385
f 2146//11386 1401//11387 2216//11388
f 2216//11389 1401//11390 1402//11391
f 1401//11392 1399//11393 1402//11394
f 1414//11395 1402//11396 1399//11397
f 1398//11398 1394//11399 1395//11400
f 1394//11401 1392//11402 1395//11403
f 1395//11404 1392//11405 1389//11406
f 1392//11407 1373//11408 1391//11409
f 1394//11410 1373//11411 1392//11412
f 1391//11413 1389//11414 1392//11415
f 1391//11416 1372//11417 1389//11418
f 1387//11419 1371//11420 1383//11421
f 1382//11422 1366//11423 1363//11424
f 1379//11425 1363//11426 1361//11427
f 1372//11428 1371//11429 1387//11430
f 1383//11431 1366//11432 1382//11433
f 1382//11434 1363//11435 1379//11436
f 1344//11437 1361//11438 1363//11439
f 1345//11440 1363//11441 1366//11442
f 1355//11443 1372//11444 1391//11445
f 1355//11446 1353//11447 1372//11448
f 1372//11449 1353//11450 1371//11451
f 1383//11452 1349//11453 1366//11454
f 1345//11455 1347//11456 1334//11457
f 1308//11458 1292//11459 1290//11460
f 1292//11461 1275//11462 1290//11463
f 1275//11464 1292//11465 1276//11466
f 1276//11467 1292//11468 1294//11469
f 1276//11470 1263//11471 1262//11472
f 1278//11473 1263//11474 1276//11475
f 1294//11476 1278//11477 1276//11478
f 1292//11479 1311//11480 1294//11481
f 1308//11482 1311//11483 1292//11484
f 1323//11485 1311//11486 1322//11487
f 1334//11488 1323//11489 1322//11490
f 1322//11491 1311//11492 1308//11493
f 1336//11494 1323//11495 1334//11496
f 1347//11497 1336//11498 1334//11499
f 1353//11500 1340//11501 1325//11502
f 1371//11503 1353//11504 1338//11505
f 1340//11506 1353//11507 1355//11508
f 1340//11509 1355//11510 1357//11511
f 1357//11512 1341//11513 1340//11514
f 1403//11515 1399//11516 1401//11517
f 2146//11518 1403//11519 1401//11520
f 1403//11521 1398//11522 1399//11523
f 1403//11524 1400//11525 1398//11526
f 1394//11527 1398//11528 1397//11529
f 2146//11530 2216//11531 2150//11532
f 2161//11533 2162//11534 2163//11535
f 2067//11536 2161//11537 2163//11538
f 2067//11539 2163//11540 2071//11541
f 2070//11542 2067//11543 2071//11544
f 2072//11545 2075//11546 2074//11547
f 2077//11548 2074//11549 2078//11550
f 2082//11551 2077//11552 2078//11553
f 2176//11554 2078//11555 2075//11556
f 2176//11557 2075//11558 2167//11559
f 2074//11560 2075//11561 2078//11562
f 1996//11563 2074//11564 2077//11565
f 1995//11566 2072//11567 2074//11568
f 2072//11569 2071//11570 2075//11571
f 1995//11572 2070//11573 2072//11574
f 2072//11575 2070//11576 2071//11577
f 2161//11578 2158//11579 2224//11580
f 2156//11581 2224//11582 2158//11583
f 2160//11584 2158//11585 2161//11586
f 2067//11587 2160//11588 2161//11589
f 2066//11590 2160//11591 2067//11592
f 2066//11593 2158//11594 2160//11595
f 2158//11596 2157//11597 2156//11598
f 2156//11599 2219//11600 2224//11601
f 2156//11602 2222//11603 2219//11604
f 2219//11605 2222//11606 2217//11607
f 2223//11608 2222//11609 2156//11610
f 2221//11611 2222//11612 2223//11613
f 2157//11614 2223//11615 2156//11616
f 2155//11617 2223//11618 2157//11619
f 2064//11620 2155//11621 2157//11622
f 2066//11623 2157//11624 2158//11625
f 2065//11626 2157//11627 2066//11628
f 2157//11629 2065//11630 2064//11631
f 1988//11632 2064//11633 2065//11634
f 1990//11635 2065//11636 2069//11637
f 2069//11638 2070//11639 1992//11640
f 1992//11641 2070//11642 1995//11643
f 2069//11644 2066//11645 2070//11646
f 2070//11647 2066//11648 2067//11649
f 1994//11650 1992//11651 1995//11652
f 2074//11653 1996//11654 1995//11655
f 1993//11656 1992//11657 1994//11658
f 1994//11659 1996//11660 1998//11661
f 1998//11662 2000//11663 1940//11664
f 1998//11665 1940//11666 1938//11667
f 1994//11668 1998//11669 1938//11670
f 1998//11671 2077//11672 2000//11673
f 2000//11674 2077//11675 2082//11676
f 2000//11677 2082//11678 2087//11679
f 2087//11680 2083//11681 2092//11682
f 2004//11683 2092//11684 2006//11685
f 1945//11686 2004//11687 2006//11688
f 1945//11689 2006//11690 2011//11691
f 2092//11692 2004//11693 2087//11694
f 2004//11695 2002//11696 2087//11697
f 1945//11698 2002//11699 2004//11700
f 2000//11701 2002//11702 1940//11703
f 2087//11704 2002//11705 2000//11706
f 1940//11707 2002//11708 1882//11709
f 1773//11710 1771//11711 1826//11712
f 1771//11713 1773//11714 1720//11715
f 1720//11716 1773//11717 1722//11718
f 1826//11719 1828//11720 1773//11721
f 1773//11722 1775//11723 1722//11724
f 1722//11725 1775//11726 1724//11727
f 1828//11728 1776//11729 1775//11730
f 1725//11731 1724//11732 1775//11733
f 1725//11734 1775//11735 1776//11736
f 1830//11737 1776//11738 1828//11739
f 1778//11740 1776//11741 1830//11742
f 1882//11743 1884//11744 1830//11745
f 1884//11746 1831//11747 1830//11748
f 1831//11749 1778//11750 1830//11751
f 1778//11752 1725//11753 1776//11754
f 1654//11755 1650//11756 1725//11757
f 1778//11758 1728//11759 1725//11760
f 1729//11761 1728//11762 1780//11763
f 1833//11764 1835//11765 1780//11766
f 1835//11767 1781//11768 1780//11769
f 1780//11770 1778//11771 1831//11772
f 1780//11773 1831//11774 1833//11775
f 1888//11776 1835//11777 1833//11778
f 1886//11779 1833//11780 1831//11781
f 1886//11782 1831//11783 1884//11784
f 1884//11785 1948//11786 1886//11787
f 1888//11788 1886//11789 1889//11790
f 1842//11791 1841//11792 1840//11793
f 1838//11794 1893//11795 1840//11796
f 1840//11797 1839//11798 1838//11799
f 1893//11800 1890//11801 1840//11802
f 1840//11803 1890//11804 1891//11805
f 1893//11806 1889//11807 1890//11808
f 1888//11809 1889//11810 1893//11811
f 1893//11812 1838//11813 1837//11814
f 1888//11815 1893//11816 1837//11817
f 1835//11818 1888//11819 1837//11820
f 1836//11821 1837//11822 1783//11823
f 1837//11824 1838//11825 1783//11826
f 1836//11827 1783//11828 1781//11829
f 1835//11830 1836//11831 1781//11832
f 1781//11833 1783//11834 1729//11835
f 1729//11836 1783//11837 1732//11838
f 1838//11839 1784//11840 1783//11841
f 1783//11842 1784//11843 1732//11844
f 1732//11845 1784//11846 1733//11847
f 1784//11848 1785//11849 1733//11850
f 1732//11851 1733//11852 1680//11853
f 1729//11854 1732//11855 1730//11856
f 1728//11857 1730//11858 1663//11859
f 1664//11860 1659//11861 1663//11862
f 1656//11863 1663//11864 1659//11865
f 1659//11866 1665//11867 1660//11868
f 1665//11869 1666//11870 1660//11871
f 1660//11872 1666//11873 1593//11874
f 1659//11875 1660//11876 1593//11877
f 1652//11878 1659//11879 1593//11880
f 1652//11881 1590//11882 1644//11883
f 1634//11884 1644//11885 1588//11886
f 1588//11887 1590//11888 1589//11889
f 1590//11890 1593//11891 1589//11892
f 1595//11893 1593//11894 1666//11895
f 1666//11896 1673//11897 1595//11898
f 1665//11899 1672//11900 1666//11901
f 1593//11902 1595//11903 1596//11904
f 1593//11905 1596//11906 1589//11907
f 1211//11908 1212//11909 1210//11910
f 1211//11911 1235//11912 1212//11913
f 1210//11914 1219//11915 1229//11916
f 1212//11917 1219//11918 1210//11919
f 1237//11920 1213//11921 1212//11922
f 1213//11923 1214//11924 1212//11925
f 1214//11926 1219//11927 1212//11928
f 1590//11929 1588//11930 1644//11931
f 1587//11932 1588//11933 1589//11934
f 1589//11935 1586//11936 1587//11937
f 1584//11938 1586//11939 1589//11940
f 1580//11941 1582//11942 1589//11943
f 1576//11944 1580//11945 1589//11946
f 1214//11947 1217//11948 1219//11949
f 1589//11950 1219//11951 1576//11952
f 1630//11953 1586//11954 1584//11955
f 1582//11956 1584//11957 1589//11958
f 1582//11959 1580//11960 1624//11961
f 1620//11962 1624//11963 1580//11964
f 1217//11965 1218//11966 1219//11967
f 1263//11968 1240//11969 1236//11970
f 1234//11971 1262//11972 1236//11973
f 1238//11974 1213//11975 1237//11976
f 1239//11977 1240//11978 1243//11979
f 1243//11980 1247//11981 1248//11982
f 1248//11983 1247//11984 1249//11985
f 1249//11986 1218//11987 1217//11988
f 1248//11989 1217//11990 1243//11991
f 1239//11992 1243//11993 1214//11994
f 1239//11995 1214//11996 1213//11997
f 1239//11998 1213//11999 1238//12000
f 1238//12001 1240//12002 1239//12003
f 1243//12004 1240//12005 1247//12006
f 1249//12007 1247//12008 1252//12009
f 1238//12010 1236//12011 1240//12012
f 1238//12013 1234//12014 1236//12015
f 1214//12016 1243//12017 1217//12018
f 1217//12019 1248//12020 1249//12021
f 1276//12022 1262//12023 1275//12024
f 1279//12025 1263//12026 1278//12027
f 1296//12028 1279//12029 1278//12030
f 1296//12031 1278//12032 1294//12033
f 1312//12034 1296//12035 1294//12036
f 1312//12037 1294//12038 1311//12039
f 1323//12040 1314//12041 1312//12042
f 1323//12043 1312//12044 1311//12045
f 1336//12046 1338//12047 1314//12048
f 1349//12049 1336//12050 1347//12051
f 1336//12052 1314//12053 1323//12054
f 1338//12055 1336//12056 1349//12057
f 1371//12058 1338//12059 1349//12060
f 1325//12061 1338//12062 1353//12063
f 1314//12064 1298//12065 1296//12066
f 1314//12067 1296//12068 1312//12069
f 1298//12070 1279//12071 1296//12072
f 1279//12073 1264//12074 1263//12075
f 1240//12076 1263//12077 1264//12078
f 1298//12079 1282//12080 1279//12081
f 1282//12082 1264//12083 1279//12084
f 1282//12085 1265//12086 1264//12087
f 1247//12088 1264//12089 1265//12090
f 1314//12091 1338//12092 1325//12093
f 1325//12094 1315//12095 1314//12096
f 1315//12097 1298//12098 1314//12099
f 1299//12100 1282//12101 1298//12102
f 1315//12103 1299//12104 1298//12105
f 1282//12106 1268//12107 1265//12108
f 1300//12109 1282//12110 1299//12111
f 1315//12112 1300//12113 1299//12114
f 1300//12115 1286//12116 1282//12117
f 1286//12118 1268//12119 1282//12120
f 1303//12121 1286//12122 1300//12123
f 1317//12124 1303//12125 1300//12126
f 1317//12127 1300//12128 1315//12129
f 1317//12130 1315//12131 1325//12132
f 1325//12133 1327//12134 1317//12135
f 1317//12136 1327//12137 1319//12138
f 1340//12139 1327//12140 1325//12141
f 1327//12142 1329//12143 1319//12144
f 1341//12145 1327//12146 1340//12147
f 1341//12148 1329//12149 1327//12150
f 1306//12151 1304//12152 1329//12153
f 1329//12154 1304//12155 1319//12156
f 1319//12157 1304//12158 1303//12159
f 1319//12160 1303//12161 1317//12162
f 1303//12163 1288//12164 1286//12165
f 1288//12166 1268//12167 1286//12168
f 1288//12169 1704//12170 1268//12171
f 1289//12172 1704//12173 1288//12174
f 1304//12175 1289//12176 1288//12177
f 1304//12178 1288//12179 1303//12180
f 1306//12181 1289//12182 1304//12183
f 1860//12184 1808//12185 1306//12186
f 1808//12187 1289//12188 1306//12189
f 1918//12190 1860//12191 1306//12192
f 1306//12193 1329//12194 1918//12195
f 1341//12196 1918//12197 1329//12198
f 2050//12199 2145//12200 2052//12201
f 2052//12202 2054//12203 2053//12204
f 2055//12205 2053//12206 2056//12207
f 2058//12208 2056//12209 2059//12210
f 2059//12211 2060//12212 1985//12213
f 1985//12214 2061//12215 1987//12216
f 1987//12217 1932//12218 1931//12219
f 1986//12220 1987//12221 1930//12222
f 1986//12223 1930//12224 1929//12225
f 1984//12226 1985//12227 1929//12228
f 1929//12229 1983//12230 1984//12231
f 2059//12232 1985//12233 1984//12234
f 1985//12235 1987//12236 1986//12237
f 1985//12238 1986//12239 1929//12240
f 1929//12241 1930//12242 1869//12243
f 1869//12244 1928//12245 1929//12246
f 1927//12247 1983//12248 1929//12249
f 1929//12250 1928//12251 1927//12252
f 1927//12253 1926//12254 1983//12255
f 1984//12256 1983//12257 2058//12258
f 1984//12259 2058//12260 2059//12261
f 2059//12262 2148//12263 2060//12264
f 1985//12265 2060//12266 2061//12267
f 1987//12268 2061//12269 2063//12270
f 2063//12271 2064//12272 1987//12273
f 2155//12274 2064//12275 2063//12276
f 2223//12277 2155//12278 2221//12279
f 2155//12280 2153//12281 2221//12282
f 2063//12283 2153//12284 2155//12285
f 2060//12286 2151//12287 2153//12288
f 2060//12289 2153//12290 2063//12291
f 2152//12292 2221//12293 2153//12294
f 2151//12295 2152//12296 2153//12297
f 2152//12298 2150//12299 2221//12300
f 2151//12301 2149//12302 2152//12303
f 2152//12304 2149//12305 2150//12306
f 2149//12307 2146//12308 2150//12309
f 2148//12310 1403//12311 2146//12312
f 2149//12313 2148//12314 2146//12315
f 2151//12316 2148//12317 2149//12318
f 2060//12319 2148//12320 2151//12321
f 2059//12322 2056//12323 2148//12324
f 2148//12325 1377//12326 1403//12327
f 2148//12328 2145//12329 1377//12330
f 2145//12331 1376//12332 1377//12333
f 1403//12334 1377//12335 1400//12336
f 1377//12337 1374//12338 1400//12339
f 1376//12340 1374//12341 1377//12342
f 1397//12343 1360//12344 1357//12345
f 1357//12346 1373//12347 1397//12348
f 1397//12349 1400//12350 1374//12351
f 1376//12352 1360//12353 1374//12354
f 1374//12355 1360//12356 1397//12357
f 1373//12358 1357//12359 1391//12360
f 1376//12361 2050//12362 1360//12363
f 2145//12364 2050//12365 1376//12366
f 2054//12367 2145//12368 2148//12369
f 2148//12370 2056//12371 2054//12372
f 2056//12373 2053//12374 2054//12375
f 2053//12376 1980//12377 1978//12378
f 2052//12379 1978//12380 1977//12381
f 2050//12382 1977//12383 1360//12384
f 2052//12385 1977//12386 2050//12387
f 1919//12388 1977//12389 1978//12390
f 2053//12391 1978//12392 2052//12393
f 2052//12394 2145//12395 2054//12396
f 1980//12397 1922//12398 1978//12399
f 1978//12400 1922//12401 1921//12402
f 1919//12403 1978//12404 1921//12405
f 1918//12406 1977//12407 1919//12408
f 1921//12409 1863//12410 1919//12411
f 1919//12412 1863//12413 1862//12414
f 1919//12415 1862//12416 1918//12417
f 1918//12418 1862//12419 1860//12420
f 1862//12421 1808//12422 1860//12423
f 1808//12424 1756//12425 1289//12426
f 1756//12427 1704//12428 1289//12429
f 1756//12430 1706//12431 1704//12432
f 1706//12433 1756//12434 1758//12435
f 1759//12436 1708//12437 1758//12438
f 1811//12439 1758//12440 1810//12441
f 1863//12442 1811//12443 1810//12444
f 1863//12445 1810//12446 1862//12447
f 1862//12448 1810//12449 1808//12450
f 1810//12451 1756//12452 1808//12453
f 1706//12454 1606//12455 1599//12456
f 1603//12457 1599//12458 1606//12459
f 1813//12460 1761//12461 1759//12462
f 1759//12463 1811//12464 1813//12465
f 1865//12466 1814//12467 1813//12468
f 1924//12469 1867//12470 1865//12471
f 1924//12472 1865//12473 1922//12474
f 1924//12475 1922//12476 1980//12477
f 2055//12478 1981//12479 1980//12480
f 2055//12481 1980//12482 2053//12483
f 1924//12484 1980//12485 1981//12486
f 2055//12487 2058//12488 1981//12489
f 1983//12490 1981//12491 2058//12492
f 1926//12493 1981//12494 1983//12495
f 1981//12496 1926//12497 1924//12498
f 1867//12499 1926//12500 1868//12501
f 1926//12502 1927//12503 1868//12504
f 1927//12505 1928//12506 1868//12507
f 1868//12508 1928//12509 1815//12510
f 1815//12511 1928//12512 1816//12513
f 1928//12514 1869//12515 1816//12516
f 1816//12517 1869//12518 1818//12519
f 1869//12520 1870//12521 1818//12522
f 1765//12523 1764//12524 1818//12525
f 1870//12526 1820//12527 1818//12528
f 1820//12529 1765//12530 1818//12531
f 1765//12532 1767//12533 1712//12534
f 1767//12535 1714//12536 1712//12537
f 1712//12538 1764//12539 1765//12540
f 1711//12541 1764//12542 1712//12543
f 1626//12544 1623//12545 1712//12546
f 1712//12547 1714//12548 1626//12549
f 1820//12550 1767//12551 1765//12552
f 1871//12553 1821//12554 1820//12555
f 1767//12556 1820//12557 1821//12558
f 1988//12559 1934//12560 1932//12561
f 1932//12562 1820//12563 1870//12564
f 1930//12565 1931//12566 1870//12567
f 1930//12568 1870//12569 1869//12570
f 1987//12571 1931//12572 1930//12573
f 1931//12574 1932//12575 1870//12576
f 1820//12577 1932//12578 1871//12579
f 1871//12580 1932//12581 1934//12582
f 1873//12583 1871//12584 1934//12585
f 1934//12586 1874//12587 1873//12588
f 1823//12589 1821//12590 1873//12591
f 1823//12592 1873//12593 1874//12594
f 1934//12595 1936//12596 1874//12597
f 1823//12598 1824//12599 1769//12600
f 1717//12601 1769//12602 1770//12603
f 1629//12604 1717//12605 1637//12606
f 1717//12607 1715//12608 1769//12609
f 1823//12610 1769//12611 1821//12612
f 1873//12613 1821//12614 1871//12615
f 1821//12616 1769//12617 1767//12618
f 1769//12619 1715//12620 1767//12621
f 1714//12622 1767//12623 1715//12624
f 1714//12625 1715//12626 1626//12627
f 1629//12628 1626//12629 1715//12630
f 1629//12631 1715//12632 1717//12633
f 1634//12634 1630//12635 1629//12636
f 1634//12637 1629//12638 1637//12639
f 1639//12640 1634//12641 1637//12642
f 1637//12643 1719//12644 1720//12645
f 1637//12646 1717//12647 1719//12648
f 1634//12649 1631//12650 1630//12651
f 1629//12652 1630//12653 1626//12654
f 1626//12655 1630//12656 1625//12657
f 1626//12658 1625//12659 1623//12660
f 1619//12661 1623//12662 1625//12663
f 1619//12664 1625//12665 1624//12666
f 1619//12667 1624//12668 1620//12669
f 1619//12670 1620//12671 1615//12672
f 1623//12673 1619//12674 1618//12675
f 1623//12676 1618//12677 1712//12678
f 1711//12679 1712//12680 1618//12681
f 1764//12682 1816//12683 1818//12684
f 1762//12685 1816//12686 1764//12687
f 1762//12688 1764//12689 1711//12690
f 1815//12691 1816//12692 1762//12693
f 1762//12694 1814//12695 1815//12696
f 1815//12697 1814//12698 1868//12699
f 1761//12700 1814//12701 1762//12702
f 1709//12703 1762//12704 1711//12705
f 1761//12706 1762//12707 1709//12708
f 1761//12709 1709//12710 1759//12711
f 1759//12712 1709//12713 1708//12714
f 1606//12715 1708//12716 1610//12717
f 1708//12718 1606//12719 1706//12720
f 1603//12721 1606//12722 1605//12723
f 1704//12724 1599//12725 1257//12726
f 1268//12727 1257//12728 1252//12729
f 1255//12730 1252//12731 1257//12732
f 1603//12733 1257//12734 1599//12735
f 1255//12736 1257//12737 1603//12738
f 1255//12739 1603//12740 1600//12741
f 1814//12742 1761//12743 1813//12744
f 1867//12745 1868//12746 1814//12747
f 1867//12748 1814//12749 1865//12750
f 1926//12751 1867//12752 1924//12753
f 1876//12754 1824//12755 1823//12756
f 1874//12757 1876//12758 1823//12759
f 1936//12760 1993//12761 1876//12762
f 1993//12763 1877//12764 1876//12765
f 1991//12766 1993//12767 1936//12768
f 1938//12769 1993//12770 1994//12771
f 1995//12772 1996//12773 1994//12774
f 1996//12775 2077//12776 1998//12777
f 1938//12778 1877//12779 1993//12780
f 1991//12781 1992//12782 1993//12783
f 1991//12784 2069//12785 1992//12786
f 1991//12787 1990//12788 2069//12789
f 2069//12790 2065//12791 2066//12792
f 1988//12793 2065//12794 1990//12795
f 1991//12796 1936//12797 1990//12798
f 1990//12799 1934//12800 1988//12801
f 2064//12802 1988//12803 1987//12804
f 1987//12805 1988//12806 1932//12807
f 1990//12808 1936//12809 1934//12810
f 1936//12811 1876//12812 1874//12813
f 2055//12814 2056//12815 2058//12816
f 1863//12817 1921//12818 1922//12819
f 1863//12820 1865//12821 1811//12822
f 1810//12823 1758//12824 1756//12825
f 2060//12826 2063//12827 2061//12828
f 1576//12829 1578//12830 1580//12831
f 1576//12832 1607//12833 1578//12834
f 1219//12835 1600//12836 1576//12837
f 1652//12838 1593//12839 1590//12840
f 1737//12841 1736//12842 1790//12843
f 1643//12844 1644//12845 1634//12846
f 1639//12847 1643//12848 1634//12849
f 1643//12850 1647//12851 1648//12852
f 1648//12853 1651//12854 1652//12855
f 1652//12856 1656//12857 1659//12858
f 1728//12859 1729//12860 1730//12861
f 1729//12862 1780//12863 1781//12864
f 1780//12865 1728//12866 1778//12867
f 1654//12868 1725//12869 1728//12870
f 1728//12871 1663//12872 1654//12873
f 1656//12874 1652//12875 1651//12876
f 1656//12877 1651//12878 1654//12879
f 1663//12880 1656//12881 1654//12882
f 1651//12883 1650//12884 1654//12885
f 1725//12886 1650//12887 1647//12888
f 1647//12889 1724//12890 1725//12891
f 1647//12892 1642//12893 1724//12894
f 1647//12895 1643//12896 1642//12897
f 1639//12898 1642//12899 1643//12900
f 1643//12901 1648//12902 1644//12903
f 1648//12904 1652//12905 1644//12906
f 1651//12907 1648//12908 1647//12909
f 1650//12910 1651//12911 1647//12912
f 1722//12913 1724//12914 1642//12915
f 1642//12916 1639//12917 1722//12918
f 1720//12919 1722//12920 1639//12921
f 1785//12922 1839//12923 1786//12924
f 1786//12925 1839//12926 1841//12927
f 1841//12928 1842//12929 1844//12930
f 1842//12931 1845//12932 1844//12933
f 1840//12934 1841//12935 1839//12936
f 1785//12937 1784//12938 1839//12939
f 1838//12940 1839//12941 1784//12942
f 1788//12943 1787//12944 1786//12945
f 1837//12946 1836//12947 1835//12948
f 1888//12949 1833//12950 1886//12951
f 1889//12952 1886//12953 1948//12954
f 2011//12955 1946//12956 1945//12957
f 1945//12958 1946//12959 1884//12960
f 2002//12961 1945//12962 1882//12963
f 2217//12964 2257//12965 2219//12966
f 1320//12967 1308//12968 770//12969
f 2228//12970 2260//12971 2229//12972
f 964//12973 1565//12974 1557//12975
f 964//12976 920//12977 977//12978
f 977//12979 1011//12980 964//12981
f 977//12982 993//12983 1011//12984
f 992//12985 993//12986 976//12987
f 996//12988 964//12989 1011//12990
f 949//12991 918//12992 917//12993
f 962//12994 910//12995 947//12996
f 1042//12997 1027//12998 1041//12999
f 1055//13000 1042//13001 1041//13002
f 717//13003 735//13004 737//13005
f 684//13006 686//13007 685//13008
f 746//13009 729//13010 744//13011
f 126//13012 86//13013 123//13014
f 123//13015 86//13016 78//13017
f 123//13018 78//13019 74//13020
f 123//13021 74//13022 121//13023
f 76//13024 74//13025 78//13026
f 85//13027 78//13028 86//13029
f 89//13030 86//13031 666//13032
f 85//13033 89//13034 665//13035
f 85//13036 86//13037 89//13038
f 76//13039 78//13040 85//13041
f 85//13042 17//13043 76//13044
f 76//13045 17//13046 15//13047
f 76//13048 15//13049 72//13050
f 76//13051 71//13052 74//13053
f 71//13054 76//13055 72//13056
f 342//13057 304//13058 322//13059
f 295//13060 257//13061 255//13062
f 266//13063 243//13064 259//13065
f 243//13066 224//13067 259//13068
f 259//13069 224//13070 223//13071
f 121//13072 148//13073 150//13074
f 349//13075 322//13076 341//13077
f 341//13078 322//13079 334//13080
f 322//13081 295//13082 334//13083
f 850//13084 846//13085 285//13086
f 858//13087 846//13088 850//13089
f 277//13090 254//13091 253//13092
f 144//13093 142//13094 111//13095
f 114//13096 144//13097 111//13098
f 113//13099 114//13100 111//13101
f 109//13102 141//13103 139//13104
f 128//13105 88//13106 726//13107
f 128//13108 83//13109 88//13110
f 402//13111 392//13112 371//13113
f 371//13114 392//13115 373//13116
f 420//13117 412//13118 392//13119
f 392//13120 412//13121 383//13122
f 421//13123 384//13124 383//13125
f 413//13126 384//13127 421//13128
f 377//13129 349//13130 413//13131
f 404//13132 377//13133 413//13134
f 404//13135 439//13136 422//13137
f 414//13138 422//13139 426//13140
f 427//13141 426//13142 464//13143
f 545//13144 553//13145 574//13146
f 553//13147 583//13148 574//13149
f 606//13150 574//13151 583//13152
f 505//13153 503//13154 553//13155
f 622//13156 591//13157 574//13158
f 554//13159 574//13160 575//13161
f 575//13162 574//13163 591//13164
f 554//13165 545//13166 574//13167
f 545//13168 554//13169 517//13170
f 505//13171 494//13172 484//13173
f 464//13174 452//13175 427//13176
f 494//13177 452//13178 464//13179
f 415//13180 427//13181 441//13182
f 415//13183 423//13184 406//13185
f 452//13186 442//13187 441//13188
f 495//13189 465//13190 452//13191
f 394//13192 406//13193 387//13194
f 394//13195 415//13196 406//13197
f 386//13198 414//13199 415//13200
f 358//13201 366//13202 386//13203
f 366//13204 358//13205 351//13206
f 386//13207 366//13208 393//13209
f 386//13210 393//13211 422//13212
f 503//13213 505//13214 484//13215
f 503//13216 502//13217 540//13218
f 514//13219 501//13220 491//13221
f 510//13222 514//13223 491//13224
f 501//13225 482//13226 491//13227
f 491//13228 482//13229 473//13230
f 481//13231 491//13232 473//13233
f 482//13234 459//13235 473//13236
f 450//13237 473//13238 459//13239
f 510//13240 481//13241 507//13242
f 510//13243 507//13244 521//13245
f 523//13246 521//13247 538//13248
f 647//13249 2413//13250 2414//13251
f 647//13252 635//13253 2413//13254
f 635//13255 2412//13256 2413//13257
f 635//13258 647//13259 625//13260
f 635//13261 625//13262 620//13263
f 626//13264 620//13265 616//13266
f 621//13267 616//13268 610//13269
f 610//13270 616//13271 597//13272
f 610//13273 597//13274 587//13275
f 587//13276 597//13277 565//13278
f 587//13279 565//13280 522//13281
f 522//13282 565//13283 530//13284
f 522//13285 530//13286 513//13287
f 522//13288 513//13289 508//13290
f 510//13291 521//13292 523//13293
f 566//13294 571//13295 581//13296
f 647//13297 2414//13298 2415//13299
f 625//13300 647//13301 2416//13302
f 647//13303 2415//13304 2416//13305
f 620//13306 625//13307 609//13308
f 616//13309 620//13310 609//13311
f 616//13312 609//13313 597//13314
f 597//13315 609//13316 580//13317
f 597//13318 580//13319 565//13320
f 565//13321 580//13322 543//13323
f 565//13324 543//13325 530//13326
f 530//13327 543//13328 521//13329
f 530//13330 521//13331 513//13332
f 513//13333 521//13334 507//13335
f 472//13336 507//13337 481//13338
f 510//13339 491//13340 481//13341
f 481//13342 473//13343 458//13344
f 472//13345 458//13346 448//13347
f 457//13348 479//13349 472//13350
f 472//13351 481//13352 458//13353
f 457//13354 472//13355 448//13356
f 450//13357 437//13358 458//13359
f 458//13360 437//13361 435//13362
f 435//13363 418//13364 433//13365
f 448//13366 435//13367 433//13368
f 433//13369 410//13370 434//13371
f 448//13372 433//13373 434//13374
f 410//13375 433//13376 398//13377
f 398//13378 433//13379 418//13380
f 418//13381 435//13382 420//13383
f 437//13384 420//13385 435//13386
f 437//13387 421//13388 412//13389
f 398//13390 418//13391 400//13392
f 402//13393 400//13394 418//13395
f 402//13396 418//13397 420//13398
f 402//13399 420//13400 392//13401
f 400//13402 402//13403 372//13404
f 400//13405 372//13406 382//13407
f 372//13408 402//13409 371//13410
f 437//13411 412//13412 420//13413
f 421//13414 383//13415 412//13416
f 438//13417 413//13418 421//13419
f 473//13420 450//13421 458//13422
f 459//13423 461//13424 450//13425
f 461//13426 438//13427 450//13428
f 461//13429 462//13430 438//13431
f 438//13432 462//13433 439//13434
f 462//13435 463//13436 439//13437
f 502//13438 474//13439 501//13440
f 501//13441 474//13442 482//13443
f 474//13444 461//13445 482//13446
f 482//13447 461//13448 459//13449
f 502//13450 483//13451 474//13452
f 474//13453 483//13454 463//13455
f 475//13456 463//13457 483//13458
f 475//13459 483//13460 503//13461
f 503//13462 484//13463 475//13464
f 484//13465 494//13466 464//13467
f 386//13468 422//13469 414//13470
f 378//13471 393//13472 366//13473
f 393//13474 404//13475 422//13476
f 393//13477 378//13478 404//13479
f 404//13480 378//13481 377//13482
f 378//13483 350//13484 377//13485
f 451//13486 426//13487 422//13488
f 464//13489 475//13490 484//13491
f 464//13492 451//13493 475//13494
f 451//13495 422//13496 439//13497
f 451//13498 463//13499 475//13500
f 463//13501 451//13502 439//13503
f 474//13504 462//13505 461//13506
f 474//13507 463//13508 462//13509
f 502//13510 503//13511 483//13512
f 438//13513 439//13514 413//13515
f 439//13516 404//13517 413//13518
f 451//13519 464//13520 426//13521
f 438//13522 421//13523 450//13524
f 450//13525 421//13526 437//13527
f 435//13528 448//13529 458//13530
f 531//13531 514//13532 539//13533
f 544//13534 531//13535 539//13536
f 540//13537 531//13538 544//13539
f 502//13540 531//13541 540//13542
f 501//13543 531//13544 502//13545
f 501//13546 514//13547 531//13548
f 523//13549 539//13550 514//13551
f 523//13552 514//13553 510//13554
f 538//13555 539//13556 523//13557
f 538//13558 550//13559 539//13560
f 539//13561 550//13562 544//13563
f 572//13564 566//13565 581//13566
f 572//13567 581//13568 588//13569
f 602//13570 601//13571 631//13572
f 642//13573 641//13574 2417//13575
f 641//13576 2410//13577 2417//13578
f 642//13579 2417//13580 2403//13581
f 623//13582 591//13583 622//13584
f 606//13585 622//13586 574//13587
f 602//13588 573//13589 588//13590
f 573//13591 606//13592 583//13593
f 573//13594 572//13595 588//13596
f 550//13597 573//13598 544//13599
f 540//13600 544//13601 573//13602
f 540//13603 573//13604 583//13605
f 550//13606 566//13607 572//13608
f 631//13609 2418//13610 2419//13611
f 638//13612 631//13613 2420//13614
f 631//13615 2419//13616 2420//13617
f 638//13618 2420//13619 2421//13620
f 641//13621 638//13622 2409//13623
f 638//13624 2421//13625 2409//13626
f 573//13627 602//13628 638//13629
f 638//13630 641//13631 573//13632
f 622//13633 641//13634 642//13635
f 641//13636 622//13637 606//13638
f 573//13639 641//13640 606//13641
f 588//13642 601//13643 602//13644
f 609//13645 625//13646 596//13647
f 609//13648 596//13649 580//13650
f 580//13651 596//13652 571//13653
f 596//13654 581//13655 571//13656
f 580//13657 571//13658 559//13659
f 543//13660 559//13661 538//13662
f 543//13663 538//13664 521//13665
f 580//13666 559//13667 543//13668
f 571//13669 566//13670 559//13671
f 559//13672 566//13673 550//13674
f 559//13675 550//13676 538//13677
f 581//13678 601//13679 588//13680
f 596//13681 601//13682 581//13683
f 625//13684 648//13685 596//13686
f 648//13687 625//13688 2422//13689
f 625//13690 2416//13691 2422//13692
f 648//13693 2422//13694 2423//13695
f 648//13696 2423//13697 2424//13698
f 648//13699 631//13700 596//13701
f 631//13702 648//13703 2418//13704
f 648//13705 2424//13706 2418//13707
f 596//13708 631//13709 601//13710
f 631//13711 638//13712 602//13713
f 572//13714 573//13715 550//13716
f 618//13717 2408//13718 2425//13719
f 634//13720 618//13721 2426//13722
f 618//13723 2425//13724 2426//13725
f 634//13726 600//13727 618//13728
f 586//13729 1134//13730 562//13731
f 1081//13732 562//13733 1134//13734
f 1199//13735 634//13736 2399//13737
f 634//13738 2427//13739 2399//13740
f 634//13741 2426//13742 2427//13743
f 1199//13744 1171//13745 634//13746
f 634//13747 1171//13748 600//13749
f 1171//13750 1134//13751 600//13752
f 1134//13753 586//13754 600//13755
f 1081//13756 489//13757 562//13758
f 489//13759 1081//13760 456//13761
f 545//13762 517//13763 516//13764
f 101//13765 138//13766 137//13767
f 350//13768 342//13769 349//13770
f 369//13771 338//13772 337//13773
f 1911//13774 1910//13775 1970//13776
f 1969//13777 1970//13778 1909//13779
f 1909//13780 1970//13781 1910//13782
f 1908//13783 1969//13784 1909//13785
f 1967//13786 1969//13787 1908//13788
f 2142//13789 2143//13790 2141//13791
f 2143//13792 2142//13793 2137//13794
f 1782//13795 1735//13796 1789//13797
f 1843//13798 1789//13799 1846//13800
f 1782//13801 1789//13802 1843//13803
f 1735//13804 1782//13805 1731//13806
f 1834//13807 1779//13808 1782//13809
f 2124//13810 2023//13811 2030//13812
f 1937//13813 1997//13814 1935//13815
f 1875//13816 1937//13817 1935//13818
f 1999//13819 1997//13820 1939//13821
f 1999//13822 2076//13823 1997//13824
f 2073//13825 1997//13826 2076//13827
f 2081//13828 2076//13829 1999//13830
f 2001//13831 1999//13832 1941//13833
f 1941//13834 1942//13835 2001//13836
f 2003//13837 2001//13838 1942//13839
f 1942//13840 1941//13841 1881//13842
f 2073//13843 2175//13844 2166//13845
f 1878//13846 1939//13847 1937//13848
f 1878//13849 1937//13850 1875//13851
f 2309//13852 2289//13853 2288//13854
f 2320//13855 2298//13856 2302//13857
f 2231//13858 2166//13859 2237//13860
f 2231//13861 2159//13862 2166//13863
f 2159//13864 2231//13865 2226//13866
f 2062//13867 2154//13868 2057//13869
f 2057//13870 2154//13871 2147//13872
f 1925//13873 1923//13874 1866//13875
f 1313//13876 1324//13877 1335//13878
f 1453//13879 1454//13880 1496//13881
f 1453//13882 1496//13883 1494//13884
f 1453//13885 1494//13886 1451//13887
f 1451//13888 1494//13889 1476//13890
f 1451//13891 1476//13892 1469//13893
f 1434//13894 1451//13895 1469//13896
f 1451//13897 1420//13898 1453//13899
f 1439//13900 1422//13901 1424//13902
f 261//13903 812//13904 824//13905
f 245//13906 812//13907 261//13908
f 791//13909 812//13910 245//13911
f 240//13912 256//13913 219//13914
f 220//13915 240//13916 219//13917
f 240//13918 258//13919 256//13920
f 1045//13921 1014//13922 1028//13923
f 1014//13924 998//13925 1016//13926
f 948//13927 936//13928 928//13929
f 927//13930 909//13931 936//13932
f 936//13933 974//13934 927//13935
f 948//13936 974//13937 936//13938
f 974//13939 990//13940 927//13941
f 927//13942 990//13943 972//13944
f 926//13945 972//13946 945//13947
f 970//13948 945//13949 972//13950
f 1002//13951 972//13952 1033//13953
f 1033//13954 972//13955 990//13956
f 1033//13957 1047//13958 1002//13959
f 1047//13960 1031//13961 1002//13962
f 1031//13963 970//13964 1002//13965
f 970//13966 1031//13967 1019//13968
f 1019//13969 1097//13970 1046//13971
f 1046//13972 1082//13973 1030//13974
f 1082//13975 1094//13976 536//13977
f 1018//13978 1030//13979 499//13980
f 957//13981 1018//13982 499//13983
f 942//13984 499//13985 498//13986
f 884//13987 942//13988 871//13989
f 957//13990 499//13991 942//13992
f 987//13993 1046//13994 1018//13995
f 1046//13996 1030//13997 1018//13998
f 1030//13999 1082//14000 536//14001
f 1019//14002 1046//14003 987//14004
f 970//14005 960//14006 945//14007
f 926//14008 945//14009 915//14010
f 927//14011 972//14012 926//14013
f 890//14014 926//14015 888//14016
f 972//14017 1002//14018 970//14019
f 1095//14020 1111//14021 1094//14022
f 1095//14023 1094//14024 1082//14025
f 1097//14026 1095//14027 1082//14028
f 1046//14029 1097//14030 1082//14031
f 1019//14032 1099//14033 1097//14034
f 1099//14035 1019//14036 1031//14037
f 1099//14038 1031//14039 1047//14040
f 1095//14041 1122//14042 1111//14043
f 1122//14044 1135//14045 1111//14046
f 1097//14047 1116//14048 1095//14049
f 1112//14050 1116//14051 1097//14052
f 1113//14053 1117//14054 1099//14055
f 1099//14056 1112//14057 1097//14058
f 1117//14059 1112//14060 1099//14061
f 876//14062 892//14063 890//14064
f 217//14065 238//14066 236//14067
f 219//14068 238//14069 217//14070
f 296//14071 303//14072 294//14073
f 354//14074 336//14075 344//14076
f 389//14077 369//14078 361//14079
f 390//14080 369//14081 389//14082
f 370//14083 355//14084 369//14085
f 391//14086 370//14087 369//14088
f 391//14089 369//14090 390//14091
f 391//14092 390//14093 409//14094
f 912//14095 409//14096 931//14097
f 409//14098 912//14099 391//14100
f 912//14101 370//14102 391//14103
f 986//14104 958//14105 941//14106
f 1084//14107 1032//14108 1059//14109
f 1032//14110 1020//14111 1059//14112
f 1171//14113 1150//14114 1134//14115
f 1150//14116 1130//14117 1134//14118
f 1150//14119 1138//14120 1130//14121
f 1163//14122 1150//14123 1167//14124
f 1167//14125 1150//14126 1171//14127
f 1180//14128 1167//14129 1171//14130
f 1200//14131 1181//14132 1180//14133
f 1200//14134 1180//14135 1199//14136
f 1200//14137 1188//14138 1181//14139
f 1131//14140 1100//14141 1124//14142
f 1153//14143 1131//14144 1152//14145
f 1153//14146 1163//14147 1165//14148
f 1079//14149 1070//14150 1069//14151
f 327//14152 346//14153 353//14154
f 346//14155 360//14156 353//14157
f 348//14158 374//14159 303//14160
f 546//14161 595//14162 578//14163
f 535//14164 547//14165 546//14166
f 535//14167 541//14168 547//14169
f 547//14170 541//14171 558//14172
f 549//14173 564//14174 563//14175
f 549//14176 563//14177 548//14178
f 558//14179 548//14180 563//14181
f 563//14182 557//14183 558//14184
f 558//14185 557//14186 547//14187
f 548//14188 558//14189 541//14190
f 549//14191 548//14192 542//14193
f 542//14194 548//14195 541//14196
f 529//14197 542//14198 541//14199
f 529//14200 541//14201 535//14202
f 499//14203 529//14204 535//14205
f 499//14206 535//14207 498//14208
f 488//14209 498//14210 535//14211
f 488//14212 535//14213 528//14214
f 547//14215 557//14216 546//14217
f 499//14218 536//14219 529//14220
f 536//14221 542//14222 529//14223
f 536//14224 549//14225 542//14226
f 619//14227 615//14228 629//14229
f 646//14230 628//14231 629//14232
f 592//14233 612//14234 590//14235
f 560//14236 592//14237 590//14238
f 592//14239 607//14240 612//14241
f 379//14242 367//14243 358//14244
f 429//14245 430//14246 395//14247
f 1178//14248 1163//14249 1188//14250
f 1178//14251 1165//14252 1163//14253
f 1197//14254 1194//14255 2428//14256
f 1194//14257 2389//14258 2428//14259
f 1197//14260 2428//14261 2429//14262
f 1197//14263 2429//14264 2381//14265
f 1198//14266 2379//14267 2384//14268
f 1169//14269 1161//14270 1155//14271
f 1168//14272 1169//14273 1155//14274
f 1072//14275 1062//14276 1071//14277
f 1143//14278 1114//14279 1133//14280
f 1144//14281 1120//14282 1143//14283
f 525//14284 524//14285 512//14286

# Group with 92 faces:
g group_1
f 2381//14287 2429//14288 2428//14289
f 2381//14290 2428//14291 2389//14292
f 2399//14293 2427//14294 2426//14295
f 2399//14296 2426//14297 2425//14298
f 2399//14299 2425//14300 2408//14301
f 2418//14302 2424//14303 2423//14304
f 2418//14305 2423//14306 2422//14307
f 2418//14308 2422//14309 2416//14310
f 2409//14311 2421//14312 2420//14313
f 2409//14314 2420//14315 2419//14316
f 2419//14317 2418//14318 2416//14319
f 2409//14320 2419//14321 2416//14322
f 2403//14323 2417//14324 2410//14325
f 2409//14326 2416//14327 2415//14328
f 2409//14329 2415//14330 2414//14331
f 2409//14332 2414//14333 2413//14334
f 2413//14335 2412//14336 2411//14337
f 2410//14338 2409//14339 2413//14340
f 2403//14341 2410//14342 2413//14343
f 2399//14344 2408//14345 2407//14346
f 2399//14347 2407//14348 2406//14349
f 2399//14350 2406//14351 2405//14352
f 2399//14353 2405//14354 2404//14355
f 2399//14356 2404//14357 2402//14358
f 2402//14359 2403//14360 2413//14361
f 2399//14362 2402//14363 2413//14364
f 2398//14365 2401//14366 2400//14367
f 2400//14368 2399//14369 2413//14370
f 2398//14371 2400//14372 2413//14373
f 2397//14374 2398//14375 2413//14376
f 2396//14377 2397//14378 2413//14379
f 2395//14380 2396//14381 2413//14382
f 2393//14383 2395//14384 2413//14385
f 2394//14386 2393//14387 2413//14388
f 2383//14389 2394//14390 2413//14391
f 2391//14392 2392//14393 2386//14394
f 2387//14395 2390//14396 2391//14397
f 2381//14398 2389//14399 2388//14400
f 2388//14401 2387//14402 2391//14403
f 2381//14404 2388//14405 2391//14406
f 2386//14407 2385//14408 2382//14409
f 2391//14410 2386//14411 2382//14412
f 2378//14413 2384//14414 2379//14415
f 2382//14416 2383//14417 2413//14418
f 2391//14419 2382//14420 2413//14421
f 2355//14422 2356//14423 2353//14424
f 2411//14425 2355//14426 2353//14427
f 2411//14428 2353//14429 2354//14430
f 2354//14431 2352//14432 2351//14433
f 2351//14434 2349//14435 2350//14436
f 2350//14437 2348//14438 2340//14439
f 2342//14440 2347//14441 2346//14442
f 2338//14443 2339//14444 2374//14445
f 2365//14446 2338//14447 2374//14448
f 2336//14449 2337//14450 2366//14451
f 2375//14452 2336//14453 2366//14454
f 2350//14455 2340//14456 2341//14457
f 2350//14458 2341//14459 2342//14460
f 2350//14461 2342//14462 2346//14463
f 2344//14464 2343//14465 2357//14466
f 2346//14467 2345//14468 2344//14469
f 2357//14470 2358//14471 2360//14472
f 2357//14473 2360//14474 2359//14475
f 2357//14476 2359//14477 2361//14478
f 2357//14479 2361//14480 2362//14481
f 2357//14482 2362//14483 2363//14484
f 2357//14485 2363//14486 2364//14487
f 2357//14488 2364//14489 2365//14490
f 2357//14491 2365//14492 2374//14493
f 2375//14494 2366//14495 2372//14496
f 2369//14497 2368//14498 2367//14499
f 2369//14500 2367//14501 2377//14502
f 2371//14503 2369//14504 2377//14505
f 2372//14506 2370//14507 2371//14508
f 2372//14509 2371//14510 2377//14511
f 2375//14512 2372//14513 2377//14514
f 2357//14515 2374//14516 2373//14517
f 2357//14518 2373//14519 2375//14520
f 2357//14521 2375//14522 2377//14523
f 2357//14524 2377//14525 2376//14526
f 2357//14527 2376//14528 2378//14529
f 2357//14530 2378//14531 2379//14532
f 2357//14533 2379//14534 2380//14535
f 2357//14536 2380//14537 2381//14538
f 2357//14539 2381//14540 2391//14541
f 2391//14542 2413//14543 2411//14544
f 2391//14545 2411//14546 2354//14547
f 2357//14548 2391//14549 2354//14550
f 2344//14551 2357//14552 2354//14553
f 2344//14554 2354//14555 2351//14556
f 2344//14557 2351//14558 2350//14559
f 2344//14560 2350//14561 2346//14562

# End of OBJ file